101311,Gekkonidae
1032549,Sciuridae
1037811,Cicadidae
1038122,Cicadidae
1038868,Cicadidae
1044390,Cicadidae
1047733,Tarsiidae
105098,Cicadidae
105099,Cicadidae
1051220,Cicadidae
1064527,Tarsiidae
1065776,Cicadidae
1065777,Cicadidae
1067837,Cicadidae
1068194,Cicadidae
1070741,Cercopithecidae
1071032,Cercopithecidae
1071035,Cercopithecidae
1071036,Cercopithecidae
1075514,Cercopithecidae
1076668,Cicadidae
1076872,Mormoopidae
1090003,Cicadidae
1098070,Cicadidae
1099566,Rhacophoridae
1102769,Molossidae
1104210,Cicadidae
1104627,Molossidae
1106581,Cicadidae
1106813,Cicadidae
1107835,Gryllidae
1112426,Hylidae
1115724,Cicadidae
1116233,Cicadidae
1116723,Cicadidae
1118599,Petauridae
1119619,Cicadidae
1120331,Cicadidae
1121926,Cicadidae
1123461,Cicadidae
1125828,Rhacophoridae
1126478,Tettigoniidae
1127568,Galagidae
112853,Delphinidae
1142934,Cicadidae
1145877,Rhacophoridae
1146656,Eleutherodactylidae
1147620,Cicadidae
1151010,Cicadidae
1154493,Cicadidae
1158197,Cicadidae
1161364,Cicadidae
1163657,Cicadidae
116703,Acrididae
1169252,Cicadidae
117313,Acrididae
1176764,Ranidae
1176823,Leptodactylidae
1176929,Rhacophoridae
118552,Felidae
118894,Gryllotalpidae
1189320,Cicadidae
118951,Tettigoniidae
118961,Tettigoniidae
118970,Apidae
1192974,Vespertilionidae
119405,Caviidae
119925,Cicadidae
119926,Cicadidae
119928,Cicadidae
120032,Gryllidae
1204516,Mogoplistidae
120480,Mogoplistidae
120785,Pyxicephalidae
120791,Dicroglossidae
121026,Camelidae
1210965,Canidae
1210966,Canidae
121578,Bovidae
122041,Tettigoniidae
122193,Gryllidae
122214,Passalidae
123070,Bovidae
1232787,Cicadidae
1236992,Cicadidae
1238088,Gryllidae
1238089,Gryllidae
1238100,Gryllidae
1250330,Hyperoliidae
1250539,Bufonidae
1251425,Hylidae
1251594,Gryllidae
1257169,Cicadidae
126247,Leptodactylidae
1264418,Mustelidae
1264427,Mustelidae
1264430,Mustelidae
1264431,Mustelidae
1264432,Mustelidae
1270650,Trigonidiidae
127182,Tettigoniidae
127308,Acrididae
1273308,Pyxicephalidae
1273326,Hylidae
1275964,Procaviidae
1279885,Sciuridae
1279886,
1279889,Sciuridae
1279890,Sciuridae
1279893,Sciuridae
1279897,Gliridae
1289591,Phalacrocoracidae
129135,Gryllidae
129136,Gryllidae
129233,Gryllidae
129244,Trigonidiidae
129250,Tettigoniidae
129260,Tettigoniidae
129261,Tettigoniidae
130354,Tettigoniidae
130356,Gryllidae
131035,Tettigoniidae
1319807,Ranidae
132070,Tettigoniidae
132319,Acrididae
132419,Acrididae
133220,Gryllidae
133250,Tettigoniidae
134277,Microhylidae
134631,Hylidae
134693,Bufonidae
134709,Dicroglossidae
134725,Centrolenidae
134788,Rhacophoridae
134841,Microhylidae
134933,Centrolenidae
134934,Alsodidae
134935,Dicroglossidae
134940,Hyperoliidae
134941,Hyperoliidae
134942,Hyperoliidae
134946,Microhylidae
134948,Leptodactylidae
134958,Phrynobatrachidae
134964,Odontophrynidae
134972,Rhacophoridae
1349846,Phalangopsidae
135011,Leptodactylidae
135012,Leptodactylidae
135018,Leptodactylidae
135020,Leptodactylidae
135022,Leptodactylidae
135027,Phyllomedusidae
135045,Dendrobatidae
135060,Bufonidae
135111,Leptodactylidae
1351388,Vespertilionidae
135147,Centrolenidae
1357183,Megophryidae
1360980,Trigonidiidae
1368498,Pitheciidae
1368503,Cercopithecidae
1368519,Cebidae
1368523,Cebidae
1368625,Callitrichidae
1368626,Callitrichidae
1368627,Callitrichidae
1369209,Atelidae
1369287,Pitheciidae
1369291,Cebidae
1369292,Cebidae
1369296,Cebidae
1369297,Cebidae
1369301,Cebidae
1369303,Cercopithecidae
1369306,Cercopithecidae
1369307,Cercopithecidae
1369308,Cercopithecidae
1369312,Cercopithecidae
1370800,Molossidae
1370802,Molossidae
1370811,Molossidae
1370812,Vespertilionidae
1370817,Miniopteridae
1370825,Molossidae
1370852,Hipposideridae
1370990,Molossidae
1394448,Cicadidae
1394449,Cicadidae
1394450,Cicadidae
1394451,Cicadidae
1397832,Cicadidae
1402618,Ranidae
1402636,Myobatrachidae
1402638,Limnodynastidae
1415019,Tettigoniidae
1415020,Tettigoniidae
141737,Tettigoniidae
1418842,Callitrichidae
1419841,Vespertilionidae
1421190,Rhinolophidae
1423556,
1423577,Dicroglossidae
1424274,Trigonidiidae
1425890,Rhinolophidae
1430965,Molossidae
1431007,Bovidae
1431030,Vespertilionidae
1431031,Vespertilionidae
1431034,Vespertilionidae
1431041,Vespertilionidae
1431049,Vespertilionidae
1431066,Molossidae
1431073,Molossidae
1431098,Mormoopidae
1431125,Pteropodidae
1431239,Cricetidae
1431274,Cricetidae
1431305,Pitheciidae
1431331,Bovidae
1431348,Molossidae
1431360,Molossidae
143151,Tettigoniidae
1431533,Didelphidae
1431556,Vespertilionidae
1431559,Vespertilionidae
1431867,Bovidae
1431872,Procyonidae
143387,Trigonidiidae
143905,Tettigoniidae
1446183,Tettigoniidae
1447719,Cicadidae
1449342,Odontophrynidae
1450550,Vespertilionidae
1453013,Bufonidae
1453432,Macropodidae
1453917,Mormoopidae
1458045,Muridae
1462603,Eleutherodactylidae
1463115,Cicadidae
146737,Gryllidae
146891,Trigonidiidae
147030,Gryllidae
1472419,Petauridae
1474784,Cicadidae
147950,Tettigoniidae
148030,Equidae
1483621,Trigonidiidae
1490570,Didelphidae
149151,Trigonidiidae
1496502,Cicadidae
1497661,Cicadidae
1497663,Cicadidae
1497665,Cicadidae
1497666,Cicadidae
1497668,Cicadidae
1497672,Cicadidae
1497673,Cicadidae
1501031,Tettigoniidae
1501181,Romaleidae
1511713,Sciuridae
1530402,Hylidae
1530406,Hylidae
1530452,Myobatrachidae
1530457,Hylidae
153212,Tettigoniidae
153391,Acrididae
153394,Acrididae
153455,Gryllidae
153489,Tettigoniidae
1541549,Eleutherodactylidae
154340,Gryllidae
1545223,Limnodynastidae
1546001,
154605,Gryllidae
154672,Tettigoniidae
155238,Tettigoniidae
155330,Rhinopomatidae
1558164,Ranidae
1562178,Delphinidae
1568140,Callitrichidae
1572860,
1572871,
1573649,
1575139,Cricetidae
1578502,Tytonidae
1578907,
1579517,Cicadidae
1579518,Cicadidae
1580084,Tettigoniidae
1583558,Lybiidae
1583576,Lybiidae
1583707,
1585475,Monarchidae
1585829,Campephagidae
1585836,Campephagidae
1585845,Campephagidae
1585850,Campephagidae
1585852,Campephagidae
1594889,
1594913,
1594925,Cicadidae
1594929,Cicadidae
1595931,Hylidae
1596108,Mustelidae
1596110,Dytiscidae
1596114,Vespertilionidae
1596115,Vespertilionidae
1596121,Vespertilionidae
1596123,Vespertilionidae
1596124,Vespertilionidae
1596127,Vespertilionidae
1596130,Vespertilionidae
1596132,Vespertilionidae
1596135,Vespertilionidae
1596136,Vespertilionidae
1596137,Vespertilionidae
1596234,
1603044,Trigonidiidae
1603072,Tettigoniidae
1603483,Gryllidae
1609312,Cicadidae
1614864,Ranidae
1619039,Sciuridae
1621324,
1629047,Alytidae
1632436,
1632443,
1632446,
1632450,
1632452,Pelodryadidae
1632550,Pelodryadidae
1632554,Pelodryadidae
1632558,Pelodryadidae
1632559,Pelodryadidae
1632579,Pelodryadidae
1632582,Pelodryadidae
1632583,Pelodryadidae
1632586,Pelodryadidae
1632587,Pelodryadidae
1632589,Pelodryadidae
1632703,Pelodryadidae
1633145,Pelodryadidae
1633155,Pelodryadidae
1633156,Pelodryadidae
1633158,Pelodryadidae
1633164,Pelodryadidae
1633168,Pelodryadidae
1633169,Pelodryadidae
1633186,Pelodryadidae
1633207,
1633210,
1636853,Cicadidae
1636854,Cicadidae
1638835,Mustelidae
1638842,Mustelidae
1641421,Pteropodidae
1641936,Cebidae
1641983,
1642450,Gryllidae
1647419,Dasypodidae
1647420,Dasypodidae
1649315,Cicadidae
1649438,
1649439,
1650286,
1650287,
1651012,Thraupidae
1651310,Thraupidae
1651801,Formicariidae
1651903,Tyrannidae
1652206,Vireonidae
1658277,Pelodryadidae
1658294,Pelodryadidae
1658296,Pelodryadidae
1665886,
1665893,
1665894,
1665897,
1666304,Cicadidae
1668858,Hylidae
1668859,Hylidae
1668922,Hylidae
1668923,Hylidae
1668924,Hylidae
1668926,Hylidae
1668927,Hylidae
1668952,Hylidae
1668953,Hylidae
1668962,Hylidae
1668963,Hylidae
1668965,Hylidae
1668966,Hylidae
1668969,Hylidae
1669415,Cicadidae
1669874,
1672269,Phalangeridae
176579,Cicadidae
176581,Cicadidae
179937,Sciuridae
179981,Sciuridae
179982,Sciuridae
179987,Sciuridae
179988,Sciuridae
179992,Sciuridae
179993,Sciuridae
179994,Sciuridae
179995,Sciuridae
179996,Sciuridae
179998,Sciuridae
179999,Sciuridae
180001,Sciuridae
180002,Sciuridae
180004,Sciuridae
180007,Sciuridae
180008,Sciuridae
180010,Sciuridae
183164,Vespertilionidae
183166,Vespertilionidae
183175,Rhinolophidae
183176,Hipposideridae
197781,Felidae
197791,Erethizontidae
197809,Sciuridae
197810,Sciuridae
199793,Hylidae
199795,Hylidae
203449,Tettigoniidae
204113,Cervidae
204114,Cervidae
205176,Cicadidae
205335,Tettigoniidae
205489,Cicadidae
205857,Trigonidiidae
207999,Cicadidae
208003,Cicadidae
208004,Cicadidae
208006,Cicadidae
208007,Cicadidae
208008,Cicadidae
208009,Cicadidae
208010,Cicadidae
208011,Cicadidae
208012,Cicadidae
208179,Cicadidae
208180,Cicadidae
208181,Cicadidae
208182,Cicadidae
208183,Cicadidae
208185,Cicadidae
208187,Cicadidae
208191,Cicadidae
208193,Cicadidae
208197,Cicadidae
208198,Cicadidae
209233,Equidae
210400,Vespertilionidae
210942,Tettigoniidae
21108,Dendrobatidae
21211,Aromobatidae
21231,Centrolenidae
21277,Centrolenidae
213029,Trigonidiidae
21324,Centrolenidae
213322,Tettigoniidae
213323,Tettigoniidae
213545,Trigonidiidae
214585,Tettigoniidae
214956,Cicadidae
216777,Acrididae
21861,Bufonidae
22028,Limnodynastidae
22033,Limnodynastidae
22035,Limnodynastidae
22036,Limnodynastidae
22038,Limnodynastidae
22039,Limnodynastidae
22040,Limnodynastidae
22042,Limnodynastidae
22046,Limnodynastidae
22058,Limnodynastidae
22066,Myobatrachidae
22084,Limnodynastidae
22333,Eleutherodactylidae
223651,Acrididae
22392,Eleutherodactylidae
22445,Eleutherodactylidae
22454,Eleutherodactylidae
22540,Eleutherodactylidae
225597,Tettigoniidae
225598,Tettigoniidae
225599,Tettigoniidae
225601,Tettigoniidae
225602,Tettigoniidae
225603,Tettigoniidae
225604,Tettigoniidae
225605,Tettigoniidae
225607,Gryllotalpidae
225673,Trigonidiidae
225740,Sciuridae
225741,Sciuridae
225743,Sciuridae
225745,Sciuridae
225746,Sciuridae
225749,Sciuridae
225750,Sciuridae
225751,Sciuridae
225752,Sciuridae
225753,Sciuridae
225754,Sciuridae
225755,Sciuridae
225756,Sciuridae
225757,Sciuridae
225793,Gryllidae
22601,Eleutherodactylidae
22616,Eleutherodactylidae
226219,Gryllidae
226220,Gryllidae
226221,Gryllidae
226222,Gryllidae
22631,Eleutherodactylidae
226527,Tettigoniidae
226531,Tettigoniidae
22739,Eleutherodactylidae
22761,Eleutherodactylidae
22770,Eleutherodactylidae
22771,Eleutherodactylidae
22849,Ceratophryidae
22930,Leptodactylidae
22933,Leptodactylidae
22939,Leptodactylidae
22951,Leptodactylidae
22955,Leptodactylidae
22956,Leptodactylidae
22957,Leptodactylidae
22960,Leptodactylidae
22961,Leptodactylidae
22967,Leptodactylidae
22968,Leptodactylidae
22973,Leptodactylidae
22974,Leptodactylidae
22976,Leptodactylidae
22979,Leptodactylidae
22981,Leptodactylidae
22983,Leptodactylidae
22984,Leptodactylidae
22992,Hylodidae
230718,Tettigoniidae
230720,Tettigoniidae
23112,Alsodidae
23124,Leptodactylidae
23126,Leptodactylidae
23132,Leptodactylidae
23134,Leptodactylidae
23136,Leptodactylidae
23144,Leptodactylidae
23152,Leptodactylidae
23154,Leptodactylidae
23158,Leptodactylidae
231723,Acrididae
231724,Acrididae
23174,Leptodactylidae
23201,Batrachylidae
23202,Batrachylidae
23203,Batrachylidae
23214,Leptodactylidae
23222,Batrachylidae
23285,Hyperoliidae
23302,Hyperoliidae
23310,Hyperoliidae
23323,Hyperoliidae
23327,Hyperoliidae
23328,Hyperoliidae
23331,Hyperoliidae
23338,Hyperoliidae
23341,Hyperoliidae
23342,Hyperoliidae
233598,Canidae
23363,Hyperoliidae
23366,Hyperoliidae
23369,Hyperoliidae
23370,Hyperoliidae
23407,Arthroleptidae
23431,Arthroleptidae
23439,Arthroleptidae
23450,Hyperoliidae
23455,Hyperoliidae
23466,Hyperoliidae
23470,Hyperoliidae
23512,Hyperoliidae
23528,Hyperoliidae
23647,Pelodryadidae
23654,Pelodryadidae
23702,Phyllomedusidae
23735,Phyllomedusidae
23798,Hylidae
23909,Hylidae
23922,Hylidae
23968,Hylidae
23998,Hylidae
24045,Hylidae
24132,Hemiphractidae
24175,Hylidae
24182,Hylidae
24230,Hylidae
24233,Hylidae
24254,Hylidae
24255,Hylidae
24256,Hylidae
24257,Hylidae
24258,Hylidae
24259,Hylidae
24261,Hylidae
24262,Hylidae
24263,Hylidae
24265,Hylidae
24266,Hylidae
24267,Hylidae
24268,Hylidae
24272,Hylidae
24275,Hylidae
24277,Hylidae
24279,Hylidae
24285,Hylidae
24287,Hylidae
24288,Hylidae
24293,Hylidae
24322,Hylidae
24323,Hylidae
24324,Hylidae
24354,Hylidae
24357,Hylidae
24359,Hylidae
24362,Hylidae
24363,Hylidae
24379,Hylidae
24382,Hylidae
243957,Cicadidae
243961,Cicadidae
243987,Cicadidae
243991,Cicadidae
244000,Cicadidae
244001,Cicadidae
244007,Cicadidae
244008,Cicadidae
244011,Cicadidae
244012,Cicadidae
244015,Cicadidae
244017,Cicadidae
244023,Cicadidae
244024,Cicadidae
24411,Hylidae
24412,Hylidae
244334,Cicadidae
244335,Cicadidae
244336,Cicadidae
24436,Hylidae
24443,Hylidae
24457,Hemisotidae
24470,Heleophrynidae
24473,Alytidae
24475,Alytidae
24495,Bombinatoridae
24501,Bombinatoridae
24583,Arthroleptidae
245958,Vespertilionidae
245959,Vespertilionidae
24771,Microhylidae
24826,Microhylidae
24832,Microhylidae
24899,Microhylidae
24914,Microhylidae
24915,Microhylidae
24990,Brevicipitidae
24992,Brevicipitidae
24994,Brevicipitidae
24998,Brevicipitidae
24999,Brevicipitidae
25000,Brevicipitidae
25001,Brevicipitidae
25002,Brevicipitidae
25003,Brevicipitidae
25078,Microhylidae
25092,Microhylidae
25180,Microhylidae
25183,Microhylidae
25185,Microhylidae
25224,Myobatrachidae
25225,Myobatrachidae
25231,Myobatrachidae
25232,Myobatrachidae
25233,Myobatrachidae
25234,Myobatrachidae
25235,Myobatrachidae
25236,Myobatrachidae
25237,Myobatrachidae
25238,Myobatrachidae
25240,Myobatrachidae
25243,Myobatrachidae
25246,Myobatrachidae
25248,Myobatrachidae
25250,Myobatrachidae
25251,Myobatrachidae
25253,Myobatrachidae
25254,Myobatrachidae
25257,Myobatrachidae
25258,Myobatrachidae
25260,Myobatrachidae
25261,Myobatrachidae
25278,Myobatrachidae
25281,Myobatrachidae
25302,Myobatrachidae
25312,Pelobatidae
25316,Pelodytidae
25321,Pyxicephalidae
25322,Pyxicephalidae
25324,Pyxicephalidae
25325,Pyxicephalidae
25328,Pyxicephalidae
25340,Phrynobatrachidae
25350,Phrynobatrachidae
25369,Phrynobatrachidae
25383,Phrynobatrachidae
25408,Pyxicephalidae
25409,Pyxicephalidae
25411,Pyxicephalidae
25413,Pyxicephalidae
25415,Pyxicephalidae
25430,Pyxicephalidae
25432,Pyxicephalidae
25488,Ranidae
25523,Ranidae
25545,Ranidae
25591,Ranidae
256584,Tettigoniidae
25669,Ranidae
256700,Gryllidae
256704,Trigonidiidae
256707,Gryllidae
25744,Ptychadenidae
25763,Ptychadenidae
25778,Ptychadenidae
25782,Ptychadenidae
25801,Pyxicephalidae
25806,Pyxicephalidae
25859,Dicroglossidae
25861,Dicroglossidae
25935,Dicroglossidae
26053,Dicroglossidae
26093,Dicroglossidae
26159,Alligatoridae
26212,Pyxicephalidae
26214,Pyxicephalidae
26218,Pyxicephalidae
26258,Dicroglossidae
26261,Dicroglossidae
26310,Rhacophoridae
26350,Rhacophoridae
26426,Rhacophoridae
26433,Rhacophoridae
26555,Rhacophoridae
26571,Rhacophoridae
26592,Rhacophoridae
26608,Rhacophoridae
26651,Rhacophoridae
26652,Rhacophoridae
26656,Rhacophoridae
26686,Rhinophrynidae
26691,Scaphiopodidae
26693,Scaphiopodidae
26695,Scaphiopodidae
26698,Scaphiopodidae
26699,Scaphiopodidae
26702,Scaphiopodidae
26704,Scaphiopodidae
29044,Colubridae
30746,Viperidae
30764,Viperidae
318470,Tettigoniidae
319688,Camelidae
319989,Cicadidae
320633,Rhinolophidae
322156,Cicadidae
322493,Cicadidae
322911,Gryllidae
322912,Gryllidae
322913,Gryllidae
322919,Gryllidae
322920,Gryllidae
322923,Gryllidae
322924,Gryllidae
322925,Gryllidae
322926,Gryllidae
322927,Gryllidae
324893,Trigonidiidae
325322,Tettigoniidae
325363,Cicadidae
325998,Procyonidae
326023,Cercopithecidae
326091,Tettigoniidae
326272,Leptodactylidae
326296,Bufonidae
326303,Microhylidae
326305,Arthroleptidae
326457,Gryllidae
332307,Gryllidae
332338,Canidae
332407,Tettigoniidae
333564,Acrididae
335580,Acrididae
337316,Cicadidae
338135,Ramphastidae
338194,Apidae
338215,Cicadidae
338535,Acrididae
338899,Cicadidae
338901,Cicadidae
33891,Gekkonidae
340425,Acrididae
342370,Cicadidae
342372,Cicadidae
342379,Cicadidae
342384,Cicadidae
342403,Cicadidae
34615,Gekkonidae
347888,Tettigoniidae
348607,Tettigoniidae
354713,Gryllotalpidae
355995,Cicadidae
356115,Miniopteridae
356418,Cicadidae
357378,Tettigoniidae
357910,Elephantidae
358234,Gryllidae
358847,Cicadidae
358848,Cicadidae
359390,Cicadidae
360028,Trigonidiidae
360353,Scarabaeidae
360851,Cicadidae
360877,Cicadidae
361905,Cicadidae
362292,Tettigoniidae
362293,Tettigoniidae
362296,Trigonidiidae
362307,Acrididae
362311,Acrididae
362312,Acrididae
362341,Cicadidae
362371,Tettigoniidae
362756,Cicadidae
363817,Tettigoniidae
363972,Tettigoniidae
369157,Cuculidae
369188,Cicadidae
369803,Tettigoniidae
370399,Tytonidae
371315,Acrididae
371382,Tettigoniidae
371757,Tettigoniidae
372673,Tettigoniidae
387844,Tettigoniidae
394050,Mogoplistidae
397920,Gryllidae
399272,Mustelidae
40166,Dasyuridae
40169,Dasyuridae
40179,Dasyuridae
40187,Dasyuridae
40232,Dasyuridae
40273,Vespertilionidae
40281,Vespertilionidae
40283,Vespertilionidae
40284,Vespertilionidae
40286,Vespertilionidae
40290,Vespertilionidae
40291,Vespertilionidae
40292,Vespertilionidae
40293,Vespertilionidae
40296,Vespertilionidae
40301,Vespertilionidae
40307,Vespertilionidae
40308,Vespertilionidae
40312,Vespertilionidae
40314,Vespertilionidae
40316,Vespertilionidae
40317,Vespertilionidae
40323,Vespertilionidae
40325,Vespertilionidae
40335,Vespertilionidae
40341,Vespertilionidae
40342,Vespertilionidae
40344,Vespertilionidae
40346,Vespertilionidae
40347,Vespertilionidae
40348,Vespertilionidae
40349,Vespertilionidae
40350,Vespertilionidae
40352,Vespertilionidae
40354,Vespertilionidae
40364,Vespertilionidae
40376,Vespertilionidae
40383,Vespertilionidae
40384,Vespertilionidae
40391,Vespertilionidae
40394,Vespertilionidae
40410,Vespertilionidae
40415,Vespertilionidae
40416,Vespertilionidae
40432,Vespertilionidae
40436,Vespertilionidae
40446,Vespertilionidae
40449,Vespertilionidae
40509,Vespertilionidae
40513,Vespertilionidae
40517,Vespertilionidae
40521,Vespertilionidae
40522,Vespertilionidae
40523,Vespertilionidae
40526,Vespertilionidae
40527,Vespertilionidae
40534,Vespertilionidae
40540,Vespertilionidae
40543,Vespertilionidae
40544,Vespertilionidae
40546,Vespertilionidae
40550,Vespertilionidae
40552,Vespertilionidae
40569,Vespertilionidae
40572,Vespertilionidae
40573,Vespertilionidae
40574,Vespertilionidae
40575,Vespertilionidae
40576,Vespertilionidae
40581,Vespertilionidae
40591,Miniopteridae
40592,Miniopteridae
40614,Vespertilionidae
40621,Vespertilionidae
40629,Vespertilionidae
40631,Vespertilionidae
40633,Thyropteridae
40640,Rhinopomatidae
40645,Rhinolophidae
40646,Rhinolophidae
40654,Rhinolophidae
40661,Rhinolophidae
40670,Rhinolophidae
40673,Rhinolophidae
40676,Rhinolophidae
40677,Rhinolophidae
40679,Rhinolophidae
40686,Rhinolophidae
40692,Rhinolophidae
40693,Rhinolophidae
40694,Rhinolophidae
40695,Rhinolophidae
40702,Rhinolophidae
40717,Hipposideridae
40719,Hipposideridae
40723,Hipposideridae
40792,Pteropodidae
40811,Pteropodidae
40812,Pteropodidae
40827,Pteropodidae
40828,Pteropodidae
40843,Pteropodidae
40848,Pteropodidae
40850,Pteropodidae
40868,Pteropodidae
40871,Pteropodidae
40872,Pteropodidae
40884,Pteropodidae
40887,Pteropodidae
40892,Pteropodidae
40898,Pteropodidae
40901,Pteropodidae
40902,Pteropodidae
40905,Pteropodidae
40908,Pteropodidae
40911,Pteropodidae
40913,Pteropodidae
40918,Pteropodidae
41005,Phyllostomidae
41006,Phyllostomidae
410558,Dinornithidae
410758,Tettigoniidae
41078,Phyllostomidae
410834,Cebidae
41090,Phyllostomidae
41110,Phyllostomidae
41117,Phyllostomidae
41143,Phyllostomidae
41147,Phyllostomidae
41152,Phyllostomidae
41168,Phyllostomidae
41171,Phyllostomidae
41199,Noctilionidae
41200,Noctilionidae
41204,Natalidae
41219,Mormoopidae
41220,Mormoopidae
41222,Mormoopidae
41224,Mormoopidae
41250,Molossidae
41254,Molossidae
41274,Molossidae
41277,Molossidae
41283,Molossidae
41292,Molossidae
41298,Molossidae
41300,Molossidae
41301,Molossidae
41303,Molossidae
41304,Molossidae
41312,Molossidae
41314,Molossidae
41315,Molossidae
41336,Emballonuridae
41337,Emballonuridae
41338,Emballonuridae
41339,Emballonuridae
41342,Emballonuridae
41343,Emballonuridae
41344,Emballonuridae
41348,Emballonuridae
41349,Emballonuridae
41353,Emballonuridae
41365,Emballonuridae
41366,Emballonuridae
41369,Emballonuridae
41376,Emballonuridae
41381,Emballonuridae
41387,Emballonuridae
41392,Emballonuridae
41394,Emballonuridae
41396,Emballonuridae
41461,Monodontidae
41478,Eschrichtiidae
41482,Delphinidae
41494,Delphinidae
41503,Delphinidae
41521,Delphinidae
41524,Delphinidae
41529,Delphinidae
41539,Delphinidae
415407,Tettigoniidae
415442,Gryllidae
41549,Balaenopteridae
41562,Balaenopteridae
41566,Balaenopteridae
41570,Balaenidae
41571,Balaenidae
41578,Eupleridae
41625,Viverridae
41638,Ursidae
41641,Ursidae
41657,Ursidae
41659,Ursidae
41663,Procyonidae
41667,Procyonidae
41670,Procyonidae
41673,Procyonidae
41675,Procyonidae
41676,Procyonidae
41678,Procyonidae
41700,Phocidae
41702,Phocidae
41708,Phocidae
41720,Phocidae
41728,Phocidae
41729,Phocidae
41731,Phocidae
41733,Phocidae
41738,Otariidae
41740,Otariidae
41742,Otariidae
41751,Otariidae
41752,Otariidae
41755,Otariidae
41757,Otariidae
41761,Otariidae
41774,Mustelidae
41777,Mustelidae
41778,Mustelidae
41789,Mustelidae
41791,Mustelidae
41795,Mustelidae
41796,Mustelidae
41797,Mustelidae
41798,Mustelidae
41800,Mustelidae
41808,Mustelidae
41809,Mustelidae
41812,Mustelidae
41824,Mustelidae
41845,Mustelidae
41850,Mustelidae
41860,Mustelidae
41877,Mephitidae
418799,Tettigoniidae
41879,Mephitidae
41880,Mephitidae
41882,Mephitidae
41886,Hyaenidae
41888,Hyaenidae
41900,Herpestidae
41906,Herpestidae
41919,Herpestidae
41921,Herpestidae
41937,Herpestidae
41939,Herpestidae
41943,Herpestidae
41955,Felidae
41963,Felidae
41964,Felidae
41967,Felidae
41970,Felidae
41971,Felidae
41974,Felidae
41975,Felidae
41976,Felidae
41979,Felidae
41988,Felidae
41997,Felidae
42007,Felidae
42048,Canidae
42051,Canidae
42052,Canidae
42055,Canidae
42057,Canidae
42069,Canidae
42070,Canidae
42076,Canidae
42077,Canidae
42087,Canidae
42091,Canidae
42093,Canidae
42095,Canidae
42097,Canidae
42101,Canidae
42113,Tayassuidae
42115,Tayassuidae
42134,Suidae
42138,Suidae
42139,Suidae
42144,Moschidae
42149,Hippopotamidae
42156,Giraffidae
42161,Cervidae
42166,Cervidae
42169,Cervidae
42171,Cervidae
42183,Cervidae
42184,Cervidae
42186,Cervidae
42187,Cervidae
42193,Cervidae
42199,Cervidae
42210,Cervidae
42220,Cervidae
42223,Cervidae
42230,Cervidae
42240,Camelidae
42255,Bovidae
42278,Bovidae
42280,Bovidae
42305,Bovidae
42306,Bovidae
42326,Bovidae
42329,Bovidae
42334,Bovidae
42336,Bovidae
42338,Bovidae
42339,Bovidae
42341,Bovidae
42347,Bovidae
42350,Bovidae
42357,Bovidae
423656,Canidae
423693,Tettigoniidae
42384,Bovidae
42391,Bovidae
42405,Bovidae
42408,Bovidae
424147,Hylidae
42414,Bovidae
42418,Bovidae
42422,Bovidae
424254,Vespertilionidae
42429,Antilocapridae
424371,Tettigoniidae
424676,Ranidae
424999,Cicadidae
42543,Didelphidae
42550,Didelphidae
42557,Didelphidae
42649,Didelphidae
42652,Didelphidae
42657,Didelphidae
42658,Didelphidae
42663,Didelphidae
42715,Acrobatidae
42722,Petauridae
42729,Petauridae
42733,Petauridae
42775,Pseudocheiridae
42783,Pseudocheiridae
42807,Phalangeridae
42808,Phalangeridae
42809,Phalangeridae
42838,Phalangeridae
42881,Macropodidae
42888,Macropodidae
42931,Macropodidae
42961,Macropodidae
42968,Macropodidae
42970,Macropodidae
429727,Tettigoniidae
42983,Phascolarctidae
42988,Potoroidae
43000,Potoroidae
43009,Vombatidae
43024,Erinaceidae
43042,Erinaceidae
43048,Erinaceidae
43086,Procaviidae
43088,Procaviidae
43091,Procaviidae
43092,Procaviidae
43093,Procaviidae
43102,Leporidae
43111,Leporidae
43128,Leporidae
43132,Leporidae
43151,Leporidae
43175,Ochotonidae
43178,Ochotonidae
43180,Ochotonidae
43188,Ochotonidae
43197,Ochotonidae
43199,Ochotonidae
43224,Macroscelididae
43236,Ornithorhynchidae
43239,Tachyglossidae
43294,Peramelidae
43301,Peramelidae
43306,Peramelidae
43335,Equidae
43345,Rhinocerotidae
43348,Rhinocerotidae
43353,Tapiridae
43354,Tapiridae
43355,Tapiridae
433701,Tettigoniidae
43372,Callitrichidae
43373,Callitrichidae
43374,Callitrichidae
43375,Callitrichidae
43377,Callitrichidae
43378,Callitrichidae
43380,Callitrichidae
43381,Callitrichidae
43382,Callitrichidae
43384,Callitrichidae
43385,Callitrichidae
43386,Callitrichidae
43387,Callitrichidae
43388,Callitrichidae
43389,Callitrichidae
43390,Callitrichidae
43391,Callitrichidae
43394,Callitrichidae
43395,Callitrichidae
43396,Callitrichidae
43404,Atelidae
43406,Atelidae
43407,Atelidae
43408,Atelidae
43409,Atelidae
43410,Atelidae
43411,Atelidae
43414,Aotidae
43417,Aotidae
43418,Aotidae
43422,Aotidae
43425,Cebidae
43426,Cebidae
43428,Cebidae
43432,Cebidae
43435,Atelidae
43436,Atelidae
43438,Atelidae
43439,Atelidae
43441,Atelidae
43445,Cercopithecidae
43446,Cercopithecidae
43448,Cercopithecidae
43449,Cercopithecidae
43450,Cercopithecidae
43451,Cercopithecidae
43452,Cercopithecidae
43454,Cercopithecidae
43455,Cercopithecidae
43456,Cercopithecidae
43457,Cercopithecidae
43458,Cercopithecidae
43459,Cercopithecidae
43460,Cercopithecidae
43462,Cercopithecidae
43464,Cercopithecidae
43466,Cercopithecidae
43473,Cercopithecidae
43474,Cercopithecidae
43477,Cercopithecidae
43480,Cercopithecidae
43485,Cercopithecidae
43486,Cercopithecidae
43488,Cercopithecidae
43494,Cercopithecidae
43496,Cercopithecidae
43497,Cercopithecidae
43498,Cercopithecidae
43502,Cercopithecidae
43504,Cercopithecidae
43506,Cercopithecidae
43507,Cercopithecidae
43517,Cercopithecidae
43526,Cercopithecidae
43530,Cercopithecidae
43532,Cercopithecidae
43533,Cercopithecidae
43538,Cercopithecidae
43540,Cercopithecidae
43549,Cheirogaleidae
43561,Galagidae
43565,Galagidae
43567,Galagidae
43568,Galagidae
43573,Galagidae
43577,Hominidae
43578,Hominidae
43580,Hominidae
43582,Hominidae
43584,Hominidae
43588,Hylobatidae
43592,Hylobatidae
43593,Hylobatidae
43596,Hylobatidae
43600,Indriidae
43603,Indriidae
43604,Indriidae
43606,Indriidae
43609,Lemuridae
43613,Lemuridae
43615,Lemuridae
43617,Lemuridae
43650,Pitheciidae
43657,Pitheciidae
43658,Pitheciidae
43662,Pitheciidae
43676,Pitheciidae
43683,Pitheciidae
43694,Elephantidae
43697,Elephantidae
43712,Dasyproctidae
43721,Dasyproctidae
43769,Capromyidae
437733,Gryllidae
43793,Castoridae
43794,Castoridae
43799,Caviidae
43802,Caviidae
43808,Caviidae
43813,Caviidae
43824,Chinchillidae
43832,Ctenodactylidae
43918,Echimyidae
43920,Echimyidae
43937,Echimyidae
43997,Myocastoridae
44026,Erethizontidae
44027,Geomyidae
44093,Heteromyidae
44171,Hystricidae
44172,Hystricidae
44262,Cricetidae
44280,Cricetidae
44282,Cricetidae
44306,Cricetidae
44311,Cricetidae
44316,Cricetidae
44319,Cricetidae
44326,Cricetidae
44395,Cricetidae
44396,Cricetidae
44416,Cricetidae
44431,Cricetidae
44570,Muridae
44575,Muridae
44576,Muridae
44688,Muridae
44705,Muridae
44749,Cricetidae
44761,Cricetidae
447778,Cicadidae
44820,Cricetidae
44902,Cricetidae
44919,Cricetidae
44950,Cricetidae
44972,Nesomyidae
45026,Spalacidae
450370,Cicadidae
452768,Trigonidiidae
45292,Muridae
453109,Mustelidae
453111,Mustelidae
45316,Muridae
45361,Muridae
454573,Cicadidae
454805,Prophalangopsidae
45562,Muridae
45665,Muridae
45691,Cricetidae
45710,Cricetidae
45763,Cricetidae
45832,Muridae
45842,Gliridae
45848,Gliridae
45856,Gliridae
45863,Gliridae
45891,Ctenomyidae
45893,Ctenomyidae
458943,Acrididae
458944,Tettigoniidae
45895,Ctenomyidae
45903,Ctenomyidae
45909,Ctenomyidae
45910,Ctenomyidae
45913,Octodontidae
45920,Octodontidae
45935,Sciuridae
45936,Sciuridae
45937,Sciuridae
45938,Sciuridae
45941,Sciuridae
45942,Sciuridae
45945,Sciuridae
45947,Sciuridae
45948,Sciuridae
45949,Sciuridae
45952,Sciuridae
45953,Sciuridae
45955,Sciuridae
45957,Sciuridae
45961,Sciuridae
45965,Sciuridae
45968,Sciuridae
45982,Sciuridae
45984,Sciuridae
45997,Sciuridae
45998,Sciuridae
46000,Sciuridae
46001,Sciuridae
46002,Sciuridae
46003,Sciuridae
46004,Sciuridae
46005,Sciuridae
46007,Sciuridae
46008,Sciuridae
46009,Sciuridae
46010,Sciuridae
46011,Sciuridae
46014,Sciuridae
46015,Sciuridae
46016,Sciuridae
46017,Sciuridae
46018,Sciuridae
46019,Sciuridae
46020,Sciuridae
46023,Sciuridae
46026,Sciuridae
46030,Sciuridae
46032,Sciuridae
46033,Sciuridae
46035,Sciuridae
46036,Sciuridae
460377,Trigonidiidae
46037,Sciuridae
46041,Sciuridae
46047,Sciuridae
46048,Sciuridae
460591,Cicadidae
46061,Sciuridae
460621,Ranidae
46077,Sciuridae
46079,Sciuridae
46080,Sciuridae
46082,Sciuridae
460838,Gryllidae
46083,Sciuridae
46086,Sciuridae
460870,Tettigoniidae
46087,Sciuridae
46091,Sciuridae
46093,Sciuridae
46094,Sciuridae
46095,Sciuridae
46099,Sciuridae
46100,Sciuridae
46101,Sciuridae
46104,Sciuridae
46109,Sciuridae
46110,Sciuridae
46113,Sciuridae
46114,Sciuridae
46116,Sciuridae
46146,Sciuridae
46150,Sciuridae
46154,Sciuridae
46160,Sciuridae
46161,Sciuridae
46167,Sciuridae
46168,Sciuridae
46170,Sciuridae
46171,Sciuridae
46172,Sciuridae
46174,Sciuridae
46176,Sciuridae
46177,Sciuridae
46178,Sciuridae
46179,Sciuridae
46180,Sciuridae
46183,Sciuridae
46187,Sciuridae
461900,Tettigoniidae
46195,Sciuridae
46196,Sciuridae
46202,Sciuridae
46217,Sciuridae
46241,Sciuridae
46247,Sciuridae
46253,Sciuridae
46254,Sciuridae
46255,Sciuridae
46256,Sciuridae
46259,Sciuridae
46260,Sciuridae
46266,Sciuridae
46272,Sciuridae
46283,Tupaiidae
46285,Tupaiidae
46293,Tupaiidae
46294,Tupaiidae
46295,Tupaiidae
46296,Tupaiidae
46302,Tupaiidae
46352,Soricidae
46405,Soricidae
46414,Soricidae
46433,Soricidae
46438,Soricidae
464495,Pyxicephalidae
46471,Soricidae
46503,Soricidae
465042,Vespertilionidae
465117,Acrididae
465147,Gryllidae
46531,Soricidae
465461,Acrididae
465888,Hirundinidae
466317,Tettigoniidae
46640,Soricidae
466774,Trigonidiidae
467020,Tettigoniidae
467944,Acrididae
46841,Soricidae
468533,Trigonidiidae
468535,Gryllidae
46859,Soricidae
469236,Cicadidae
469238,Cicadidae
469240,Cicadidae
469243,Cicadidae
469253,Cicadidae
469256,Cicadidae
469257,Cicadidae
469259,Cicadidae
469268,Cicadidae
469274,Cicadidae
469275,Cicadidae
469277,Cicadidae
469279,Cicadidae
469282,Cicadidae
46970,Talpidae
47014,Talpidae
470173,Cicadidae
470174,Cicadidae
47049,Talpidae
470524,Acrididae
47067,Bradypodidae
470754,Tettigoniidae
47079,Dasypodidae
47088,Dasypodidae
47093,Dasypodidae
47099,
47104,Myrmecophagidae
47105,Myrmecophagidae
471072,Phalangopsidae
47107,Myrmecophagidae
47144,Canidae
47219,Apidae
472562,Acrididae
473189,Acrididae
473315,Acrididae
473439,Gryllidae
473905,Tettigoniidae
473975,Cicadidae
473977,Cicadidae
473983,Cicadidae
473989,Cicadidae
476245,Ranidae
476311,Ranidae
476387,Bufonidae
476395,Ranidae
476401,Ranidae
476407,Ranidae
476480,Ranidae
476484,Ranidae
476523,Ranidae
476559,Microhylidae
476579,Microhylidae
476581,Microhylidae
476589,Hylidae
476633,Leptodactylidae
476664,Ptychadenidae
476924,Pyxicephalidae
476925,Pyxicephalidae
476926,Pyxicephalidae
48122,Tettigoniidae
48268,Viperidae
485770,Trigonidiidae
487743,Cicadidae
488475,Cicadidae
488487,Cicadidae
488827,Cicadidae
491961,Gryllidae
496005,Psittacidae
496256,Cicadidae
496700,Cebidae
496767,Acrididae
496774,Acrididae
499194,Tettigoniidae
499197,Tettigoniidae
499199,Tettigoniidae
499203,Tettigoniidae
499211,Gryllidae
499221,Cicadidae
499235,Cebidae
500648,Hyaenidae
500655,Pitheciidae
501403,Trigonidiidae
501404,Trigonidiidae
501405,Trigonidiidae
501406,Gryllidae
501625,Acrididae
503713,Gryllotalpidae
504179,Tettigoniidae
504396,Cicadidae
505000,Gryllidae
505825,Cicadidae
507377,Gryllidae
509455,Tettigoniidae
51110,Apidae
513853,Tettigoniidae
513856,Tettigoniidae
513918,Acrididae
516126,Canidae
516127,Canidae
516128,Canidae
516398,Molossidae
516974,Cebidae
516975,Cebidae
517047,Bufonidae
517048,Bufonidae
517052,Bufonidae
517053,Bufonidae
517056,Bufonidae
517057,Bufonidae
517069,Pelodryadidae
517096,Pelodryadidae
517107,Pelodryadidae
517119,Bufonidae
517132,Bufonidae
517357,Pyxicephalidae
517449,Bufonidae
517450,Bufonidae
517452,Rhacophoridae
517453,Rhacophoridae
51940,Gekkonidae
519428,Pitheciidae
520469,Viperidae
520585,Sciuridae
520845,Trigonidiidae
520863,Tettigoniidae
520869,Gryllidae
522193,Cervidae
523711,Gryllotalpidae
525672,Cicadidae
525673,Cicadidae
525676,Cicadidae
525677,Cicadidae
525678,Cicadidae
525679,Cicadidae
525681,Cicadidae
525683,Cicadidae
525686,Cicadidae
541105,Tettigoniidae
541377,Cicadidae
541378,Cicadidae
541390,Cicadidae
541756,Acrididae
542299,Pycnonotidae
544590,Felidae
546428,Aepyornithidae
548416,Pelodytidae
548418,Pelodytidae
54866,Cercopithecidae
54869,Cercopithecidae
549305,Cicadidae
550609,Cicadidae
552057,Cicadidae
552456,Erethizontidae
553515,Bufonidae
55359,Tettigoniidae
553754,Gryllidae
554275,Cicadidae
554790,Hylobatidae
555006,Gryllidae
555074,Hylidae
555076,Hylidae
555085,Hylidae
555086,Hylidae
555094,Hylidae
555104,Hylidae
555117,Hylidae
555123,Hylidae
555134,Hylidae
555141,Hylidae
555142,Hylidae
555143,Hylidae
555145,Hylidae
555146,Hylidae
555148,Hylidae
555150,Hylidae
555176,Hylidae
555251,Pyxicephalidae
555252,Pyxicephalidae
555253,Pyxicephalidae
555649,Tettigoniidae
556621,Bombinatoridae
556897,Cicadidae
55761,Chrysomelidae
558126,Gryllotalpidae
558372,Mogoplistidae
559355,Cicadidae
55957,Tettigoniidae
560370,Cicadidae
560373,Cicadidae
560791,Gryllidae
564678,Gryllidae
564681,Cicadidae
565875,Cicadidae
566513,Atelidae
566528,Cercopithecidae
566529,Cercopithecidae
566537,Galagidae
568742,Tettigoniidae
568769,Cicadidae
569428,Mustelidae
569556,Procyonidae
569557,Procyonidae
569702,Cicadidae
569917,Gryllotalpidae
570621,Tettigoniidae
57444,Acrididae
575103,Delphinidae
57516,Apidae
57530,Miniopteridae
57534,Miniopteridae
57545,Vespertilionidae
57556,Cercopithecidae
60341,Ranidae
603455,Cicadidae
603589,Trigonidiidae
605925,Mogoplistidae
607215,Echimyidae
62049,Cicadidae
622565,Mogoplistidae
623017,Gryllotalpidae
62345,Bufonidae
626859,Cicadidae
627277,Ardeidae
627630,Cicadidae
628951,Cicadidae
63113,Soricidae
632350,Cicadidae
633751,Gryllidae
633761,Gryllidae
633772,Gryllidae
636296,Noctuidae
638046,Cicadidae
638246,Trigonidiidae
638953,Trigonidiidae
639200,Cicadidae
64102,Cricetidae
64485,Pteropodidae
64873,Aromobatidae
64906,Dendrobatidae
64912,Pyxicephalidae
64968,Bufonidae
64970,Bufonidae
64973,Bufonidae
64975,Bufonidae
64977,Bufonidae
64978,Bufonidae
64984,Bufonidae
64985,Bufonidae
64987,Bufonidae
64988,Bufonidae
64989,Bufonidae
65021,Hylidae
65029,Hylidae
65061,Arthroleptidae
65100,Hylidae
65148,Calyptocephalellidae
65194,Dendrobatidae
65212,Craugastoridae
65238,Craugastoridae
65333,Hylidae
65336,Hylidae
65344,Hylidae
65349,Hylidae
65350,Hylidae
65373,Hylidae
65374,Hylidae
65377,Hylidae
65380,Hylidae
65398,Hylidae
65413,Hylidae
65418,Eleutherodactylidae
65424,Eleutherodactylidae
65448,Leptodactylidae
65450,Bufonidae
65522,Ranidae
65524,Ranidae
65547,Centrolenidae
65574,Ranidae
65592,Ranidae
65662,Hylidae
65849,Bufonidae
65860,Bufonidae
65872,Bufonidae
65962,Leptodactylidae
65972,Arthroleptidae
65974,Ranidae
65975,Ranidae
65976,Ranidae
65979,Ranidae
65982,Ranidae
65986,Ranidae
66002,Ranidae
66003,Ranidae
66007,Ranidae
66012,Ranidae
66018,Ranidae
66131,Microhylidae
66264,Ranidae
66278,Dendrobatidae
66280,Dendrobatidae
66318,Ranidae
66321,Ranidae
66322,Ranidae
66330,Ranidae
66331,Ranidae
66332,Ranidae
66333,Ranidae
66335,Ranidae
66387,Rhacophoridae
66479,Limnodynastidae
66531,Craugastoridae
66578,Craugastoridae
66713,Craugastoridae
66893,Craugastoridae
66914,Craugastoridae
66952,Hylidae
66953,Hylidae
66971,Hylidae
67078,Bufonidae
67093,Bufonidae
67107,Bufonidae
67108,Bufonidae
67114,Bufonidae
67117,Bufonidae
67135,Bufonidae
67185,Dendrobatidae
67191,Hylidae
67243,Hylidae
67247,Hylidae
67250,Hylidae
67251,Hylidae
67683,Cercopithecidae
67819,Cricetidae
68093,Vespertilionidae
68137,Cercopithecidae
696629,Hylobatidae
697692,Sciuridae
697706,Cicadidae
699201,Cicadidae
701115,Cicadidae
701204,Cicadidae
701205,Cicadidae
701212,Cicadidae
701297,Gryllidae
701931,Tettigoniidae
702443,Gryllidae
70421,Hylidae
704267,Cicadidae
70455,Pyxicephalidae
70646,Hylidae
70647,Hylidae
708754,Cicadidae
70881,Rhacophoridae
70908,Rhacophoridae
709539,Cicadidae
710315,Rhacophoridae
710321,Gryllidae
710713,Cicadidae
711158,Cicadidae
71219,Gryllotalpidae
71247,Gryllidae
71248,Gryllidae
714119,Cicadidae
717557,Craugastoridae
717558,Ranidae
732712,Gryllidae
733194,Cicadidae
733757,Bufonidae
735378,Cicadidae
735383,Cicadidae
737780,Cicadidae
738178,Pitheciidae
738180,Pitheciidae
738182,Pitheciidae
738183,Pitheciidae
738185,Pitheciidae
738186,Pitheciidae
738187,Pitheciidae
738189,Pitheciidae
738192,Pitheciidae
738195,Pitheciidae
738196,Pitheciidae
738197,Pitheciidae
738200,Pitheciidae
738201,Pitheciidae
739580,Cicadidae
740040,Cicadidae
740041,Cicadidae
740118,Cicadidae
740119,Cicadidae
740120,Cicadidae
740122,Cicadidae
740127,Cicadidae
740142,Cicadidae
740311,Cicadidae
740357,Cicadidae
740388,Cicadidae
74051,Atelidae
740528,Cicadidae
74052,Atelidae
74053,Atelidae
74055,Atelidae
740566,Cicadidae
740572,Cicadidae
740574,Cicadidae
74058,Atelidae
740609,Cicadidae
740644,Cicadidae
74066,Aotidae
740682,Cicadidae
740697,Cicadidae
74091,Atelidae
74103,Balaenidae
74106,Vespertilionidae
74111,Bovidae
74113,Bovidae
74115,Atelidae
74144,Bovidae
74155,Cebidae
74161,Emballonuridae
74174,Vespertilionidae
74180,Molossidae
74188,Cercopithecidae
74191,Cercopithecidae
74195,Cistugidae
74205,Vespertilionidae
74250,Ctenomyidae
74256,Ctenomyidae
74257,Cuniculidae
74258,Cuniculidae
74262,Molossidae
74263,Molossidae
74265,Molossidae
743162,Tettigoniidae
74322,Lemuridae
74326,Lemuridae
74328,Molossidae
74341,Vespertilionidae
743461,Tettigoniidae
74349,Galagidae
74383,Gliridae
74413,Herpestidae
74439,Hylobatidae
74442,Caviidae
74443,Caviidae
74453,Hylobatidae
74475,Vespertilionidae
74476,Vespertilionidae
74482,Felidae
74512,Cercopithecidae
74526,Lorisidae
74532,Cercopithecidae
74555,Cervidae
74580,Callitrichidae
74620,Miniopteridae
74633,Cercopithecidae
74642,Molossidae
74643,Molossidae
746461,Mogoplistidae
74647,Mormoopidae
74659,Cervidae
74692,Vespertilionidae
74697,Vespertilionidae
74699,Vespertilionidae
74706,Vespertilionidae
74710,Vespertilionidae
74711,Vespertilionidae
747135,Cicadidae
74715,Vespertilionidae
74717,Vespertilionidae
74719,Vespertilionidae
74722,Bovidae
747539,Acrididae
74778,Hylobatidae
74781,Hylobatidae
74783,Hylobatidae
74787,Vespertilionidae
74800,Vespertilionidae
74831,Felidae
74832,Cercopithecidae
74833,Cercopithecidae
74859,Emballonuridae
74862,Cheirogaleidae
74863,Cheirogaleidae
74890,Physeteridae
74892,Vespertilionidae
74908,Vespertilionidae
74927,Vespertilionidae
74928,Vespertilionidae
74946,Cercopithecidae
74959,Indriidae
74992,Cercopithecidae
75013,Rhinolophidae
75023,Rhinolophidae
75036,Vespertilionidae
75038,Vespertilionidae
75042,Pteropodidae
75044,Pteropodidae
75046,Cervidae
75047,Cervidae
75049,Cercopithecidae
75051,Cervidae
75052,Cervidae
75053,Cervidae
75057,Callitrichidae
75062,Molossidae
75066,Galagidae
75069,Vespertilionidae
75073,Vespertilionidae
75075,Vespertilionidae
75115,Hylobatidae
75126,Molossidae
75152,Sciuridae
75186,Cercopithecidae
75192,Bovidae
75221,Lemuridae
75224,Vespertilionidae
75226,Vespertilionidae
75227,Vespertilionidae
75228,Vespertilionidae
75229,Vespertilionidae
75230,Vespertilionidae
760263,Romaleidae
760266,Romaleidae
764712,Tettigoniidae
765460,Vespertilionidae
765484,Mormoopidae
765528,Vespertilionidae
765537,Molossidae
765544,Molossidae
765553,Molossidae
765756,Trigonidiidae
768563,Cicadidae
775325,Scarabaeidae
780311,Gryllidae
780312,Gryllidae
785254,Rhinolophidae
787001,Cicadidae
787617,Dicroglossidae
787625,Dendrobatidae
792832,Cicadidae
792850,Cicadidae
795052,Cicadidae
796049,Cicadidae
806889,Cicadidae
808255,Gryllidae
811074,Cicadidae
81494,Callitrichidae
81526,Viperidae
81542,Camelidae
815948,Pitheciidae
81881,Cicadidae
81925,Bovidae
825289,Canidae
82825,Cicadidae
829184,Cicadidae
83853,Cicadidae
84403,Trigonidiidae
84612,Scarabaeidae
846367,
846379,
846402,Pteropodidae
84752,Tettigoniidae
849666,Ochotonidae
850031,Ochotonidae
851014,Canidae
852272,Phyllostomidae
852333,Soricidae
852338,Dasyproctidae
852369,Pitheciidae
852379,Molossidae
853952,Canidae
854000,Viverridae
85409,Cicadidae
854306,Cicadidae
855277,Pitheciidae
855297,Mustelidae
855311,Canidae
855883,Callitrichidae
865317,Gryllidae
871605,Sciuridae
876600,Cicadidae
878265,Cicadidae
878514,Cicadidae
879165,Cercopithecidae
883258,Hylobatidae
883395,Cercopithecidae
883484,Hylobatidae
883485,Hylobatidae
883486,Hylobatidae
883706,Cicadidae
883745,Cicadidae
885131,Hylobatidae
886150,Cicadidae
886337,Cicadidae
889356,Cicadidae
891668,Cicadidae
894951,Cicadidae
894952,Cicadidae
900236,Sciuridae
900533,Cicadidae
900612,Tettigoniidae
901356,Callitrichidae
902096,Cicadidae
904439,Cicadidae
904480,Cicadidae
905116,Cicadidae
905991,Cicadidae
906209,Tettigoniidae
906741,Pitheciidae
906870,Cicadidae
907291,Vespertilionidae
909419,Cicadidae
914357,Cicadidae
914822,Cicadidae
915544,Cicadidae
917175,Gryllidae
921066,Cicadidae
922459,Felidae
922738,Felidae
922772,Cicadidae
922775,Cicadidae
923245,Dicroglossidae
923279,Rhacophoridae
923294,Rhacophoridae
923298,Rhacophoridae
923300,Rhacophoridae
923353,Rhacophoridae
923354,Rhacophoridae
923601,Cicadidae
925190,Trigonidiidae
925378,Cicadidae
925661,Viverridae
925714,Viverridae
925950,Mephitidae
925966,Herpestidae
925975,Herpestidae
925977,Herpestidae
926313,Cicadidae
926855,Pitheciidae
936357,Trigonidiidae
941077,Cicadidae
947848,Cicadidae
950198,Cicadidae
950203,Cicadidae
950205,Cicadidae
959446,Cicadidae
960384,Trigonidiidae
963196,Cercopithecidae
963593,Trigonidiidae
978482,Trigonidiidae
979914,Thraupidae
980718,Sciuridae
992054,Bufonidae
aakspa1,Passeridae
abbbab1,Pellorneidae
abbboo2,Sulidae
abbsta2,Sturnidae
abbwar1,Cettiidae
abcwin1,Estrildidae
abdsto1,Ciconiidae
abecis1,Cisticolidae
abethr1,Turdidae
abetow,Passerellidae
abgthr1,Turdidae
abhori1,Oriolidae
absbil1,Phoeniculidae
absfin1,Thraupidae
abttyr1,Tyrannidae
abycat1,Sylviidae
abylon1,Motacillidae
abyrol2,Coraciidae
abysis1,Fringillidae
abyslf1,Muscicapidae
abythr1,Turdidae
abywhe1,Zosteropidae
abywoo1,Picidae
acafly,Tyrannidae
acowoo,Picidae
acrant1,Thamnophilidae
acrtot1,Tyrannidae
adepen1,Spheniscidae
adewar1,Parulidae
adtdov1,Columbidae
afbduc1,Anatidae
afbfly1,Stenostiridae
afbowl1,Strigidae
afbtit2,Paridae
afbwar1,Locustellidae
afcdov1,Columbidae
afcfly1,Monarchidae
afdfly1,Muscicapidae
afdwar1,Sylviidae
afecuc1,Cuculidae
afepig1,Columbidae
affeag1,Accipitridae
afffin,Estrildidae
afffly1,Muscicapidae
afgfly1,Muscicapidae
afghor1,Bucerotidae
afgori2,Oriolidae
afgowl1,Tytonidae
afgsno1,Passeridae
afgwea1,Ploceidae
afhbab1,Sylviidae
afhbab3,Sylviidae
afhhaw1,Accipitridae
afmdov1,Columbidae
afmhar1,Accipitridae
afmwea,Ploceidae
afpfly1,Monarchidae
afphor2,Bucerotidae
afphor3,Bucerotidae
afpkin1,Alcedinidae
afpsta1,Sturnidae
afpswi1,Apodidae
afptit1,Remizidae
afpwag1,Motacillidae
afrbro1,Eurylaimidae
afrcha1,Fringillidae
afrcit1,Fringillidae
afrcra1,Rallidae
afrcuc1,Cuculidae
afrcuh1,Accipitridae
afrfin1,Heliornithidae
afrgos1,
afrgrp1,Columbidae
afrhae1,Accipitridae
afrhob1,Falconidae
afrjac1,Jacanidae
afrmar2,Hirundinidae
afrope1,Ciconiidae
afroys1,Haematopodidae
afrpic1,Picidae
afrpip1,Motacillidae
afrpit1,Pittidae
afrpyg1,Anatidae
afrrai1,Rallidae
afrsco2,Strigidae
afrshf1,Platysteiridae
afrsil1,Estrildidae
afrski1,Laridae
afrsni1,Scolopacidae
afrspo1,Threskiornithidae
afrsto1,Muscicapidae
afrswi1,Apodidae
afrtai2,Cisticolidae
afrthr1,Turdidae
afsowl1,Strigidae
afswar1,Locustellidae
afwowl1,Strigidae
afywar1,Acrocephalidae
afywhe1,Zosteropidae
afywhe3,Zosteropidae
afywhe4,Zosteropidae
agaher1,Ardeidae
agitit1,Tyrannidae
agurew1,Acrocephalidae
ahafra2,Phasianidae
ajpant1,Thamnophilidae
akekee,Fringillidae
akeowl1,Strigidae
akepa1,Fringillidae
akepa2,Fringillidae
akepa3,Fringillidae
akiapo,Fringillidae
akikik,Fringillidae
alaant1,Thamnophilidae
alacur1,Cracidae
alagre1,Podicipedidae
alatyr1,Tyrannidae
alblyr1,Menuridae
albowl1,Strigidae
albwar1,Acrocephalidae
alddro1,Dicruridae
aldfly,Tyrannidae
aldwhe1,Zosteropidae
aleowl1,Strigidae
alepar1,Psittacidae
alepar2,Psittacidae
aleswi1,Apodidae
aleter1,Laridae
alfant1,Grallariidae
alfgle1,Furnariidae
algnut1,Sittidae
allant1,Thamnophilidae
allgal1,Rallidae
allhum,Trochilidae
alomyz1,Meliphagidae
alpacc1,Prunellidae
alpmun1,Estrildidae
alppip1,Motacillidae
alprob1,Petroicidae
alpswi1,Apodidae
alptap1,Rhinocryptidae
alpthr1,Turdidae
alsred1,Muscicapidae
altori,Icteridae
altsno1,Phasianidae
altyel1,Parulidae
amaant1,Grallariidae
amaant2,Thamnophilidae
amabaw1,Furnariidae
amahum1,Trochilidae
amakin1,Alcedinidae
amapar1,Psittacidae
amapyo1,Strigidae
amasta1,Thamnophilidae
amasun2,Nectariniidae
amatyr1,Tyrannidae
amaui,Turdidae
amaumb1,Cotingidae
amawoo1,Scolopacidae
ambduc,Anatidae
ambtyr1,Tyrannidae
ambwhe1,Zosteropidae
ameavo,Recurvirostridae
amebit,Ardeidae
amecro,Corvidae
amedip,Cinclidae
amedov1,Columbidae
amegfi,Fringillidae
amekes,Falconidae
ameoys,Haematopodidae
amepip2,Motacillidae
amered,Parulidae
amerob,Turdidae
amesun2,Nectariniidae
amewig,Anatidae
amewoo1,Trochilidae
amewoo,Scolopacidae
amgplo,Charadriidae
amhgul1,Laridae
ammrot1,Muscicapidae
ampkin1,Alcedinidae
amptap1,Rhinocryptidae
amsduc1,Anatidae
amsfly1,Tyrannidae
amthum1,Trochilidae
amtspa,Passerellidae
amtsun2,Trochilidae
amtsun3,Trochilidae
amtsun4,Trochilidae
amufal1,Falconidae
amupaf1,Monarchidae
amwpel,Pelecanidae
anawax1,Estrildidae
anbtyr1,Tyrannidae
ancant1,Thamnophilidae
ancbar1,Lybiidae
anccha1,Muscicapidae
ancdov1,Columbidae
anchum1,Trochilidae
ancmur,Alcidae
ancsun1,Nectariniidae
anctap1,Rhinocryptidae
andavo1,Recurvirostridae
andbul1,Aphididae
andcon1,Cathartidae
andcot1,Cotingidae
andcou1,Cuculidae
andcra1,Rallidae
andcus1,Campephagidae
anddro1,Dicruridae
andduc1,Anatidae
andeme1,Trochilidae
andfla2,Phoenicopteridae
andfli1,Picidae
andflo1,Dicaeidae
andgoo1,Anatidae
andgua1,Cracidae
andgul1,Laridae
andhao1,Strigidae
andhil2,Trochilidae
andhil3,Trochilidae
andlap1,Charadriidae
andneg1,Tyrannidae
andnig1,Caprimulgidae
andpar1,Psittacidae
andpot1,Nyctibiidae
andsha1,Muscicapidae
andsis1,Fringillidae
andsni1,Scolopacidae
andsol1,Turdidae
andswa2,Hirundinidae
andswi1,Apodidae
andtea1,Anatidae
andtin1,Tinamidae
andtre1,Corvidae
andtyr2,Tyrannidae
andtyr3,Tyrannidae
andwoo1,Picidae
angbat1,Platysteiridae
anghel1,Prionopidae
anglar1,
angpet1,Procellariidae
angslf1,Muscicapidae
angswa1,Hirundinidae
anhing,Anhingidae
aniani,Fringillidae
anjsun2,Nectariniidae
ankser2,Fringillidae
annhum,Trochilidae
anpowl1,Strigidae
anpswi,Apodidae
anseag1,Accipitridae
ansgre1,Pycnonotidae
ansowl1,Strigidae
ansowl2,Strigidae
antalb1,Diomedeidae
antant1,Grallariidae
antbrf1,Passerellidae
anteup2,Fringillidae
anteup3,Fringillidae
anteup4,Fringillidae
antman2,Trochilidae
antman3,Trochilidae
antnig,Caprimulgidae
antpar1,Psittacidae
antpet1,Procellariidae
antpic1,Picidae
antsis1,Fringillidae
antspi1,Furnariidae
antter1,Laridae
antwre2,Troglodytidae
anweye1,Zosteropidae
anwpig1,Columbidae
apapan2,Fringillidae
apapan,Fringillidae
apbsun2,Nectariniidae
apifly1,Tyrannidae
aplfal,Falconidae
apomyn2,Sturnidae
apostl1,Corcoracidae
apowre1,Troglodytidae
apptet1,Bernieridae
apubrf1,Passerellidae
apuspi1,Furnariidae
aquwar1,Acrocephalidae
arabab1,Leiothrichidae
arabus1,Otididae
arafan1,Rhipiduridae
arafan2,
araman1,Pipridae
arapar1,Phasianidae
arasco1,Strigidae
arawax1,Estrildidae
arawoo1,Picidae
arcbow1,Ptilonorhynchidae
arcloo,Gaviidae
arcnew1,Vangidae
arcnig1,Caprimulgidae
arcter,Laridae
arcwar1,Phylloscopidae
arcwar2,Phylloscopidae
arcwar3,Phylloscopidae
arfast1,Paradisaeidae
arfhon1,Meliphagidae
argspa2,Passeridae
ariwoo,Picidae
armbab1,Leiothrichidae
armgul1,Laridae
arrcha1,Muscicapidae
arrpic1,Picidae
arrwar1,Parulidae
artspi1,Furnariidae
asbant1,Thamnophilidae
asbfly1,Muscicapidae
asbfly,Muscicapidae
asbowl1,Strigidae
asbspi1,Furnariidae
asbwhe1,Zosteropidae
asccra1,Rallidae
asccuc1,Cuculidae
ascspl1,Alaudidae
asctap1,Rhinocryptidae
asdwar1,Sylviidae
asecuc1,Cuculidae
asfblu1,Irenidae
asfbul1,Pycnonotidae
asfowl1,Tytonidae
asgsta1,Sturnidae
asgwea2,Ploceidae
ashant1,Thamnophilidae
ashbab1,Pellorneidae
ashbul1,Pycnonotidae
ashcis1,Cisticolidae
ashcus2,Campephagidae
ashcus3,Campephagidae
ashdro1,Dicruridae
ashflo1,Dicaeidae
ashfly1,Muscicapidae
ashgoo1,Anatidae
ashgre1,Vireonidae
ashlau1,Leiothrichidae
ashmar1,Hirundinidae
ashmin1,Campephagidae
ashmyz1,Meliphagidae
ashpri1,Cisticolidae
ashrob2,Petroicidae
ashsta2,Sturnidae
ashtai1,Cisticolidae
ashthr1,Turdidae
ashtit2,Paridae
ashtyr1,Tyrannidae
ashwoo1,Picidae
ashwoo2,Artamidae
asidow1,Scolopacidae
asidrc2,Cuculidae
asidrc3,Cuculidae
asidrc4,Cuculidae
asifab2,Irenidae
asifri1,Fregatidae
asikoe2,Cuculidae
asikoe3,Cuculidae
asiope1,Ciconiidae
asistu1,Cettiidae
aspfly1,Monarchidae
aspsta2,Sturnidae
aspsta3,Sturnidae
aspsta7,Sturnidae
aspswi1,Apodidae
asrfin1,Fringillidae
asslau1,Leiothrichidae
asspet,Hydrobatidae
astant1,Thamnophilidae
astcas2,Tyrannidae
astcra1,Rallidae
astfly,Tyrannidae
astgna1,Conopophagidae
astpar1,Sylviidae
astswi1,Apodidae
astwar2,Phylloscopidae
aswant1,Thamnophilidae
aswpig1,Columbidae
atbtan1,Passerellidae
atfdov1,Columbidae
athscr1,Acanthizidae
atigre1,Podicipedidae
atiswi1,Apodidae
atlfly1,Muscicapidae
atlpet1,Procellariidae
atlpuf,Alcidae
atosta1,Sturnidae
attwoo1,Picidae
audgul1,Laridae
audori,Icteridae
audshe3,Procellariidae
audshe,Procellariidae
augbuz2,Accipitridae
auimer1,Anatidae
auirai1,Rallidae
auisha1,Phalacrocoracidae
auitea1,Anatidae
aukpar1,Psittacidae
aumowl1,Tytonidae
auonig1,Aegothelidae
aupowl1,Strigidae
aurwar1,Acrocephalidae
ausbit1,Ardeidae
ausbla1,Icteridae
ausbrt1,Megapodiidae
ausbus1,Otididae
auscan1,Furnariidae
auscra1,Rallidae
ausfig1,Oriolidae
ausgan1,Sulidae
ausgre1,Podicipedidae
ausgro1,Tytonidae
aushob1,Falconidae
ausibi1,Threskiornithidae
auskes1,Falconidae
auskit1,Accipitridae
ausmag2,Cracticidae
ausneg1,Tyrannidae
auspar1,Psittacidae
auspas1,Rostratulidae
auspel1,Pelecanidae
auspip2,Motacillidae
auspip3,Motacillidae
auspra1,Glareolidae
ausrai1,Rallidae
ausrav1,Corvidae
ausshe1,Anatidae
aussho1,Anatidae
ausswi1,Apodidae
austhr1,Turdidae
ayaant1,Grallariidae
ayebul1,Pycnonotidae
ayheag1,Accipitridae
ayweye1,Zosteropidae
ayweye3,Zosteropidae
azaspi1,Furnariidae
azbpit1,Pittidae
azchum1,Trochilidae
azhjay1,Corvidae
aznjay1,Corvidae
azrpar8,Psittacidae
azrpar9,Psittacidae
azrtan1,Thraupidae
azstan1,Thraupidae
aztthr,Turdidae
azugal1,Rallidae
azujay1,Corvidae
azukin1,Alcedinidae
azutit2,Paridae
azwmag2,Corvidae
azwmag3,Corvidae
babcra1,Rallidae
babcuc19,Campephagidae
babcuc24,Campephagidae
babcuc2,Cuculidae
babcuc4,Cuculidae
babcuc5,Campephagidae
babcus1,Campephagidae
babfir1,Estrildidae
babhon1,Meliphagidae
babowl1,Strigidae
babpar1,Phasianidae
babpic1,Picidae
babpit1,Pittidae
babshr1,Laniidae
babsta1,Sturnidae
babtan1,Thraupidae
babwar,Parulidae
babwoo1,Furnariidae
babwoo2,Picidae
babwoo3,Picidae
babwre1,Troglodytidae
bacant1,Thamnophilidae
bacant2,Thamnophilidae
bacbab1,Leiothrichidae
bacdov1,Columbidae
baceag2,Accipitridae
bacfan1,Rhipiduridae
bacori1,Oriolidae
bacori3,Oriolidae
bacspa,Passerellidae
bactro1,Trogonidae
bacwar,Parulidae
baeant1,Thamnophilidae
baemyn1,Sturnidae
baeowl1,Strigidae
baepig2,Columbidae
baepoc1,Anatidae
baerai1,Rallidae
baerob1,Turdidae
bafbul1,Pycnonotidae
bafcur1,Cracidae
baffal1,Falconidae
bafibi1,Threskiornithidae
bafrai2,Rallidae
bagbab2,Muscicapidae
bagcot1,Cotingidae
bagcuc1,Cuculidae
bagtan1,Thraupidae
bagtan2,Thraupidae
bagwea1,Ploceidae
bahant1,Thamnophilidae
bahgoo,Anatidae
bahlau1,Timaliidae
bahmoc,Mimidae
bahnig1,Caprimulgidae
bahspi1,Furnariidae
bahswa,Hirundinidae
bahtan1,Thraupidae
bahtap1,Rhinocryptidae
bahtyr1,Tyrannidae
bahwoo,Trochilidae
bahyel1,Parulidae
baicra1,Rallidae
baifly1,Tyrannidae
baipig1,Columbidae
baisan,Scolopacidae
baispa,Passerellidae
baitea,Anatidae
baitro1,Trogonidae
bakind1,Viduidae
baleag,Accipitridae
balibi1,Threskiornithidae
balica1,Dicruridae
balmal2,Ploceidae
balmyn1,Sturnidae
balori,Icteridae
balowl,Strigidae
balpar1,Psittacidae
balshe1,Procellariidae
balspi1,Apodidae
balswi1,Apodidae
balwar1,Sylviidae
bamant1,Thamnophilidae
bamapa1,Cisticolidae
bamwoo1,Picidae
banana,Thraupidae
banant1,Thamnophilidae
banant2,Thamnophilidae
banbar1,Lybiidae
banbro1,Eurylaimidae
bancor1,Phalacrocoracidae
bancot1,Cotingidae
bancro1,Corvidae
banfru1,Cotingidae
banhon1,Meliphagidae
banjuf1,Muscicapidae
bankes1,Falconidae
bankin1,Alcedinidae
banlap1,Charadriidae
banmar1,Hirundinidae
banmyn1,Sturnidae
banmyz1,Meliphagidae
banpit2,Pittidae
banpit3,Pittidae
banpit4,Pittidae
banpri1,Cisticolidae
banqua1,Odontophoridae
banscw1,Locustellidae
bansti1,Recurvirostridae
bansun1,Nectariniidae
bansun3,Nectariniidae
banswa,Hirundinidae
bantur1,Musophagidae
banumb1,Cotingidae
banwar2,Sylviidae
banwea1,Ploceidae
banwhi1,Acanthizidae
banwoo2,Picidae
banwre1,Troglodytidae
barant1,Thamnophilidae
barant2,Formicariidae
barbec1,Cotingidae
barbro1,Eurylaimidae
barbul1,Thraupidae
barbut1,Turnicidae
barcud1,Columbidae
bardov2,Columbidae
barfly1,Muscicapidae
barfru1,Cotingidae
bargol,Anatidae
bargoo,Anatidae
barhaw1,Accipitridae
barhob1,Accipitridae
barhob2,Accipitridae
barhon2,Meliphagidae
barlau1,Leiothrichidae
barowl13,Strigidae
barowl1,Strigidae
barowl5,Tytonidae
barown1,Aegothelidae
barown2,Aegothelidae
barown5,Aegothelidae
barpar1,Psittacidae
barpar2,Phasianidae
barpet1,Procellariidae
barpet,Hydrobatidae
barpuf1,Bucconidae
barrai1,Rallidae
barswa1,Hirundinidae
barswa,Hirundinidae
barswi,Apodidae
bartin1,Tinamidae
bartin2,Tinamidae
bartyr1,Tyrannidae
barwaf1,Thraupidae
barwaf2,Thraupidae
barwar1,Sylviidae
barwar2,Acrocephalidae
barwar,Parulidae
basdov1,Columbidae
baseag1,Accipitridae
basowl,Strigidae
baswar1,Locustellidae
batant1,Thamnophilidae
batant2,Thamnophilidae
batant3,Thamnophilidae
batapa2,Cisticolidae
batapa3,Cisticolidae
batapa4,Cisticolidae
batapa5,Cisticolidae
batbar1,Trochilidae
batbel1,Cotingidae
batear1,Furnariidae
batele1,Accipitridae
batfal1,Falconidae
batfru1,Cotingidae
batgod,Scolopacidae
batgua1,Cracidae
bathaw1,Accipitridae
batlar1,Alaudidae
batman1,Pipridae
batnig1,Caprimulgidae
batnig2,Caprimulgidae
batoro1,Icteridae
batpaf1,Monarchidae
batpig1,Columbidae
batsee1,Thraupidae
batsee2,Thraupidae
batsun2,Nectariniidae
batswi1,Apodidae
battre1,Certhiidae
battro1,Trogonidae
batwea1,Ploceidae
batwhi1,Pachycephalidae
baugre1,Pycnonotidae
baugua1,Cracidae
bauoro2,Icteridae
bavcot1,Cotingidae
bawant1,Thamnophilidae
bawbec6,Cotingidae
bawbec7,Cotingidae
bawbul2,Pycnonotidae
bawcow3,Icteridae
bawcow4,Icteridae
baweye1,Platysteiridae
baweye2,Zosteropidae
bawfly1,Platysteiridae
bawfly2,Muscicapidae
bawhae1,Accipitridae
bawhor2,Bucerotidae
bawkin1,Alcedinidae
bawman1,Estrildidae
bawmoc1,Mimidae
bawmon2,Monarchidae
bawmon3,Tyrannidae
bawmon4,Monarchidae
bawnig1,Caprimulgidae
bawnig3,
bawori1,Icteridae
bawowl1,Strigidae
bawpri1,Cisticolidae
bawrai1,Rallidae
bawsee1,Thraupidae
bawswa1,Hirundinidae
bawtan1,Thraupidae
bawtri1,Campephagidae
bawtyr1,Tyrannidae
bawwar1,Cisticolidae
bawwar,Parulidae
bawwea1,Ploceidae
bayant1,Grallariidae
baybro1,Eurylaimidae
baycou1,Cuculidae
bayfly1,Ptilogonatidae
baygro1,Fringillidae
baymac,Psittacidae
baymar1,Icteridae
baytan2,Thraupidae
baytan3,Thraupidae
baywea1,Ploceidae
baywoo1,Picidae
baywre1,Troglodytidae
bbbeat1,Meropidae
bbbeat2,Meropidae
bbbtan1,Thraupidae
bbbtyr1,Tyrannidae
bbcbab1,Pellorneidae
bbcdov1,Columbidae
bbctyr1,Tyrannidae
bbfdov1,Columbidae
bbfdov2,Columbidae
bbfgle1,Furnariidae
bbgsta1,Sturnidae
bbifin1,Thraupidae
bbmtou1,Ramphastidae
bbnthr1,Turdidae
bbopar1,Paradisaeidae
bbrwar1,Acrocephalidae
bbsfin1,Thraupidae
bbspet1,Hydrobatidae
bbsrob1,Muscicapidae
bbttyr1,Tyrannidae
bbttyr2,Tyrannidae
bbwdov1,Columbidae
bbwduc,Anatidae
bbwqua1,Odontophoridae
bbwtyr1,Tyrannidae
bcatan1,
bcbeag1,Accipitridae
bcbeat1,Meropidae
bcbfin1,Passerellidae
bcfdov1,Columbidae
bcfdov2,Columbidae
bcfgle1,Furnariidae
bchpar1,Psittacidae
bcmtan1,Thraupidae
bcmtan2,Thraupidae
bcnher,Ardeidae
bcptan1,Phaenicophilidae
bcptyr1,Tyrannidae
bcrfin,Fringillidae
bcrtai1,Psittacidae
bcrthr1,Muscicapidae
bcslar1,Alaudidae
bcswea1,Passeridae
bctspi1,Furnariidae
bcweye2,Zosteropidae
bcwfin1,Thraupidae
bcwfin2,Thraupidae
bcwpar1,Odontophoridae
bcwspi1,Furnariidae
bcwwar1,Phylloscopidae
beabar1,Lybiidae
beabel1,Cotingidae
beafir1,Estrildidae
beagua1,Cracidae
beahum1,Trochilidae
beajay1,Corvidae
beakin2,Alcedinidae
beamou1,Trochilidae
beanut1,Sittidae
bearee1,Panuridae
bearos1,Fringillidae
beasib1,Leiothrichidae
beasne1,Accipitridae
beasun1,Nectariniidae
beasun3,Nectariniidae
beatac1,Tyrannidae
beathk1,Burhinidae
beatre1,Furnariidae
beawoo1,Picidae
beawoo2,Picidae
becpet1,Procellariidae
becscr1,Acanthizidae
beehum1,Trochilidae
beelar1,Alaudidae
befdov1,Columbidae
begdov1,Columbidae
begdov2,Columbidae
beibab1,Sylviidae
belfly1,Tyrannidae
belgul,Laridae
belkin1,Alcedinidae
belmel1,Meliphagidae
belmin1,Meliphagidae
belspa2,Passerellidae
belvir,Vireonidae
belyel1,Parulidae
benbus1,
benbuw1,Locustellidae
benflo2,Otididae
benthr,Mimidae
benwea1,Ploceidae
benwoo1,Picidae
bepfly1,Monarchidae
berant1,Thamnophilidae
bercan1,Furnariidae
berfli1,Picidae
berhaw1,Accipitridae
berhum,Trochilidae
bernih1,Ardeidae
berpet,Procellariidae
berpip1,Motacillidae
bertea1,Anatidae
bertin1,Tinamidae
bertow1,Passerellidae
bervan1,Vangidae
berwea2,Ploceidae
besbab1,Vireonidae
beslar1,Alaudidae
besowl,Strigidae
besra1,
besrob1,Muscicapidae
bestan1,Thraupidae
beweye1,Zosteropidae
bewpar1,Odontophoridae
bewqua1,Odontophoridae
bewwre,Troglodytidae
bfbwar1,Cettiidae
bffgle,Furnariidae
bfgbir1,Musophagidae
bfgdov1,Columbidae
bfgtyr1,Tyrannidae
bfoboo,Sulidae
bfpgua1,Cracidae
bfppar1,Psittacidae
bfqdov1,Columbidae
bfweye1,Zosteropidae
bfwqua1,Odontophoridae
bhbeat1,Meropidae
bhbeat2,Meropidae
bhcfly1,Monarchidae
bhmfin1,Fringillidae
bhnthr1,Turdidae
bhpfly1,Monarchidae
bhpkin1,Alcedinidae
bhptit1,Remizidae
bhqdov1,Columbidae
bhrtai1,Psittacidae
bhsbab1,Vireonidae
bhsfin1,Thraupidae
bhtfly1,Tyrannidae
bhulau1,Leiothrichidae
bhwdov1,Columbidae
bhweye1,Zosteropidae
biacou1,Cuculidae
biafly1,Monarchidae
biager1,Acanthizidae
biamon1,Monarchidae
biasco1,Strigidae
biawar1,Phylloscopidae
biawhi1,Pachycephalidae
bicant2,Thamnophilidae
bicant3,Grallariidae
bicant4,Thamnophilidae
biccon1,Thraupidae
bicflo1,Dicaeidae
bichaw1,Accipitridae
bichaw4,Accipitridae
bicpen1,Spheniscidae
bicthr,Turdidae
bicwre1,Troglodytidae
bielau1,Leiothrichidae
biipig1,Columbidae
bimlar1,Alaudidae
bimwar1,Acanthizidae
bipkin1,Alcedinidae
bisfan1,Rhipiduridae
bishao1,Strigidae
bisist1,Turdidae
biskin1,Alcedinidae
bismel1,Meliphagidae
bismun1,Estrildidae
bisoo,Mohoidae
bispit1,Pittidae
bisswi1,Apodidae
bisthi1,Locustellidae
biswhi1,Pachycephalidae
biswoo1,Artamidae
biweye1,Zosteropidae
bkbalb,Diomedeidae
bkbbit1,Ardeidae
bkbbrt1,Megapodiidae
bkbbus1,Otididae
bkbcuc,Cuculidae
bkbcus1,Campephagidae
bkbcus2,Campephagidae
bkbful1,Pellorneidae
bkbkin1,Alcedinidae
bkbkit1,Accipitridae
bkbkoe1,Cuculidae
bkbmag1,Corvidae
bkbmyz1,Meliphagidae
bkbowl1,Strigidae
bkbplo,Charadriidae
bkbsht1,Tyrannidae
bkbsne1,Accipitridae
bkbsun1,Nectariniidae
bkbtan1,Thraupidae
bkbtho1,Trochilidae
bkbthr3,Turdidae
bkbthr4,Turdidae
bkbtit1,Paridae
bkbtit2,Paridae
bkbtit3,Aegithalidae
bkbtof1,Tyrannidae
bkbtri1,Campephagidae
bkbtri2,Campephagidae
bkbwar,Parulidae
bkbwoo,Picidae
bkcant1,Thamnophilidae
bkcant2,Thamnophilidae
bkcbab10,Zosteropidae
bkcbab1,Pellorneidae
bkcbab2,Pellorneidae
bkcbab3,Zosteropidae
bkcbar1,Leiothrichidae
bkcbul1,Pycnonotidae
bkcbul2,Pycnonotidae
bkcbul3,Pycnonotidae
bkcbul4,Pycnonotidae
bkcchi,Paridae
bkcdon,Donacobiidae
bkcful1,Pellorneidae
bkcgna,Polioptilidae
bkchum,Trochilidae
bkclau1,Leiothrichidae
bkclau2,Leiothrichidae
bkcmon1,Tyrannidae
bkcmot1,Thraupidae
bkcori,Icteridae
bkcpet2,Procellariidae
bkcpet,Procellariidae
bkcpip1,Cotingidae
bkcruw1,Cisticolidae
bkcsco1,Strigidae
bkcspa1,Passerellidae
bkcspa2,Passerellidae
bkcspa,Passerellidae
bkcsta1,Sturnidae
bkctch1,Malaconotidae
bkctit1,Tyrannidae
bkcvir1,Vireonidae
bkcwea1,Ploceidae
bkcwhe1,Zosteropidae
bkcwhi1,Pachycephalidae
bkdhor1,Bucerotidae
bkdhor2,Bucerotidae
bkefai1,Trochilidae
bkegrt1,Turdidae
bkehem1,Thraupidae
bkehem2,Thraupidae
bkehem3,Thraupidae
bkewhe1,Muscicapidae
bkewhe2,Muscicapidae
bkfalb,Diomedeidae
bkfant2,Formicariidae
bkfbab1,Leiothrichidae
bkfbrf1,Passerellidae
bkfbun1,Emberizidae
bkfbun2,Emberizidae
bkfcus1,Campephagidae
bkffir1,Estrildidae
bkffri1,Meliphagidae
bkffri2,Meliphagidae
bkfgra,Thraupidae
bkfibi1,Threskiornithidae
bkfibi2,Threskiornithidae
bkfruw1,Cisticolidae
bkhbat1,Platysteiridae
bkhbat2,Platysteiridae
bkhber1,Cotingidae
bkhcan2,Fringillidae
bkhcus1,Campephagidae
bkhgre1,Fringillidae
bkhgro,Cardinalidae
bkhgul,Laridae
bkhpar1,Sylviidae
bkhpar,Psittacidae
bkhpit1,Pittidae
bkhtan1,Thraupidae
bkhtan2,Thraupidae
bklbab1,Leiothrichidae
bklkit,Laridae
bkmtou1,Ramphastidae
bknfrd1,Columbidae
bknsti,Recurvirostridae
bknwea1,Ploceidae
bknwea2,Ploceidae
bkpwar,Parulidae
bkrfin,Fringillidae
bkrfla1,Picidae
bkrfla2,Picidae
bkrwax,Estrildidae
bkrwhe1,Zosteropidae
bksbrf1,Passerellidae
bkskit1,Accipitridae
bkspet,Hydrobatidae
bksscb1,Timaliidae
bktflo1,Thraupidae
bktgna,Polioptilidae
bktgod,Scolopacidae
bktgul,Laridae
bkther1,Trochilidae
bktpri2,Cisticolidae
bktshr1,Monarchidae
bktshr2,Monarchidae
bktspa,Passerellidae
bkttre1,Climacteridae
bkttro2,Trogonidae
bkttro4,Trogonidae
bkttro5,Trogonidae
bkttro6,Trogonidae
bkttro7,Trogonidae
bkvori,Icteridae
bkvshe,Procellariidae
bkwcus1,Campephagidae
bkwpet,Procellariidae
bkwsta1,Sturnidae
bkwsti,Recurvirostridae
bkwvir,Vireonidae
blaant1,Thamnophilidae
blaant2,Thamnophilidae
blaant4,Thamnophilidae
blaant5,Thamnophilidae
blabab2,Leiothrichidae
blabaz1,Accipitridae
blaber1,Melanocharitidae
blabis1,Ploceidae
blabit1,Ardeidae
blabul1,Pycnonotidae
blabus1,Thamnophilidae
blabus3,Otididae
blabut1,Artamidae
blacar1,Falconidae
blacat1,Mimidae
blacin1,Furnariidae
blackc1,Sylviidae
blacks1,Muscicapidae
blacou1,Cuculidae
blacra1,Rallidae
blacuc1,Cuculidae
blacur1,Cracidae
blacur2,Cracticidae
blacus1,Campephagidae
bladro1,Dicruridae
blaeag1,Accipitridae
blafal1,Falconidae
blafan1,Rhipiduridae
blagos1,Accipitridae
blagra1,Maluridae
blagro1,Phasianidae
blagua1,Cracidae
blagui1,Numididae
blahar1,Accipitridae
blaher1,Ardeidae
blahon1,Meliphagidae
blahor1,Bucerotidae
blaill1,Pellorneidae
blainc1,Trochilidae
blakit1,Accipitridae
blalar1,Alaudidae
blalar2,Alaudidae
blalar4,Alaudidae
blalau1,Timaliidae
blalor1,Psittacidae
blaman1,Pipridae
blamet1,Trochilidae
blamon1,Monarchidae
blamun1,Estrildidae
blamyz1,Meliphagidae
blanig1,Caprimulgidae
blanun1,Bucconidae
blaori1,Oriolidae
blaoro1,Icteridae
blaoys1,Haematopodidae
blapar1,Psittacidae
blapar2,Phasianidae
blapew1,Tyrannidae
blapit1,Pachycephalidae
blaplo1,Charadriidae
blarai1,Rallidae
blared1,Muscicapidae
blarob1,Turdidae
blaros1,Fringillidae
blasha1,Muscicapidae
blasic1,Paradisaeidae
blasis1,Fringillidae
blasno1,Passeridae
blasol1,Turdidae
blaspi1,Apodidae
blasti1,Recurvirostridae
blasto1,Ciconiidae
blatap1,Rhinocryptidae
blatap2,Rhinocryptidae
blatin1,Tinamidae
blawhe1,Muscicapidae
blawoo1,Picidae
blbant1,Thamnophilidae
blbant2,Thamnophilidae
blbbab1,Pellorneidae
blbbar1,Lybiidae
blbbar2,Megalaimidae
blbbar3,Lybiidae
blbbar4,Lybiidae
blbbar5,Megalaimidae
blbboa1,Machaerirhynchidae
blbbut1,Cracticidae
blbbut2,Turnicidae
blbcap1,Phasianidae
blbcon1,Thraupidae
blbcra1,Rallidae
blbcuc1,Cuculidae
blbduc1,Anatidae
blbeat1,Meropidae
blbfai1,Maluridae
blbfir1,Estrildidae
blbflo3,Dicaeidae
blbflo4,Dicaeidae
blbflo5,Dicaeidae
blbflo6,Dicaeidae
blbfly1,Tyrannidae
blbfly2,Muscicapidae
blbfor1,Muscicapidae
blbgna1,Conopophagidae
blbgra1,Thraupidae
blbgro2,Cardinalidae
blbgul1,Laridae
blbhil1,Trochilidae
blbhon1,Meliphagidae
blbhum1,Trochilidae
blbkin1,Alcedinidae
blbkin3,Alcedinidae
blbkin4,Alcedinidae
blbmal1,Cuculidae
blbman1,Pipridae
blbmon1,Monarchidae
blbmon2,Monarchidae
blbmun1,Estrildidae
blbmyz1,Meliphagidae
blbori1,Icteridae
blbpar1,Psittacidae
blbpar2,Sylviidae
blbpar3,Sylviidae
blbpar4,Psittacidae
blbpep1,Vireonidae
blbpit1,Pittidae
blbpuf1,Bucconidae
blbpuf2,Malaconotidae
blbpuf3,Trochilidae
blbqua1,Phasianidae
blbrol1,Coraciidae
blbsan1,Pteroclididae
blbscy1,Furnariidae
blbsee1,Estrildidae
blbsee2,Thraupidae
blbsee3,Cardinalidae
blbsib1,Leiothrichidae
blbsic1,Paradisaeidae
blbtan1,Thraupidae
blbtan2,Thraupidae
blbtan3,Thraupidae
blbter1,Laridae
blbtho1,Trochilidae
blbthr1,Turdidae
blbthr2,Turdidae
blbtou1,Ramphastidae
blbtre1,Furnariidae
blbtur1,Musophagidae
blbwea1,Ploceidae
blbwoo1,Furnariidae
blbwoo2,Phoeniculidae
blbwoo3,Picidae
blbwre1,Troglodytidae
blcant1,Conopophagidae
blcant2,Thamnophilidae
blcant3,Thamnophilidae
blcapa1,Cisticolidae
blcapa2,Cisticolidae
blcbab2,Timaliidae
blcbar1,Lybiidae
blcbec1,Cotingidae
blcbul1,Pycnonotidae
blcbul2,Pycnonotidae
blcchl1,Fringillidae
blccoq1,Trochilidae
blccor1,Estrildidae
blccra1,Gruidae
blcfin1,Thraupidae
blcfly1,Tyrannidae
blcfly2,Monarchidae
blcfru1,Cotingidae
blcgna1,Conopophagidae
blchaw1,Accipitridae
blchem1,Thraupidae
blchon1,Meliphagidae
blchon2,Meliphagidae
blchor1,Bucerotidae
blchum1,Trochilidae
blchum2,Trochilidae
blcjay1,Corvidae
blcjay2,Corvidae
blckin1,Alcedinidae
blckin2,Alcedinidae
blclor1,Psittacidae
blclor2,Psittacidae
blclov1,Psittacidae
blclov2,Psittacidae
blcman1,Pipridae
blcmon1,Monarchidae
blcpar1,Psittacidae
blcpar2,Psittacidae
blcpar3,Psittacidae
blcpit1,Pittidae
blcpri1,Cisticolidae
blcpuf1,Trochilidae
blcrob1,
blcsal1,Thraupidae
blcsis1,Fringillidae
blcsis2,Fringillidae
blcspa1,Passerellidae
blcspe1,Zosteropidae
blcswa1,Hirundinidae
blcswa2,Hirundinidae
blctan1,Thraupidae
blctan2,Thraupidae
blctin1,Tinamidae
blctit1,Cotingidae
blctit4,Paridae
blctro1,Trogonidae
blctyr1,Tyrannidae
blctyr2,Tyrannidae
blcwar1,Parulidae
blcwar2,Parulidae
blcwax1,Estrildidae
blcwax2,Estrildidae
blcwoo1,Picidae
blcwoo3,Picidae
blcwoo4,Picidae
blcwoo5,Picidae
blcyuh1,Zosteropidae
blecoc1,Psittacidae
blecuc1,Cuculidae
blekin1,Alcedinidae
blelor1,Psittacidae
blemin1,Meliphagidae
blephe1,Phasianidae
blesee1,Fringillidae
blfant1,Formicariidae
blfant2,Thamnophilidae
blfapa1,Cisticolidae
blfbul1,Pycnonotidae
blfbus1,Malaconotidae
blfcan1,Fringillidae
blfcor1,Phalacrocoracidae
blfcot1,Cotingidae
blfcou1,Cuculidae
blfdac1,Thraupidae
blfdot1,Charadriidae
blfflo1,Dicaeidae
blffly1,Muscicapidae
blfgro1,Cardinalidae
blfhaw1,Accipitridae
blfhon1,Meliphagidae
blfjac1,Galbulidae
blflan1,Trochilidae
blflau1,Leiothrichidae
blflor1,Psittaculidae
blfmal1,Cuculidae
blfmon1,Monarchidae
blfmun1,Estrildidae
blfnun1,Bucconidae
blfowl1,Strigidae
blfpar2,Psittacidae
blfpar3,Estrildidae
blfpit1,Pittidae
blfred1,Muscicapidae
blfrob1,Muscicapidae
blfsan1,Pteroclididae
blfshe1,Chionidae
blfsol1,Turdidae
blfspo1,Threskiornithidae
blftan1,Thraupidae
blfter1,Laridae
blftyr1,Tyrannidae
blfwar1,Cettiidae
blfwax1,Estrildidae
blfwoo1,Artamidae
blgant2,Thamnophilidae
blgbar1,Capitonidae
blgdov1,Columbidae
blgtan1,Thraupidae
blhant1,Formicariidae
blhant2,Thamnophilidae
blhant3,Thamnophilidae
blhant4,Thamnophilidae
blhapa1,Cisticolidae
blhbul1,Aphididae
blhbun1,Emberizidae
blhbuz1,Accipitridae
blhcou1,Cuculidae
blhcou2,Cuculidae
blhduc1,Anatidae
blheag1,Accipitridae
blhfan1,Rhipiduridae
blhgon1,Malaconotidae
blhhem1,Thraupidae
blhher1,Ardeidae
blhhon1,Meliphagidae
blhhum1,Trochilidae
blhibi1,Threskiornithidae
blhjay1,Corvidae
blhlap1,Charadriidae
blhlau1,Leiothrichidae
blhmyz1,Meliphagidae
blhori1,Oriolidae
blhpar1,Psittacidae
blhpar3,Psittacidae
blhpar4,Psittacidae
blhpit1,Pittidae
blhsal1,Thraupidae
blhsap1,Trochilidae
blhsib1,Leiothrichidae
blhsis1,Fringillidae
blhspi1,Furnariidae
blhsun1,Trochilidae
blhthr1,Turdidae
blhtro1,Trogonidae
blhwax1,Estrildidae
blhwea1,Ploceidae
blhwhi1,Pachycephalidae
blhwoo1,Picidae
blkcus1,Campephagidae
blkflo1,Thraupidae
blkfra,Phasianidae
blkgui,Alcidae
blkjac1,Trochilidae
blkmag1,Corvidae
blkmag2,Corvidae
blkmam,Fringillidae
blknod,Laridae
blkoys,Haematopodidae
blkpho,Tyrannidae
blkrai,Rallidae
blksaw1,Hirundinidae
blksco1,Anatidae
blksco2,Anatidae
blksit1,Neosittidae
blkski,Laridae
blksun1,Nectariniidae
blkswa,Anatidae
blkswi,Apodidae
blkter,Laridae
blktur,Scolopacidae
blkvul,Cathartidae
bllcis1,Cisticolidae
blldac1,Thraupidae
bllpar1,Psittacidae
bllser1,Cariamidae
blltit1,Paridae
blmfin1,Thraupidae
blmgos1,
blmlea1,Chloropseidae
blmtho1,Trochilidae
blmvir1,Vireonidae
blnara1,Ramphastidae
blnchl1,Fringillidae
blncis1,Cisticolidae
blncra1,Gruidae
blnere1,Cisticolidae
blnmon1,Monarchidae
blnmou1,Coliidae
blnori1,Oriolidae
blnpar1,Psittacidae
blnpit1,Pittidae
blnsto1,Ciconiidae
blnswa2,Anatidae
blnswi1,Apodidae
blntan1,Thraupidae
blnter1,Laridae
blnwoo1,Picidae
blophe1,Phasianidae
blpfly1,Monarchidae
blpyel1,Parulidae
blrman1,Pipridae
blrpar1,Psittacidae
blrpit1,Pittidae
blrwar1,Acrocephalidae
blsant1,Thamnophilidae
blsbar1,Capitonidae
blsbil1,Phoeniculidae
blsflo1,Dicaeidae
blslor1,Psittacidae
blspuf1,Bucconidae
blsrob1,Muscicapidae
blsrob2,Petroicidae
blsspa1,Passerellidae
blswoo1,Furnariidae
bltacc1,Prunellidae
bltant1,Thamnophilidae
bltant2,Thamnophilidae
bltant3,Thamnophilidae
bltapa1,Cisticolidae
bltbab1,Timaliidae
bltbar1,Lybiidae
bltbar2,Megalaimidae
bltbob1,Odontophoridae
bltbri1,Trochilidae
bltcan1,Fringillidae
bltcot1,Cotingidae
bltcou1,Cuculidae
bltcra1,Rallidae
bltcuc1,Cuculidae
blteme1,Trochilidae
bltfal1,Falconidae
bltfan1,Rhipiduridae
bltfin1,Estrildidae
bltfly1,Tyrannidae
bltgol1,Trochilidae
bltgro1,Cardinalidae
bltgro2,Thraupidae
blthon1,Meliphagidae
blthum1,Trochilidae
bltjay1,Corvidae
bltlau1,Leiothrichidae
bltlea1,Furnariidae
bltmac1,Psittacidae
bltmal1,Ploceidae
bltman1,Trochilidae
bltmon1,Monarchidae
bltmon2,Monarchidae
bltmot1,Momotidae
bltmun1,Estrildidae
bltori1,Oriolidae
bltpar1,Sylviidae
bltpar2,Psittacidae
bltpuf1,Trochilidae
bltrob1,Petroicidae
bltrol1,Coraciidae
bltsal1,Thraupidae
bltspi1,Furnariidae
bltsta1,Trochilidae
bltsta2,Trochilidae
bltsun1,Nectariniidae
bltthi1,Furnariidae
blttit1,Cotingidae
blttit2,Aegithalidae
blttra1,Trochilidae
blttro1,Trogonidae
bltwax1,Estrildidae
bltwhi1,Pachycephalidae
bltwre1,Troglodytidae
blubun,Cardinalidae
blubus1,Otididae
blucha2,Fringillidae
blucha3,Fringillidae
blucot1,Cotingidae
blucou1,Cuculidae
blucra2,Gruidae
blucus1,Campephagidae
bludac1,Thraupidae
bluduc1,Anatidae
bluebo1,Psittacidae
bluebo4,Psittacidae
blueth,Muscicapidae
blufan1,Rhipiduridae
blufin1,Thraupidae
bluflo1,Thraupidae
blugrb1,Cardinalidae
blujay,Corvidae
blujeb1,Psophodidae
blujeb2,Psophodidae
blulor1,Psittacidae
blumoc,Mimidae
blunut1,Sittidae
blupet1,Procellariidae
blupit1,Pittidae
bluqua1,Phasianidae
blusee1,Cardinalidae
blusee4,Cardinalidae
bluswa1,Hirundinidae
blutit,Paridae
bluvan2,Vangidae
bluvan3,Vangidae
blwbis1,Ploceidae
blwbul1,Aphididae
blwkoo1,Alcedinidae
blwlap1,Charadriidae
blwlau1,Leiothrichidae
blwlea1,Chloropseidae
blwlor1,Psittacidae
blwlov1,Psittacidae
blwmin1,Leiothrichidae
blwmon1,Monarchidae
blwori1,Oriolidae
blwpar1,Psittacidae
blwpar2,Psittacidae
blwpar3,Psittacidae
blwpit1,Pittidae
blwpra1,Glareolidae
blwsal1,Thraupidae
blwsno1,Passeridae
blwtan1,Thraupidae
blwthr1,Muscicapidae
blwwar1,Acrocephalidae
blyhae1,Accipitridae
blyhor1,Bucerotidae
blykin1,Alcedinidae
blylew1,Phylloscopidae
blypaf2,Monarchidae
blypaf3,Monarchidae
blypip1,Motacillidae
blyros1,Fringillidae
blyswi1,Apodidae
blytra1,Phasianidae
bnbcht2,Tyrannidae
bnbkin1,Alcedinidae
bnbpyt1,Tyrannidae
bncbab1,Pellorneidae
bncbrt1,Megapodiidae
bncfly,Tyrannidae
bnchor1,Bucerotidae
bncjuf1,Muscicapidae
bncrai1,Rallidae
bncscb1,Timaliidae
bncwoo2,Picidae
bncwoo3,Picidae
bnhcow,Icteridae
bnhgul1,Laridae
bnhnut2,Sittidae
bnhnut,Sittidae
bnnpar2,Psittacidae
bnrcot1,Cotingidae
bnsfly1,Muscicapidae
bnttre1,Certhiidae
bnttre2,Certhiidae
bnweye1,Platysteiridae
bnwkin1,Alcedinidae
bnwpar1,Sylviidae
bnwpar2,Sylviidae
bobeat1,Meropidae
bobfly1,Tyrannidae
bobfly2,Muscicapidae
bobher1,Ardeidae
boboli,Icteridae
bocaka11,Muscicapidae
boclon2,Motacillidae
bocsun2,Nectariniidae
bocwea1,Ploceidae
boefly1,
bogcuc1,Cuculidae
bograi1,Rallidae
bohwax,Bombycillidae
bohwhi1,Pachycephalidae
boisha1,Phalacrocoracidae
bokmak1,Malaconotidae
bolbla1,Icteridae
bolear1,Furnariidae
bolpig1,Columbidae
bolrec1,Furnariidae
bolsla1,Thamnophilidae
bolspi1,Furnariidae
boltap1,Rhinocryptidae
boltyr1,Tyrannidae
boneag2,Accipitridae
bongro1,Fringillidae
bongul,Laridae
bonhon1,Zosteropidae
bonnig1,Caprimulgidae
bonpar1,Psittacidae
bonpet,Procellariidae
bonpig1,Columbidae
bonthr2,Turdidae
booeag1,Accipitridae
boorat1,Trochilidae
boorat2,Trochilidae
boowar1,Acrocephalidae
bopphe1,Phasianidae
boptyr1,Tyrannidae
borbar1,Megalaimidae
borbri1,Pityriaseidae
borchi2,Paridae
borcis1,Cisticolidae
borgrm1,Corvidae
borlea1,Chloropseidae
borowl,Strigidae
borspi1,Nectariniidae
borstu1,Cettiidae
bortre1,Corvidae
borwhi1,Pachycephalidae
borwht1,Muscicapidae
bostib1,Timaliidae
botgra,Icteridae
botlar1,Alaudidae
botspa,Passerellidae
botwea1,Ploceidae
boubat1,Platysteiridae
boucha1,Muscicapidae
boucro1,Corvidae
bouhon1,Meliphagidae
boupar2,Psittacidae
bouthi1,Locustellidae
bouthr1,Turdidae
bouwre1,Troglodytidae
bowbab1,Pellorneidae
bowfin1,Thraupidae
bowsht1,Pachycephalidae
boycus1,Campephagidae
brabus1,Malaconotidae
bracor,Phalacrocoracidae
braeme2,Trochilidae
brafri1,Meliphagidae
brahor1,Bucerotidae
brakit1,Accipitridae
bramar1,Hirundinidae
brambl,Fringillidae
bramer1,Anatidae
brant,Anatidae
brarub1,Trochilidae
brasta1,Sturnidae
braswi1,Apodidae
bratan1,Thraupidae
bratap1,Rhinocryptidae
bratea1,Anatidae
bratin1,Tinamidae
brbant1,Grallariidae
brbant2,Thamnophilidae
brbbar1,Lybiidae
brbbul1,Pycnonotidae
brbfai1,Maluridae
brbfai2,Maluridae
brbflo1,
brbfly1,Monarchidae
brbfly2,Muscicapidae
brbger1,Acanthizidae
brbhon1,Meliphagidae
brbhum2,Trochilidae
brbhum3,Trochilidae
brbhum,Trochilidae
brbmoc1,Mimidae
brbmot1,Momotidae
brbnee1,Apodidae
brbpar1,Psittacidae
brbpar2,Psittacidae
brbpar3,Psittaculidae
brbpri1,Procellariidae
brbpuf1,Bucconidae
brbrol1,Coraciidae
brbsan,Scolopacidae
brbscy1,Furnariidae
brbsol1,Turdidae
brbswa1,Hirundinidae
brbtan1,Thraupidae
brbtod1,Todidae
brbwar1,Cettiidae
brbwar2,Locustellidae
brbwhi1,Pachycephalidae
brbwoo1,Picidae
brcale1,Muscicapidae
brcbar1,Capitonidae
brcdov1,Columbidae
brcfan1,Rhipiduridae
brcfly1,Tyrannidae
brcfly3,Tyrannidae
brcfly4,Tyrannidae
brcful1,Pellorneidae
brclap1,Charadriidae
brclau1,Leiothrichidae
brcmar1,Hirundinidae
brcred1,Parulidae
brcsta1,Sturnidae
brctch1,Malaconotidae
brctyr,Tyrannidae
brcvir1,Vireonidae
brcwea1,Ploceidae
brdowl,Strigidae
brebla,Icteridae
brebul1,Pycnonotidae
brephe1,Phasianidae
brespa,Passerellidae
bretai1,Locustellidae
brewoo1,Picidae
brfgle1,Furnariidae
brfowl1,Strigidae
brftan1,Thraupidae
brfwoo1,Picidae
brgdov1,Columbidae
brgeup1,Fringillidae
brgpig1,Columbidae
brhant1,Thamnophilidae
brhapa1,Cisticolidae
brhbar1,Megalaimidae
brhcro1,Corvidae
brhgre1,Vireonidae
brhgul2,Laridae
brhhon1,Meliphagidae
brhkin1,Alcedinidae
brhpar1,Psittacidae
brhpar2,Psittacidae
brhthr1,Turdidae
brican1,Fringillidae
brigra2,Locustellidae
brihon1,Meliphagidae
bripet,Hydrobatidae
brispa1,Passerellidae
briter1,Laridae
britit,Paridae
brlwar1,Phylloscopidae
brnbar1,Lybiidae
brnbar2,Megalaimidae
brnboo,Sulidae
brncac1,Furnariidae
brncre,Certhiidae
brnfan1,Rhipiduridae
brnfan2,Rhipiduridae
brnfir1,Estrildidae
brnhao1,Strigidae
brnhao3,Strigidae
brnhor1,Bucerotidae
brnjay,Corvidae
brnnod,Laridae
brnowl,Tytonidae
brnpar1,Psittacidae
brnpel,Pelecanidae
brnpig1,Columbidae
brnpri2,Cisticolidae
brnpri3,Cisticolidae
brnrav1,Corvidae
brnshr,Laniidae
brnsku3,Stercorariidae
brnthr,Mimidae
brnwar1,Sylviidae
broacc1,Prunellidae
brobab1,Leiothrichidae
brobul1,Fringillidae
brocow1,Icteridae
brocow2,Icteridae
brocra1,Rallidae
brodip1,Cinclidae
brodro1,Dicruridae
broela1,Tyrannidae
brofal1,Falconidae
brofly1,Tyrannidae
broful1,Pellorneidae
broger1,Acanthizidae
brogos1,
broher,Trochilidae
brohon1,Meliphagidae
broill1,Pellorneidae
broinc1,Trochilidae
broinc2,Trochilidae
brojac1,Galbulidae
brojac2,Galbulidae
brolga1,Gruidae
brolor1,Psittacidae
broman1,Estrildidae
bromes1,Mesitornithidae
bronig1,Caprimulgidae
bronun1,Bucconidae
broori1,Oriolidae
bropar1,Sylviidae
bropri1,Cisticolidae
broqua1,Phasianidae
brosha1,Phalacrocoracidae
brosic1,Paradisaeidae
broson1,Locustellidae
brosun1,Nectariniidae
brotan1,Thraupidae
brotea1,Anatidae
brotho1,Acanthizidae
brotin1,Tinamidae
brotre1,Mimidae
brotre2,Climacteridae
brotwi1,Estrildidae
brqdov1,Columbidae
brratt1,Tyrannidae
brrbun1,Emberizidae
brrmin1,Campephagidae
brrsee1,Fringillidae
brrtap1,Rhinocryptidae
brrwhe10,Zosteropidae
brrwhe3,Zosteropidae
brrwhe4,Zosteropidae
brrwhe6,Zosteropidae
brrwhe8,Zosteropidae
brrwhe9,Zosteropidae
brseag1,Accipitridae
brsrob1,Muscicapidae
brtbab1,Timaliidae
brtbar1,Megalaimidae
brtcha1,Muscicapidae
brtcom1,Trochilidae
brtcur,Scolopacidae
brtgra2,Locustellidae
brther2,Trochilidae
brthum,Trochilidae
brtpar1,Psittacidae
brtpar2,Psittacidae
brtplu1,Trochilidae
brttho1,Trochilidae
brubro1,Columbidae
brubrt1,Megapodiidae
brubru1,Malaconotidae
brucuc10,Cuculidae
brucuc13,Cuculidae
brucuc1,Cuculidae
brucuc2,Cuculidae
brucuc5,Cuculidae
brufly1,Tyrannidae
brutin1,Tinamidae
bruwat1,Meliphagidae
brvear1,Trochilidae
brwcou1,Glareolidae
brweye1,Zosteropidae
brwhaw,Accipitridae
brwjac1,Jacanidae
brwowl1,Strigidae
brwpar1,Psittacidae
brwrai1,Rallidae
brwsta1,Sturnidae
brwwar1,Phylloscopidae
bryfin1,Thraupidae
bryshe1,Procellariidae
bsbeye1,Thamnophilidae
bsrcha1,Muscicapidae
bssowl,Strigidae
bswdov1,Columbidae
bswowl1,Strigidae
btbeat1,Meropidae
btbeat2,Meropidae
btbrob1,Muscicapidae
btbsun2,Nectariniidae
btbwar,Parulidae
btfgle1,Furnariidae
btgsta1,Sturnidae
bthhue1,Rhinocryptidae
btmjay,Corvidae
btnhen1,Rallidae
btnwar,Parulidae
btpphe1,Phasianidae
btpwhy1,Viduidae
btsfin1,Thraupidae
btstan1,Thraupidae
btther1,Ardeidae
btttyr1,Tyrannidae
btttyr2,Tyrannidae
btwbab1,Pellorneidae
btweye1,Platysteiridae
btweye2,Platysteiridae
btywar,Parulidae
bubbab1,Pellorneidae
bubbee2,Meropidae
bubbus1,Locustellidae
bubbut1,Turnicidae
bubcha1,Cracidae
bubcis1,Cisticolidae
bubcor1,Estrildidae
bubcur1,Cracidae
bubear2,Furnariidae
bubfly1,Muscicapidae
bubfly2,Muscicapidae
bubfly,Tyrannidae
bubgro1,Cardinalidae
bubgro2,Cardinalidae
bubhel1,Trochilidae
bubher1,Trochilidae
bubhum,Trochilidae
bubkin1,Alcedinidae
bubkin2,Alcedinidae
bubmon1,Monarchidae
bubmot1,Thraupidae
bubmot3,Thraupidae
bubmot4,Thraupidae
bubpak1,Alcedinidae
bubpak2,Alcedinidae
bubpuf1,Bucconidae
bubrai1,Rallidae
bubsab1,Trochilidae
bubsan,Scolopacidae
bubtan1,Thraupidae
bubtan2,Thraupidae
bubtyr1,Tyrannidae
bubwar1,Phylloscopidae
bubwar2,Cisticolidae
bubwre1,Troglodytidae
bucbus1,Otididae
bucgre1,Vireonidae
buchor1,Bucerotidae
bucifr1,Monarchidae
bucjac1,Galbulidae
bucjay1,Corvidae
buclau1,Leiothrichidae
bucman1,Pipridae
bucmot1,Momotidae
bucmot2,Momotidae
bucmot3,Momotidae
bucmot4,Momotidae
bucnig,Caprimulgidae
bucpar,Psittacidae
bucred1,Muscicapidae
bucsap1,Trochilidae
buctof1,Tyrannidae
budger,Psittacidae
buebar1,Megalaimidae
buebar2,Megalaimidae
buffal1,Falconidae
buffle,Anatidae
bufhel1,Trochilidae
bufhum1,Trochilidae
buflau1,Leiothrichidae
bufowl1,Strigidae
bufowl2,Strigidae
bufpar1,Psittacidae
bufpar,Psittacidae
bufpip1,Motacillidae
bufscr1,Acanthizidae
bufsee1,Thraupidae
buftuf1,Furnariidae
buftuf3,Furnariidae
buggna,Polioptilidae
buglio1,Leiothrichidae
bugnod,Laridae
bugrob1,Petroicidae
bugsta1,Sturnidae
bugtan,Thraupidae
buhcou1,Cuculidae
buhmac1,Psittacidae
buhshr1,Laniidae
buhsun1,Nectariniidae
buhvir,Vireonidae
bukwoo1,Scolopacidae
bulalb2,Diomedeidae
bulori,Icteridae
bulpet,Procellariidae
bulphe1,Phasianidae
bulshe,Procellariidae
bumbee1,Meropidae
bumhum,Trochilidae
bunere1,Cisticolidae
bunfly1,Muscicapidae
bunibi1,Threskiornithidae
bunwoo1,Picidae
burbus1,
burcou2,Glareolidae
burcus1,Campephagidae
burhon1,Meliphagidae
burjuf1,Muscicapidae
burori2,Oriolidae
burori3,Oriolidae
burowl,Strigidae
burpar5,Psittacidae
burpar,Psittacidae
bursan1,Pteroclididae
burshr1,Laniidae
burtai1,Psittacidae
burtho1,Acanthizidae
burthr1,Turdidae
burthr,Muscicapidae
burwar1,Parulidae
burwhe1,Zosteropidae
burwoo1,Picidae
burwoo3,Picidae
buryuh1,Zosteropidae
busbla1,Sylviidae
busbus1,Muscicapidae
busfla1,Picidae
busflu1,Rallidae
bushti,Aegithalidae
buspet1,Passeridae
buspip1,Motacillidae
busrob1,Petroicidae
buswid1,Ploceidae
buswoo1,Picidae
buswre1,Acanthisittidae
butapa1,Cisticolidae
butcor1,Trochilidae
butfly1,Muscicapidae
butfly2,Muscicapidae
butfog4,Furnariidae
butfog9,Furnariidae
buthil1,Trochilidae
buthum,Trochilidae
butkne1,Burhinidae
butpig1,Cracidae
butpig2,Cracidae
butpuf1,Trochilidae
butpur1,Cotingidae
butsal1,Thraupidae
butsic1,Trochilidae
butsun2,Nectariniidae
buttro1,Trogonidae
butwar1,Phylloscopidae
butwoo1,Furnariidae
buvbul1,Pycnonotidae
buvhum1,Trochilidae
buwcin1,Furnariidae
buwgoo1,Anatidae
buwlea2,Chloropseidae
buwmac1,Psittacidae
buwpar1,Psittacidae
buwpar2,Psittacidae
buwpar3,Psittacidae
buwsta1,Trochilidae
buwtea,Anatidae
buwwar,Parulidae
bwfshr1,Tephrodornithidae
bwfshr2,Tephrodornithidae
bwgdov1,Columbidae
bwmtan1,Thraupidae
bwrtai1,Psittacidae
bwwbab1,Timaliidae
bwwwre1,Troglodytidae
caaant1,Thamnophilidae
caacac1,Furnariidae
caawoo1,Picidae
cabbun1,Emberizidae
cabgoo1,Anatidae
cabgre1,Pycnonotidae
cabspi1,Furnariidae
cabtra1,Phasianidae
cacbul1,Pycnonotidae
caccan1,Furnariidae
cacgoo1,Anatidae
caclar1,
cacpar1,Psittacidae
cacwre,Troglodytidae
caeowl1,
cafdov1,Columbidae
caicha1,Fringillidae
caichi1,Phylloscopidae
caipar2,Psittacidae
caisha2,Phalacrocoracidae
caisto1,Muscicapidae
caiswi1,Apodidae
caitea1,Anatidae
calcon,Cathartidae
calgna,Polioptilidae
calgul,Laridae
calhum,Trochilidae
callar1,Alaudidae
calqua,Odontophoridae
calrai1,Rallidae
calthr,Mimidae
caltow,Passerellidae
camboo1,Strigidae
camfli1,Picidae
camfra2,Phasianidae
camgre2,Pycnonotidae
camhap1,Psittacidae
camind1,Viduidae
camlau1,Leiothrichidae
cammin2,Furnariidae
campig1,Columbidae
camscw1,Locustellidae
camspe1,Zosteropidae
camsun2,Nectariniidae
camtai1,Cisticolidae
camtro1,Icteridae
camwar,Parulidae
cancan1,Furnariidae
caneme1,Trochilidae
canfly2,Petroicidae
cangoo,Anatidae
cangro1,Furnariidae
canoys1,Haematopodidae
cantow,Passerellidae
canvas,Anatidae
canwar,Parulidae
canwre,Troglodytidae
caogre1,Pycnonotidae
capbab1,Leiothrichidae
capbat10,Platysteiridae
capbat2,Platysteiridae
capbul1,Pycnonotidae
capbun1,Emberizidae
capcan1,Fringillidae
capcon1,Thraupidae
capcor1,Phalacrocoracidae
capcro1,Macrosphenidae
capcro2,Corvidae
capfra2,Phasianidae
capgan1,Sulidae
capgls1,Sturnidae
capgra1,Macrosphenidae
capgri1,Accipitridae
capher1,Ardeidae
capowl1,Strigidae
cappet,Procellariidae
capsee1,Thraupidae
capsho1,Anatidae
capsis2,Fringillidae
capspa1,Passeridae
capsug1,Promeropidae
captea1,Anatidae
capuch1,Cotingidae
capwag1,Motacillidae
capwea1,Ploceidae
capwhe1,Muscicapidae
capwhe2,Zosteropidae
capwhe3,Zosteropidae
capwhe6,Zosteropidae
carcar1,Falconidae
carcha1,Muscicapidae
carchi,Paridae
carcis1,Cisticolidae
cardov1,Columbidae
carela1,Tyrannidae
cargra1,Icteridae
cargra2,Maluridae
carlor1,Psittacidae
carmar1,Hirundinidae
carmyz1,Meliphagidae
carmyz4,Meliphagidae
carpar1,Paradisaeidae
carpar3,Paradisaeidae
carpar,Psittacidae
carque1,Ploceidae
carrew1,Acrocephalidae
carsee1,Cardinalidae
carsun2,Nectariniidae
cartan2,Cardinalidae
cartap1,Rhinocryptidae
carthr1,Muscicapidae
cartit2,Paridae
carwoo1,Picidae
carwre,Troglodytidae
casant1,Thamnophilidae
casauk,Alcidae
casfin1,Thraupidae
casfin,Fringillidae
casfly1,Muscicapidae
casgul2,Laridae
casgul4,Laridae
cashae1,Accipitridae
cashon1,Indicatoridae
caskin,Tyrannidae
casoro2,Icteridae
casplo1,Charadriidae
cassno1,Phasianidae
casspa,Passerellidae
casspi1,Apodidae
caster1,Laridae
castit2,Paridae
casvir,Vireonidae
categr1,Ardeidae
categr2,Ardeidae
cattyr,Tyrannidae
cauant2,Thamnophilidae
caugro1,Phasianidae
caugua1,Cracidae
causno1,Phasianidae
cavshe1,Procellariidae
cavspa1,Passeridae
cavstp1,Hydrobatidae
cavswa,Hirundinidae
cavswi2,Apodidae
cavswi3,Apodidae
cawfin1,Thraupidae
cayjay1,Corvidae
caynig1,Caprimulgidae
cbbwar2,Locustellidae
cbbwar3,Locustellidae
cbbwar4,Locustellidae
cbfdov1,Columbidae
cbgcuc1,Cuculidae
cbipig1,Columbidae
cbipig2,Columbidae
cbjbab1,Psophodidae
cbmfin1,Thraupidae
cbmtan1,Thraupidae
cbqthr1,Psophodidae
cbrthr1,Muscicapidae
cbsfin,Thraupidae
cbslar1,Alaudidae
cbswea1,Passeridae
cbttyr1,Tyrannidae
ccbeat1,Meropidae
ccbfin,Passerellidae
ccbwar1,Cettiidae
ccfdov1,Columbidae
ccfgle1,Furnariidae
ccfgle2,Furnariidae
ccswea1,Passeridae
cebboo1,Strigidae
cebflo1,Dicaeidae
cecman1,Pipridae
cedwax,Bombycillidae
ceghor1,Bucerotidae
cehpar1,Psittacidae
celmon1,Monarchidae
cepfly1,Monarchidae
cercus1,Campephagidae
cerwar,Parulidae
cetwar1,Cettiidae
ceybuw1,Locustellidae
ceyfro1,Podargidae
ceyjun1,Phasianidae
ceymag1,Corvidae
ceymyn1,Sturnidae
ceyspu1,Phasianidae
ceywhe1,Zosteropidae
ceywht1,Muscicapidae
ceywop1,Columbidae
cfsbab1,Vireonidae
cfweye1,Zosteropidae
chaant1,Thamnophilidae
chaant4,Grallariidae
chaant5,Grallariidae
chaapa1,Cisticolidae
chabar1,Lybiidae
chabrt1,Tyrannidae
chabul1,Pycnonotidae
chacha1,Cracidae
chacis1,Cisticolidae
chaear1,Furnariidae
chafly1,Muscicapidae
chafly2,Muscicapidae
chafly3,Tyrannidae
chagih1,Meliphagidae
chahum1,Trochilidae
chakin2,Alcedinidae
chalor1,Psittacidae
chamoc1,Mimidae
chamoc2,Mimidae
chaowl1,Strigidae
chaoys1,Haematopodidae
chapet1,Procellariidae
chapip1,Motacillidae
charob1,Petroicidae
chaswi2,Apodidae
chavan2,Vangidae
chbant1,Thamnophilidae
chbant2,Thamnophilidae
chbbab1,Timaliidae
chbbun1,Emberizidae
chbbut2,Turnicidae
chbchi,Paridae
chbchl1,Fringillidae
chbcor1,Trochilidae
chbcot1,Cotingidae
chbcuc2,Cuculidae
chbcuc3,Cuculidae
chbcuc4,Cuculidae
chbeat1,Meropidae
chbeup1,Fringillidae
chbfan1,Rhipiduridae
chbflo1,Thraupidae
chbgna1,Conopophagidae
chbgna3,Conopophagidae
chbgua1,Cracidae
chbhel1,Prionopidae
chbhum1,Trochilidae
chbkin1,Alcedinidae
chbkin2,Alcedinidae
chblau1,Leiothrichidae
chbmal1,Cuculidae
chbmal3,Cuculidae
chbmal4,Cuculidae
chbmoc1,Mimidae
chbmon1,Monarchidae
chbmun1,Estrildidae
chbneg1,Estrildidae
chbnut2,Sittidae
chbnut3,Sittidae
chbnut4,Sittidae
chbowl1,Strigidae
chbpar1,Phasianidae
chbpar2,Phasianidae
chbpar3,Phasianidae
chbplo1,Therevidae
chbqut1,Psophodidae
chbros1,Fringillidae
chbsan,Pteroclididae
chbscb1,Timaliidae
chbscb2,Timaliidae
chbsee1,Thraupidae
chbsta1,Sturnidae
chbtan1,Thraupidae
chbtho1,Furnariidae
chbthr1,Turdidae
chbthr2,Turdidae
chbtou1,Ramphastidae
chbwar1,Locustellidae
chbwhi1,Acanthizidae
chbwre2,Troglodytidae
chbwre3,Troglodytidae
chcant1,Thamnophilidae
chcant2,Grallariidae
chcbab1,Timaliidae
chcbab2,Pomatostomidae
chcbec1,Cotingidae
chcbla2,Icteridae
chccot1,Cotingidae
chcfly1,Erythrocercidae
chcgna1,Conopophagidae
chclau2,Leiothrichidae
chclau3,Leiothrichidae
chclon,Calcariidae
chcpih1,Cotingidae
chcpuf1,Bucconidae
chcsta1,Sturnidae
chcswa2,Hirundinidae
chcswi1,Apodidae
chcter2,Laridae
chcthr1,Turdidae
chcwar2,Phylloscopidae
chcwoo1,Picidae
chcyuh1,Zosteropidae
cheant1,Thamnophilidae
cheant2,Grallariidae
cheara1,Ramphastidae
chebul1,Pycnonotidae
chebun1,Emberizidae
chebun2,Emberizidae
chelau1,Leiothrichidae
chemun,Estrildidae
chephe1,Phasianidae
chepic1,Picidae
chequt1,Psophodidae
cherai1,Rallidae
chesee1,Thraupidae
chespa1,Passeridae
chetea1,Anatidae
chethr1,Turdidae
chewea1,Ploceidae
chewoo2,Picidae
chewoo3,Picidae
chfbab1,Zosteropidae
chfhel1,Prionopidae
chfmac1,Psittacidae
chfrai1,Rallidae
chfspa1,
chgshr1,Laniidae
chgshr3,Laniidae
chhcra1,Rallidae
chhflu1,Rallidae
chhlau1,Leiothrichidae
chhnun1,Bucconidae
chhoro1,Icteridae
chhpar1,Phasianidae
chhspl1,Alaudidae
chhtan1,Thraupidae
chhtes1,Cettiidae
chhwrb1,Timaliidae
chiapa1,Cisticolidae
chibab2,Leiothrichidae
chibar1,Megalaimidae
chibat1,Platysteiridae
chibel1,Meliphagidae
chibla1,Turdidae
chibub1,Leiothrichidae
chicar1,Falconidae
chicis1,Cisticolidae
chiegr,Ardeidae
chieme1,Trochilidae
chifer1,Locustellidae
chifla1,Phoenicopteridae
chifli1,Picidae
chifra1,Phasianidae
chifri1,Fregatidae
chiful1,Sylviidae
chiger2,Acanthizidae
chigra1,Pellorneidae
chihao1,Strigidae
chilew1,Phylloscopidae
chimoc1,Mimidae
chimon1,Phasianidae
chipar1,Psittacidae
chipen2,Spheniscidae
chipig2,Columbidae
chirai1,Rallidae
chirav,Corvidae
chirub1,Muscicapidae
chisha1,Phalacrocoracidae
chisku1,Stercorariidae
chisni1,Scolopacidae
chispa,Passerellidae
chiswa1,Hirundinidae
chiswi1,Apodidae
chiswi,Apodidae
chithr1,Turdidae
chithr2,Turdidae
chitin1,Tinamidae
chityr1,Tyrannidae
chivir1,Vireonidae
chiwar1,Acrocephalidae
chiwed1,Psophodidae
chiwed2,Psophodidae
chiwig1,Anatidae
chiwoo1,Trochilidae
chmbab1,Leiothrichidae
chnant1,Grallariidae
chnfor1,Muscicapidae
chnfra2,Phasianidae
chnpar1,Phasianidae
chnpar3,Phasianidae
choale1,Muscicapidae
chobla1,Icteridae
choboo1,Strigidae
chopig1,Columbidae
chopoo1,Caprimulgidae
chospi2,Furnariidae
chotap1,Rhinocryptidae
chotin1,Tinamidae
chotou1,Ramphastidae
chotyr1,Tyrannidae
chovir1,Vireonidae
chowch1,Orthonychidae
chowoo1,Picidae
chpher1,Ardeidae
chptit1,Remizidae
chqdov1,Columbidae
chrbab1,Timaliidae
chrcha1,Muscicapidae
chrhea1,Acanthizidae
chrshe,Procellariidae
chrtho1,Acanthizidae
chrwoo1,Furnariidae
chsant1,Thamnophilidae
chsgos1,Accipitridae
chspet1,Passeridae
chswar,Parulidae
chtant1,Thamnophilidae
chtant2,Thamnophilidae
chtapa2,Cisticolidae
chtapa3,Cisticolidae
chtfly1,Monarchidae
chtjuf2,Muscicapidae
chtjuf3,Muscicapidae
chtjuf4,Muscicapidae
chtmin1,Leiothrichidae
chtsee1,Thraupidae
chtspi1,Furnariidae
chttan1,Thraupidae
chttou2,Ramphastidae
chttou3,Ramphastidae
chtwoo1,Picidae
chucis1,Cisticolidae
chucis2,Cisticolidae
chukar,Phasianidae
chutap1,Rhinocryptidae
chutap2,Rhinocryptidae
chvcon1,Thraupidae
chvnut1,Sittidae
chvtyr2,Tyrannidae
chwbab1,Timaliidae
chwbab3,Timaliidae
chwcha1,Cracidae
chwcin1,Furnariidae
chwcuc1,Cuculidae
chweye1,Platysteiridae
chwfog1,Furnariidae
chwhoo1,Furnariidae
chwqua1,Odontophoridae
chwsta1,Sturnidae
chwwht1,Muscicapidae
chwwid,Caprimulgidae
chyfin1,Thraupidae
cibatt1,Tyrannidae
cibbun1,Emberizidae
cibfan1,Rhipiduridae
cibflo1,Thraupidae
cibgrt1,Tyrannidae
cibkin1,Alcedinidae
cibmel1,Meliphagidae
cibspi1,Furnariidae
cibwar1,Locustellidae
cicada1,Campephagidae
cicada3,Campephagidae
cicada4,Campephagidae
cicada5,Campephagidae
cicada7,Campephagidae
cicfly1,Muscicapidae
cicspa1,Tyrannidae
cifdov1,Columbidae
ciftyr1,Tyrannidae
cigdov1,Columbidae
cigdov2,Columbidae
cihpig1,Columbidae
ciipig1,Columbidae
cinant1,Thamnophilidae
cinatt1,Tyrannidae
cinbec1,Cotingidae
cinbec2,Cotingidae
cinbit1,Ardeidae
cinbul1,Pycnonotidae
cinbun1,Emberizidae
cincon1,Thraupidae
cinfin1,Thraupidae
cinfly2,Tyrannidae
cingrt1,Tyrannidae
cinhao1,Strigidae
cinhar1,Accipitridae
cinhum1,Trochilidae
cinmat1,Tyrannidae
cinmou1,Cotingidae
cinsco1,Strigidae
cintan1,Thraupidae
cintea,Anatidae
cintin1,Tinamidae
cintyr1,Tyrannidae
cinvul1,Accipitridae
cinwax1,Estrildidae
cinwea1,Ploceidae
cinwhe1,Passeridae
cinwoo1,Picidae
cinwre1,Troglodytidae
cipcan1,Furnariidae
ciqthr1,Psophodidae
cirbun1,Emberizidae
cirtro1,Trogonidae
cirwar2,Acrocephalidae
citcaf1,Stenostiridae
citfan1,Rhipiduridae
citfin1,Fringillidae
cither1,Trochilidae
citspa1,Passerellidae
cittro1,Trogonidae
citwag,Motacillidae
citwar1,Parulidae
citwoo1,Furnariidae
civpih1,Cotingidae
ciweye1,Zosteropidae
ciweye2,Zosteropidae
ciwfin1,Thraupidae
ciwfin2,Thraupidae
clafra1,Phasianidae
clagre,Podicipedidae
clalew1,Phylloscopidae
clanut,Corvidae
clarai11,Rallidae
clawea1,Ploceidae
clawre1,Troglodytidae
clcrob,Turdidae
clcspa,Passerellidae
clfdov1,Columbidae
clfsco1,Strigidae
clifly1,Tyrannidae
clishb1,Vireonidae
cliswa,Hirundinidae
clocis1,Cisticolidae
clopyo1,Strigidae
clrwar1,Acrocephalidae
clscis1,Cisticolidae
clwman1,Pipridae
coamin1,Furnariidae
coatit2,Paridae
cobowl1,Tytonidae
cobpig1,Columbidae
cobpuf1,Trochilidae
cobrob1,Muscicapidae
cobscb1,Timaliidae
cobtan1,Passerellidae
cobtan2,Thraupidae
cocant1,Thamnophilidae
cocboo1,Sulidae
coccuc1,Cuculidae
cocfan4,Rhipiduridae
cocfin1,Thraupidae
cocfin2,Thraupidae
cocfin3,Thraupidae
cocfly1,Tyrannidae
cocher1,Ardeidae
cocjac1,Jacanidae
cocjac2,Galbulidae
cockat,Psittacidae
cocthr1,Turdidae
cocwoo1,Furnariidae
codfin1,Thraupidae
codpet1,Pelecanoididae
cofdov1,Columbidae
coffal1,Falconidae
cogdov,Columbidae
cogwar1,Locustellidae
cohcuc1,Cuculidae
coheme1,Trochilidae
cohmyn2,Sturnidae
coipig1,Columbidae
colant2,Thamnophilidae
colant3,Thamnophilidae
colara2,Ramphastidae
colbab1,Pellorneidae
colcha1,Cracidae
colcra2,Rallidae
colcre1,Melanopareiidae
colcro1,Corvidae
coleto1,Sturnidae
colfal1,Falconidae
colfin1,Pycnonotidae
colfly1,Muscicapidae
colgna1,Polioptilidae
colgre1,Podicipedidae
colgro1,Fringillidae
colinc1,Trochilidae
colinc3,Trochilidae
colinc4,Trochilidae
colkin17,Alcedinidae
colkin1,Alcedinidae
colkin2,Alcedinidae
colkin9,Alcedinidae
collar1,
collau1,Leiothrichidae
collor1,Psittacidae
colmyn1,Sturnidae
colnig1,Caprimulgidae
colowl1,Strigidae
colowl3,Strigidae
colpet1,Procellariidae
colplo1,
colpra,Glareolidae
colpuf1,Bucconidae
colpuf2,Trochilidae
colred1,Parulidae
colspa1,
colsun2,Nectariniidae
coltow1,Passerellidae
coltre1,Corvidae
coltro1,Trogonidae
colwar,Parulidae
combab1,Leiothrichidae
combab3,Leiothrichidae
comblh1,Accipitridae
combri2,Pycnonotidae
combro1,Columbidae
combul1,Pycnonotidae
combul2,Pycnonotidae
combuz1,Accipitridae
combuz6,Accipitridae
combuz9,Accipitridae
comcan,Fringillidae
comcha16,Fringillidae
comcha17,Fringillidae
comcha,Fringillidae
comchi1,Phylloscopidae
comcic11,Campephagidae
comcic19,Campephagidae
comcic20,Campephagidae
comcic4,Campephagidae
comcic5,Campephagidae
comcra,Gruidae
comcuc,Cuculidae
comdro1,Dicruridae
comduc2,Anatidae
comduc3,Anatidae
comeid,Anatidae
comfin1,Thraupidae
comfla1,Picidae
comgal1,Rallidae
comgol,Anatidae
comgon1,Malaconotidae
comgra,Icteridae
comgre,Scolopacidae
comhom1,Hirundinidae
comhom2,Hirundinidae
comior1,Aegithinidae
comjer1,Cisticolidae
comkin1,Alcedinidae
comloo,Gaviidae
commer,Anatidae
commin1,Furnariidae
commoo3,Rallidae
commur,Alcidae
commyn,Sturnidae
comnew1,Vangidae
comnig1,Muscicapidae
comnig,Caprimulgidae
compau,Caprimulgidae
compea,Phasianidae
compig1,Columbidae
compoc,Anatidae
compoo,Caprimulgidae
compot1,Nyctibiidae
comqua1,Phasianidae
comrav,Corvidae
comred1,Scolopacidae
comred2,Muscicapidae
comros,Fringillidae
comsan,Scolopacidae
comshe,Anatidae
comsni,Scolopacidae
comswi,Apodidae
comtai1,Cisticolidae
comter,Laridae
comthr1,Turdidae
comwax,Estrildidae
comwea1,Ploceidae
comwoo1,Tephrodornithidae
comyel,Parulidae
conmar1,Hirundinidae
conmoo1,Muscicapidae
conpea1,Phasianidae
consun2,Nectariniidae
conwar,Parulidae
cooela1,Tyrannidae
coohaw,Accipitridae
coopet,Procellariidae
cooswi1,Apodidae
copbar1,Megalaimidae
copeme1,Trochilidae
copgoo1,Anatidae
copkin1,Alcedinidae
copmet1,Trochilidae
copowl1,Strigidae
copphe1,Phasianidae
copqut1,Psophodidae
copsun2,Nectariniidae
coptho2,Trochilidae
copthr1,Muscicapidae
coqcou1,Cuculidae
coqfra2,Phasianidae
corbun1,Emberizidae
corcan1,Furnariidae
corcin1,Furnariidae
corcra,Rallidae
corfin1,Fringillidae
corhum1,Trochilidae
cornut1,Sittidae
corpip1,Motacillidae
corplo,Charadriidae
corshe1,Procellariidae
corswi,Apodidae
corwre1,Troglodytidae
cosbil1,Phoeniculidae
coseag1,Accipitridae
coshum,Trochilidae
cosowl1,Strigidae
cosowl3,Strigidae
cosswa1,Anatidae
cotcou1,Cuculidae
cotfly1,Tyrannidae
cotsun2,Nectariniidae
cottyr1,Tyrannidae
coukin,Tyrannidae
coweye1,Zosteropidae
cowfin1,Thraupidae
cowpar1,Psittacidae
cowpig1,Columbidae
cowscj1,Corvidae
cozeme1,Trochilidae
cozthr1,Mimidae
cozvir1,Vireonidae
cqrpig1,Columbidae
crachi1,Furnariidae
crahaw,Accipitridae
cramur,Alcidae
craplo1,Dromadidae
cratan1,
crbant1,Thamnophilidae
crbcan2,Furnariidae
crbcan3,Furnariidae
crbcan4,Furnariidae
crbdro1,Dicruridae
crbfin1,Thraupidae
crbfin3,Fringillidae
crbfip1,
crbfla1,Picidae
crbflo1,Dicaeidae
crbfrd1,Columbidae
crbgna1,Polioptilidae
crbgon1,Malaconotidae
crbpar1,Psittacidae
crbsun2,Nectariniidae
crbtan1,Thraupidae
crbthr1,Turdidae
crbtyr1,Tyrannidae
crbwoo2,Picidae
crbwoo4,Picidae
crbwoo5,Picidae
crbwoo6,Picidae
crbwoo7,Picidae
crcbab1,Timaliidae
crccou1,Glareolidae
crcdov1,Columbidae
crcflo1,Dicaeidae
crcgro,Cardinalidae
crcman2,Paradisaeidae
crcpuf1,Bucconidae
crcspi1,Furnariidae
crctan1,Thraupidae
crcwar,Parulidae
crcwoo1,Picidae
crcwoo2,Picidae
crearg1,Phasianidae
crearg3,Phasianidae
creauk,Alcidae
crebab1,Leiothrichidae
crebar1,Lybiidae
crebec1,Cotingidae
crebel1,Oreoicidae
creber2,Paramythiidae
creber3,Paramythiidae
crebob2,Odontophoridae
crebob3,Odontophoridae
crebul1,Pycnonotidae
crebun1,Emberizidae
crebun2,Emberizidae
crecou1,Cuculidae
crecur2,Cracidae
credor1,Tyrannidae
credro1,Dicruridae
creduc1,Anatidae
creeag1,Accipitridae
crefin1,Pycnonotidae
crefir3,Phasianidae
crefir4,Phasianidae
crefir5,Phasianidae
crefir6,Phasianidae
crefra2,Phasianidae
cregal1,Rhinocryptidae
cregos1,Thraupidae
cregua1,Cracidae
cregui2,Numididae
cregui3,Numididae
cregui4,Numididae
crehon2,Meliphagidae
crehon,Fringillidae
crehor1,Furnariidae
creibi1,Threskiornithidae
crejay1,Corvidae
crekin1,Alcedinidae
crelar1,Alaudidae
cremal1,Ploceidae
cremyn,Sturnidae
creoro1,Icteridae
creowl1,Strigidae
crepar1,Phasianidae
crepig1,Columbidae
crepit1,Oreoicidae
creque1,Trogonidae
cresat1,Cnemophilidae
creshe1,Anatidae
cresht1,Pachycephalidae
cresht2,Pachycephalidae
cresht3,Pachycephalidae
crespi1,Furnariidae
cretit2,Paridae
cretre1,Hemiprocnidae
crfant1,Grallariidae
crfbar1,Megalaimidae
crfbar3,Megalaimidae
crfcar1,Thraupidae
crfgle1,Furnariidae
crfpar,Psittacidae
crgdov1,Columbidae
crgthr1,Turdidae
crheag1,Accipitridae
crhman1,Pipridae
crhmyz1,Meliphagidae
crhpar1,Phasianidae
cricha1,Meliphagidae
crifin1,Estrildidae
crifru1,Cotingidae
crilon1,Cisticolidae
criros2,Psittacidae
crisee1,Estrildidae
crithr,Mimidae
critop1,Trochilidae
crmwoo2,Picidae
crobab1,Vangidae
crocht2,Tyrannidae
crocht3,Tyrannidae
crocis1,Cisticolidae
crocor1,Phalacrocoracidae
croeag1,Accipitridae
crohon1,Meliphagidae
crohor1,Bucerotidae
crolap1,Charadriidae
crosan1,Pteroclididae
croslf1,Tyrannidae
crowoo1,Trochilidae
crpowl,Strigidae
crqdov1,Columbidae
crrmin1,Furnariidae
crrtou1,Ramphastidae
crrwax1,Estrildidae
crsbul1,Pycnonotidae
crseag1,Accipitridae
crspar1,Psittacidae
crtwar1,Aegithalidae
crtwhe1,Zosteropidae
crtwhe2,Zosteropidae
crvbul1,Pycnonotidae
crwcin1,Furnariidae
crwfin2,Fringillidae
crwwoo1,Picidae
cryfof1,Falconidae
crytre1,Furnariidae
crywar1,Bernieridae
cssvir1,Vireonidae
cstdro1,Dicruridae
ctgsta1,Sturnidae
cthhue1,Rhinocryptidae
cubbla,Icteridae
cubblh1,Accipitridae
cubbul2,Thraupidae
cubbul3,Thraupidae
cubcro1,Corvidae
cubeme1,Trochilidae
cubgna1,Polioptilidae
cubgra,Thraupidae
cubmac1,Psittacidae
cubmar,Hirundinidae
cubpar1,Psittacidae
cubpar2,Psittacidae
cubpew1,Tyrannidae
cubree1,Furnariidae
cubscy1,Furnariidae
cubscy5,Furnariidae
cubsol1,Turdidae
cubthr,Mimidae
cubtin1,Tinamidae
cubtod1,Todidae
cubtro1,Trogonidae
cubvir1,Vireonidae
cucara1,Ramphastidae
cucjay1,Corvidae
cuckoo1,Leptosomidae
cucman1,Paradisaeidae
cugwoo1,Picidae
cunant1,Grallariidae
cupcro1,Corvidae
cupowl1,Strigidae
cursan,Scolopacidae
cutia1,Leiothrichidae
cutthr1,Estrildidae
cuzbrf1,Passerellidae
cvswar1,Acrocephalidae
cwbros1,Fringillidae
cypwar1,Sylviidae
cypwhe1,Muscicapidae
dabcin1,Furnariidae
dabcuc1,Cuculidae
dabhon1,Meliphagidae
dabros1,Fringillidae
dabspi1,Furnariidae
dabwar1,Locustellidae
dacgos1,Accipitridae
dacwhe1,Zosteropidae
daedov2,Columbidae
daedov3,Columbidae
daehon1,Meliphagidae
daejun2,Passerellidae
daejun,Passerellidae
dafbab1,Timaliidae
dafgrt1,Tyrannidae
dahori1,Oriolidae
dalpel1,Pelecanidae
damfly1,Muscicapidae
damroc1,Macrosphenidae
damter2,Laridae
dantai1,Cisticolidae
dapthr1,Arcanatoridae
darbar1,Lybiidae
darbat1,Platysteiridae
darnew1,Vangidae
darnot1,Tinamidae
darpew1,Tyrannidae
darros1,Fringillidae
darswi1,Apodidae
darter2,Anhingidae
darter3,Anhingidae
darter4,Anhingidae
darwar1,Sylviidae
darwoo1,Picidae
dasfly,Muscicapidae
dasthr1,Turdidae
datori1,Oriolidae
datori7,Oriolidae
datsee1,Thraupidae
datthr1,Turdidae
daujac1,Corvidae
daupar1,Phasianidae
daured1,Muscicapidae
dausta1,Sturnidae
davlew1,Phylloscopidae
dawmin1,Furnariidae
dawtru1,Psophiidae
dbipig1,Columbidae
dbptyr1,Tyrannidae
dbwqua1,Odontophoridae
deasof1,Furnariidae
debflo1,Thraupidae
defpar1,Psittacidae
delpig1,Columbidae
delpri1,Cisticolidae
demcra1,Gruidae
demwir1,Furnariidae
derpar1,Psittacidae
descha1,Meliphagidae
descis1,Cisticolidae
desfin2,Fringillidae
deslar1,Alaudidae
desspa1,Passeridae
desspa3,Passeridae
desspa4,Passeridae
deswhe1,Muscicapidae
dhbfin1,Passerellidae
diadov1,Columbidae
diafir1,Estrildidae
dianig1,Caprimulgidae
diaplo1,Charadriidae
diatan1,Thraupidae
diatap1,Rhinocryptidae
diatap2,Rhinocryptidae
diatro1,Trogonidae
dickci,Cardinalidae
dickes1,Falconidae
didcuc1,Cuculidae
dierai1,Rallidae
dimfan1,Rhipiduridae
dindor2,Tyrannidae
djifra1,Phasianidae
dltcuc1,Cuculidae
dobant2,Thamnophilidae
dobcou2,Glareolidae
dobfin1,Estrildidae
dobgra1,Furnariidae
dobplo1,
dobsan1,Pteroclididae
doccor,Phalacrocoracidae
docsee1,Thraupidae
dodo1,Columbidae
doecoq1,Trochilidae
dofwoo1,Picidae
dohbus1,Malaconotidae
dohthb1,Sylviidae
dolgul2,Laridae
dollar1,Coraciidae
dorcht1,Tyrannidae
dorcis1,Cisticolidae
dorgos1,Accipitridae
dosfra2,Phasianidae
dosnig1,Caprimulgidae
dotbar1,Lybiidae
dotkit1,Accipitridae
dottan1,Thraupidae
doveki,Alcidae
dovpri1,Procellariidae
dowant1,Thamnophilidae
dowcra1,Rallidae
dowwoo,Picidae
drahem1,Thraupidae
drapri1,Cisticolidae
drasee1,Thraupidae
drasis2,Fringillidae
draswi1,Apodidae
drawhi1,Pachycephalidae
drbhor1,Bucerotidae
drbpyt1,Tyrannidae
drwtyr1,Tyrannidae
dsswea1,Passeridae
dstkne,
dubfly2,Muscicapidae
dubfly3,Muscicapidae
dubjac1,Galbulidae
dubpar1,Psittacidae
dubsee1,Thraupidae
dubtan1,Passerellidae
ducatt1,Tyrannidae
duccoc1,Psittacidae
ducdov1,Columbidae
ducfly1,Stenostiridae
ducfly2,Tyrannidae
ducfly,Tyrannidae
ducfog1,Furnariidae
ducgra2,Thraupidae
ducgre1,Vireonidae
duclor1,Psittacidae
ducwin1,Estrildidae
ducwoo1,Furnariidae
duegih1,Meliphagidae
dueowl1,Strigidae
duftan1,Mitrospingidae
dugant1,Thamnophilidae
dugfin1,Thraupidae
dugoro1,Icteridae
duhpar,Psittacidae
dulfly2,Monarchidae
dulfro1,Podargidae
dulgua1,Cracidae
dulgua3,Cracidae
dumant1,Thamnophilidae
dumant3,Thamnophilidae
dunlar1,Alaudidae
dunlar4,Alaudidae
dunlar5,Alaudidae
dunlin,Scolopacidae
dunnoc1,Prunellidae
duplar1,Alaudidae
dusant1,Thamnophilidae
dusbab2,Leiothrichidae
dusbro1,Eurylaimidae
duscrm1,Hirundinidae
dusfan1,Rhipiduridae
dusfly,Tyrannidae
dusfri1,Meliphagidae
dusful1,Pellorneidae
dusger1,Acanthizidae
dusgra1,Maluridae
dusgro,Phasianidae
dushum1,Trochilidae
duslar1,Alaudidae
duslor1,Psittacidae
dusmoo1,Rallidae
dusmun1,Estrildidae
dusmyz2,Meliphagidae
dusmyz3,Meliphagidae
dusmyz4,Meliphagidae
dusmyz5,Meliphagidae
dusnig1,Caprimulgidae
duspar1,Psittacidae
duspig2,Columbidae
duspih1,Cotingidae
duspur1,Cotingidae
dusrob1,Petroicidae
dusscr1,Megapodiidae
dusscr3,Megapodiidae
dusspi1,Furnariidae
dussta1,Trochilidae
dussun2,Nectariniidae
dustap1,Rhinocryptidae
dustet1,Bernieridae
dusthr1,Turdidae
dusthr2,Turdidae
dustit2,Paridae
dustwi1,Estrildidae
duswar,Phylloscopidae
duswoo1,Artamidae
duswoo3,Scolopacidae
duswoo4,Scolopacidae
dutant1,Thamnophilidae
dutant2,Thamnophilidae
dutcan1,Furnariidae
dutdov1,Columbidae
dutfla1,Tyrannidae
duther1,Trochilidae
duweye1,Zosteropidae
dwabit1,Ardeidae
dwacas1,Casuariidae
dwacuc1,Cuculidae
dwafrd1,Columbidae
dwahon1,Indicatoridae
dwahon2,Melanocharitidae
dwajay1,Corvidae
dwakin1,Alcedinidae
dwakoe1,Cuculidae
dwatin1,Tinamidae
dwavir1,Vireonidae
dwawhi1,Acanthizidae
dwtman1,Pipridae
dybtwi1,Estrildidae
eaafie1,Thamnophilidae
eabwar1,Phylloscopidae
eacaka1,Muscicapidae
eacgos1,Accipitridae
eaclar1,
eacsun1,Nectariniidae
eactan1,Calyptophilidae
eacwar1,Phylloscopidae
eahpit1,Pittidae
eaosun1,Nectariniidae
eaowar1,Acrocephalidae
eaowar2,Sylviidae
eaptyr1,Tyrannidae
eapwhy1,Viduidae
eardov1,Columbidae
eargre,Podicipedidae
earpit1,Pittidae
earpoo1,Caprimulgidae
earque,Trogonidae
easbeg1,Pycnonotidae
easblu,Turdidae
easbri1,Dasyornithidae
easkin,Tyrannidae
easmah1,Accipitridae
easmah2,Accipitridae
easmea,Icteridae
easmog2,Pycnonotidae
easmog3,Pycnonotidae
easmog4,Pycnonotidae
easmog5,Pycnonotidae
easmog6,Pycnonotidae
easnic1,Nicatoridae
easowl1,Strigidae
easpho,Tyrannidae
easple1,Musophagidae
easros1,Psittacidae
easspi1,Meliphagidae
eastow,Passerellidae
easwah1,Meliphagidae
easwar1,Sylviidae
easwhi1,Psophodidae
easwpw1,Caprimulgidae
eatpin1,Anatidae
eawpew,Tyrannidae
eaywag1,Motacillidae
eaywag,Motacillidae
ebomyz1,Meliphagidae
ebopar1,Paradisaeidae
ecgdov1,Columbidae
eclpar1,Psittacidae
eclpar2,Psittacidae
eclpar3,Psittacidae
eclpar4,Psittacidae
ecucac1,Icteridae
ecuhil1,Trochilidae
ecupic1,Picidae
ecupie1,Trochilidae
ecutap1,Rhinocryptidae
ecuthr1,Turdidae
ecutyr1,Tyrannidae
edcsun1,Nectariniidae
edcsun3,Nectariniidae
edcsun4,Nectariniidae
edfpar1,Psittacidae
edwphe1,Phasianidae
egygoo,Anatidae
egynig1,Caprimulgidae
egyplo1,Pluvianidae
egyvul1,Accipitridae
eiamon1,Monarchidae
elblar1,Alaudidae
elctin1,Tinamidae
elecre1,Melanopareiidae
eleeup1,Fringillidae
elefal1,Falconidae
elepai4,Monarchidae
elepai5,Monarchidae
elepai,Monarchidae
elepar1,Psittacidae
elepit2,Pittidae
elepit6,Pittidae
elepit7,Pittidae
elequa,Odontophoridae
elesun1,Nectariniidae
eleter1,Laridae
eletit2,Paridae
eletro1,Trogonidae
eletro2,Trogonidae
elewoo1,Furnariidae
elfowl,Strigidae
elipig1,Columbidae
elllau1,Leiothrichidae
ellphe1,Phasianidae
ellwoo1,Picidae
elopar1,Psittacidae
eluant1,Grallariidae
elwwar1,Parulidae
embpuf1,Trochilidae
emchum1,Trochilidae
emedov2,Columbidae
emedov3,Columbidae
emesta1,Sturnidae
emetan1,Thraupidae
emishr1,Laniidae
emlwar1,Phylloscopidae
empbri1,Trochilidae
empfai1,Maluridae
empgoo,Anatidae
emppen1,Spheniscidae
emu1,Dromaiidae
engcud1,Columbidae
engthr1,Turdidae
ensowl1,Strigidae
epaori1,Icteridae
epaori4,Icteridae
equaka1,Muscicapidae
equant1,Grallariidae
equgra1,Furnariidae
ercfra,Phasianidae
erttyr1,Tyrannidae
eskcur,Scolopacidae
esmant1,Thamnophilidae
esmwoo2,Trochilidae
eswdov1,Columbidae
ethswa1,Hirundinidae
ettwoo1,Picidae
eubeat1,Meropidae
eucdov,Columbidae
eueowl1,Strigidae
eugori2,Oriolidae
eugplo,Charadriidae
eugwoo2,Picidae
euhbuz1,Accipitridae
euhgul1,Laridae
eulfly1,Tyrannidae
eunhon1,Meliphagidae
eupfly1,Muscicapidae
eupowl1,Strigidae
euptit1,Remizidae
eurbla2,Turdidae
eurbla,Turdidae
eurbul1,Fringillidae
eurbul,Fringillidae
eurcod2,Columbidae
eurcoo,Rallidae
eurcrm1,Hirundinidae
eurcur,Scolopacidae
eurdot,Charadriidae
eurgol1,Fringillidae
eurgol2,Fringillidae
eurgre1,Fringillidae
eurgri1,Accipitridae
eurhob,Falconidae
eurjac,Corvidae
eurjay1,Corvidae
eurkes1,Falconidae
eurkes,Falconidae
eurlin1,Fringillidae
eurmag1,Corvidae
eurmag3,Corvidae
eurmag5,Corvidae
eurmag6,Corvidae
eurnig1,Caprimulgidae
eurnut2,Sittidae
eurnut3,Corvidae
eurnut4,Corvidae
eurnut6,Sittidae
euroys1,Haematopodidae
eurrob1,Muscicapidae
eurrol1,Coraciidae
eursco1,Strigidae
eursco3,Strigidae
eurser1,Fringillidae
eursha1,Phalacrocoracidae
eursis,Fringillidae
eurspa1,Accipitridae
eurspo1,Threskiornithidae
eursta,Sturnidae
eurtre1,Certhiidae
eurtre3,Certhiidae
eurwar1,Acrocephalidae
eurwar2,Locustellidae
eurwig,Anatidae
eurwoo,Scolopacidae
eurwry,Picidae
eutdov,Columbidae
eutkne1,Burhinidae
eutspa,Passeridae
evegro,Fringillidae
evesco1,Strigidae
evethr1,Turdidae
evweye1,Zosteropidae
eybhor1,Bucerotidae
eyethr,Turdidae
eyjfly1,Muscicapidae
eyrfla1,Tyrannidae
eyrgra1,Maluridae
eyrthi1,Furnariidae
eywbab1,Pellorneidae
fabbow1,Ptilonorhynchidae
fabbri1,Trochilidae
fabtan1,Thraupidae
fabthr1,Turdidae
fabwax1,Estrildidae
fabwhi1,Pachycephalidae
fabwre1,Troglodytidae
faclar8,Alaudidae
faecur,Scolopacidae
faifly1,Stenostiridae
faiger1,Acanthizidae
failor1,Psittaculidae
faimar2,Hirundinidae
faipit1,Pittidae
faipri1,Procellariidae
faiter2,Laridae
falduc,Anatidae
falstd1,Anatidae
famcha1,Muscicapidae
fansaw1,Hirundinidae
fasant1,Thamnophilidae
faseag1,Accipitridae
faswre1,Troglodytidae
fatber1,Melanocharitidae
fatcuc1,Cuculidae
fatger1,Acanthizidae
fatger3,Acanthizidae
fatgra1,Locustellidae
father1,Ardeidae
fatmon1,Monarchidae
fatrav1,Corvidae
fatwar,Parulidae
fatwid1,Ploceidae
fawbab1,Pellorneidae
fbfdov1,Columbidae
fbfeye1,Thamnophilidae
fbtbab1,Timaliidae
feaowl1,Strigidae
feapet2,Procellariidae
feapet3,Procellariidae
febant1,Thamnophilidae
feonig1,Aegothelidae
fepbat1,Platysteiridae
fepoli1,Estrildidae
fepowl,Strigidae
fepspe1,Zosteropidae
ferant1,Thamnophilidae
ferbab1,Pellorneidae
ferduc,Anatidae
ferfli1,Picidae
ferfly1,Muscicapidae
ferhaw,Accipitridae
ferlar2,Alaudidae
fernbi1,Locustellidae
fernwr1,Acanthizidae
ferpar2,Phasianidae
fescoq2,Trochilidae
fescoq3,Trochilidae
fespar1,Psittacidae
fhbfin1,Passerellidae
fibara1,Ramphastidae
fibbus1,Malaconotidae
fibflo1,Dicaeidae
fibflo3,Dicaeidae
fibflo4,Dicaeidae
fibflo5,Dicaeidae
fibmyn1,Sturnidae
fibmyn2,Sturnidae
fibpic1,Picidae
fibwar1,Cettiidae
fibwoo1,Picidae
ficale2,Turdidae
ficale3,Turdidae
ficbar1,Capitonidae
ficman1,Pipridae
ficmun1,Estrildidae
fictit1,Remizidae
fiediu1,Tyrannidae
fieldf,Turdidae
fiemin1,Campephagidae
fiespa,Passerellidae
fietop1,Trochilidae
fifbis1,Ploceidae
fifser1,Fringillidae
fifthr1,Turdidae
fiipig1,Columbidae
fijgos1,
fijist1,Turdidae
fijpar1,Estrildidae
fijpet1,Procellariidae
fijshr1,Monarchidae
fijwhi1,Pachycephalidae
fijwoo1,Artamidae
fimbow1,Ptilonorhynchidae
finbul1,Pycnonotidae
fineup1,Fringillidae
finfra2,Phasianidae
finnig1,Caprimulgidae
finwhe1,Muscicapidae
fiopen1,Spheniscidae
fippar1,Psittacidae
firecr1,Regulidae
firecr3,Regulidae
fireth1,Muscicapidae
firgat1,Furnariidae
fiscro,Corvidae
fisfan1,Rhipiduridae
fisfly1,Muscicapidae
fisgre1,Pycnonotidae
fislar1,Alaudidae
fislov1,Psittacidae
fispar1,Psittacidae
fisspa,Passerellidae
fissta1,Sturnidae
fistur1,Musophagidae
fiswoo1,Picidae
fitawl1,Trochilidae
fitbar1,Megalaimidae
fitfru1,Cotingidae
fithum1,Trochilidae
fitmet1,Trochilidae
fitmyz1,Sylviidae
fitsun1,Nectariniidae
flabow2,Ptilonorhynchidae
flabow3,Ptilonorhynchidae
flabul1,Pycnonotidae
flabul3,Pycnonotidae
flafly1,Tyrannidae
flafly2,Tyrannidae
flalar1,
flamec1,Regulidae
flaowl,Strigidae
flapyt1,Tyrannidae
flarob1,Petroicidae
flasun1,Nectariniidae
flatre1,Furnariidae
flawar1,Parulidae
flbflo2,Dicaeidae
flbflo3,Dicaeidae
flbkin1,Alcedinidae
flbsun2,Nectariniidae
flbvir1,Vireonidae
flcflo2,Dicaeidae
flcflo3,Dicaeidae
flcman2,Pipridae
flctan2,Thraupidae
flctan,Cardinalidae
flfbar1,Megalaimidae
flfshe,Procellariidae
flftan1,Thraupidae
flgpig1,Columbidae
flicor1,Phalacrocoracidae
flistd1,Anatidae
flobro1,Columbidae
flocro1,Corvidae
flohae1,Accipitridae
flojuf1,Muscicapidae
flojuf2,Muscicapidae
flomin1,Campephagidae
flomon1,Monarchidae
flowhe1,Zosteropidae
flrgra1,Locustellidae
flrtan1,Thraupidae
flsjay,Corvidae
flsowl1,Strigidae
fltbab1,Zosteropidae
fltwar1,Parulidae
flushe1,Procellariidae
fluwre1,Troglodytidae
flystd1,Anatidae
fobsan1,Pteroclididae
focbus2,Malaconotidae
fooant1,Thamnophilidae
fooela1,Tyrannidae
foosco1,Strigidae
foptit1,Remizidae
forbit1,Ardeidae
forbla1,Icteridae
forcan1,Fringillidae
forela1,Tyrannidae
forfod1,Ploceidae
forfra2,Phasianidae
forhon1,Meliphagidae
forkin1,Alcedinidae
formag1,Corvidae
forowl1,Strigidae
forplo1,Charadriidae
forrai1,Rallidae
forrav1,Corvidae
forrob4,Muscicapidae
forrob6,Muscicapidae
forrot2,Muscicapidae
forswa2,Hirundinidae
forter,Laridae
forthr1,Turdidae
forwag1,Motacillidae
forwea1,Ploceidae
forwoo1,Phoeniculidae
fospar1,Pardalotidae
fosrob1,Muscicapidae
fotdro5,Dicruridae
fotfly,Tyrannidae
fotpyt1,Tyrannidae
fotsun1,Nectariniidae
fotswi1,Apodidae
fotwoo1,Trochilidae
fowswi1,Apodidae
fowthr1,Muscicapidae
foxcis1,Cisticolidae
foxkes1,Falconidae
foxspa,Passerellidae
foxwea1,Ploceidae
fraeao1,Strigidae
fragos2,
fragul,Laridae
frbtho1,Furnariidae
frbwar1,Locustellidae
frbwoo1,Picidae
freduc1,Anatidae
frenig1,Caprimulgidae
frgdov1,Columbidae
fricoq1,Trochilidae
frifan1,Rhipiduridae
frilar1,Alaudidae
frimon1,Monarchidae
frnmon1,Monarchidae
fruith1,Turdidae
ftpswi1,Apodidae
ftspet,Hydrobatidae
fubfla1,Tyrannidae
fubwoo2,Picidae
fucjuf1,Muscicapidae
fucnun1,Bucconidae
fuctan1,Thraupidae
fudtre1,Furnariidae
fuebou1,Malaconotidae
fuelon2,Motacillidae
fuesni1,Scolopacidae
fuhtan1,Thraupidae
fujnil1,Muscicapidae
fulant1,Thamnophilidae
fulcha1,Leiothrichidae
fulowl1,Strigidae
fulpar1,Sylviidae
fulpri1,Procellariidae
fulwre1,Troglodytidae
furfly1,Muscicapidae
fusfly1,Tyrannidae
fushon1,Meliphagidae
fustan1,Thraupidae
fuveup1,Fringillidae
fuwduc,Anatidae
gabaka1,Muscicapidae
gabbou1,Malaconotidae
gabbus1,Malaconotidae
gabcou1,Cuculidae
gabfru1,Cotingidae
gabgos2,Accipitridae
gabwoo1,Picidae
gabwoo3,Picidae
gadwal,Anatidae
gagcoc1,Psittacidae
gagtan1,Thraupidae
gagtan2,Thraupidae
gagwar2,Parulidae
galah,Psittacidae
galdov1,Columbidae
galfly1,Tyrannidae
galhaw1,Accipitridae
galmar1,Hirundinidae
galmoc1,Mimidae
galpen1,Spheniscidae
galpet,Procellariidae
galrai1,Rallidae
gamfly1,Muscicapidae
gamqua,Odontophoridae
ganlew1,Phylloscopidae
gareme1,Trochilidae
gargan,Anatidae
garkin1,Alcedinidae
garpit1,Pittidae
garrob1,Petroicidae
gartro1,Trogonidae
garwar1,Sylviidae
gathum1,Trochilidae
gaweye1,Zosteropidae
gawhum1,Trochilidae
gawtyr2,Tyrannidae
gbbgul,Laridae
gbesta1,Sturnidae
gbhgul2,Laridae
gbmgem1,Trochilidae
gbmtan1,Thraupidae
gbopar1,Paradisaeidae
gbopar2,Paradisaeidae
gbsfin1,Thraupidae
gbwwre1,Troglodytidae
gcbwar1,Acrocephalidae
gchwar,Parulidae
gcoroc1,Cotingidae
gcptan1,Phaenicophilidae
gcrfin,Fringillidae
gcrwar,Parulidae
gdcsun2,Nectariniidae
gencaf1,Thraupidae
genpen1,Spheniscidae
geomal1,Turdidae
geppar1,Psittacidae
gepphe1,Phasianidae
gfhpar1,Psittacidae
gfqdov,Columbidae
ghacus1,Campephagidae
giaant1,Grallariidae
giaant2,Thamnophilidae
giabab1,Leiothrichidae
giacon1,Thraupidae
giacoo1,Rallidae
giacou1,Cuculidae
giacow,Icteridae
giahum1,Trochilidae
giaibi1,Threskiornithidae
giakin1,Tyrannidae
giakin3,Alcedinidae
gialau1,Leiothrichidae
gianut1,Sittidae
giapit1,Pittidae
giasni1,Scolopacidae
giawea1,Ploceidae
giawre1,Troglodytidae
gietan1,Thraupidae
gilbar1,Capitonidae
gilfli,Picidae
gilhum1,Trochilidae
gillar1,Alaudidae
gilwhi1,Pachycephalidae
gilwoo,Picidae
giweye1,Zosteropidae
giwrai1,Rallidae
glagul,Laridae
glamac1,Psittacidae
glatan1,Thraupidae
glbbec1,Cotingidae
glbcoc1,Psittacidae
glbeme1,Trochilidae
glbgro1,Cardinalidae
glbthr1,Turdidae
glgtan1,Thraupidae
glmman2,Paradisaeidae
gloant1,Thamnophilidae
gloflo1,Thraupidae
gloibi,Threskiornithidae
glopuf2,Trochilidae
gloswi1,Apodidae
glteme1,Trochilidae
glthum1,Trochilidae
glwgul,Laridae
gmrtai1,Psittacidae
gnbcam3,Cisticolidae
gnbger1,Acanthizidae
gnbhel1,Trochilidae
gnbhum2,Trochilidae
gnbman,Trochilidae
gnbtai1,Cisticolidae
gnbtro1,Trogonidae
gnbwhe1,Zosteropidae
gncpar,Psittacidae
gnhsun1,Nectariniidae
gnlthr,Leiothrichidae
gnspig1,Columbidae
gntbri1,Pycnonotidae
gnteup1,Fringillidae
gntsun1,Nectariniidae
gnttan1,Thraupidae
gnttow,Passerellidae
gnwtea,Anatidae
gobbis1,Ploceidae
gobbun1,Emberizidae
gobchl1,Fringillidae
gobcht1,Tyrannidae
gobeup1,Fringillidae
gobfly1,Tyrannidae
gobfly2,Petroicidae
gobfru1,Cotingidae
gobful1,Sylviidae
gobger1,Acanthizidae
gobgro1,Cardinalidae
gobmag1,Corvidae
gobpuf1,Trochilidae
gobrob1,Muscicapidae
gobsal1,Thraupidae
gobsta1,Trochilidae
gobsta2,Trochilidae
gobsta4,Trochilidae
gobsta5,Sturnidae
gobwar1,Parulidae
gobwar3,Parulidae
gobwar4,Parulidae
gobwea1,Ploceidae
gobwhi1,Pachycephalidae
gocbab1,Zosteropidae
goceme1,Trochilidae
gocfly1,Tyrannidae
gochon2,Thraupidae
gockin,Regulidae
gocman1,Pipridae
gocman2,Pipridae
gocmyn1,Sturnidae
gocpar2,Psittacidae
gocspa1,Tyrannidae
gocspa,Passerellidae
goctan1,Thraupidae
goctan2,Thraupidae
goctan3,Thraupidae
goctan4,Thraupidae
goctou1,Ramphastidae
gocwoo1,Picidae
gocwoo2,Picidae
gocwoo3,Picidae
godbun1,Emberizidae
goeant1,Thamnophilidae
goetan1,Thraupidae
gofbow1,Ptilonorhynchidae
gofful2,Pellorneidae
gofgre1,Vireonidae
goflea1,Chloropseidae
gofred1,Parulidae
goftyr1,Tyrannidae
gofwoo,Picidae
gogwoo1,Picidae
gohcis1,Cisticolidae
gohman1,Pipridae
gohque1,Trogonidae
gohtan1,Thraupidae
goifin1,Thraupidae
golbab1,Timaliidae
golbow1,Ptilonorhynchidae
golbul3,Pycnonotidae
golbul4,Pycnonotidae
golcou1,Cuculidae
golcus1,Campephagidae
goldcr1,Regulidae
goldov1,Columbidae
goleag,Accipitridae
golgre1,Pycnonotidae
golher1,Ardeidae
gollor1,Psittaculidae
golmon1,Monarchidae
golmyn1,Sturnidae
golnig1,Caprimulgidae
golpar2,Sylviidae
golpar3,Psittacidae
golphe,Phasianidae
golpip1,Motacillidae
golswa1,Hirundinidae
goltan1,Thraupidae
golvir1,Vireonidae
golwhi1,Pachycephalidae
golwhi2,Pachycephalidae
gonbar1,Megalaimidae
gonfin1,Fringillidae
gontan1,Thraupidae
gonwea1,Ploceidae
gonwoo1,Picidae
goowoo1,Picidae
goppar1,Psittacidae
gopwea1,Ploceidae
goreup1,Fringillidae
gorflo1,Dicaeidae
gorpuf1,Trochilidae
gorsun1,Trochilidae
gortan1,Thraupidae
gorwoo2,Trochilidae
gosapa1,Cisticolidae
gosbun1,Emberizidae
goseup1,Fringillidae
gospar1,Psittaculidae
gospic1,Picidae
goswar1,Phylloscopidae
gotbar2,Megalaimidae
gotbar3,Megalaimidae
gotgra1,Icteridae
gotpar2,Psittacidae
gotsap1,Trochilidae
gotwoo1,Picidae
goufin3,Estrildidae
goufro1,Podargidae
goujew1,Trochilidae
goupet1,Procellariidae
gousho1,Muscicapidae
gousun1,Nectariniidae
goutou1,Ramphastidae
gowbar2,Megalaimidae
gowcac1,Icteridae
goweye1,Zosteropidae
gowgro2,Fringillidae
gowgro3,Fringillidae
gowlau1,Leiothrichidae
gowman1,Pipridae
gowpar2,Psittacidae
gowqua1,Odontophoridae
gowspa1,Passerellidae
gowsun2,Nectariniidae
gowtof1,Tyrannidae
gowwar,Parulidae
grablu1,Estrildidae
grabro1,Eurylaimidae
grabul1,Thraupidae
grabuz1,Accipitridae
gracus1,Campephagidae
graeao1,Strigidae
graela3,Tyrannidae
graela4,Tyrannidae
gragoo,Anatidae
gragra1,Icteridae
graher1,Ardeidae
grahon2,Meliphagidae
grahon3,Meliphagidae
grahon5,Meliphagidae
gralar2,Alaudidae
gramal1,Ploceidae
gramin1,Furnariidae
gramou1,Tyrannidae
gramun1,Estrildidae
granda1,Muscicapidae
granig2,Caprimulgidae
granig3,Caprimulgidae
graori1,Icteridae
graori2,Icteridae
graori3,Icteridae
graori4,Icteridae
grapet,Procellariidae
grapic1,Picidae
grapri1,Cisticolidae
grasal2,Thraupidae
grasal3,Thraupidae
grasal4,Thraupidae
graspa1,Passerellidae
graspa,Passerellidae
grathr1,Mimidae
gratre1,Mimidae
grawar1,Cettiidae
grawar,Parulidae
grbani,Cuculidae
grbbec1,Cotingidae
grbbus1,Malaconotidae
grbcam1,Cisticolidae
grbcou1,Cuculidae
grbcou2,Cuculidae
grbcra1,Rallidae
grbere1,Cisticolidae
grbfir1,Trochilidae
grbhaw1,Accipitridae
grbher1,Trochilidae
grbher2,Ardeidae
grbher3,Ardeidae
grbhon1,Meliphagidae
grbhon2,Indicatoridae
grbhum1,Trochilidae
grbkin1,Alcedinidae
grbmal1,Cuculidae
grbpar1,Psittacidae
grbpit1,Pittidae
grbrob1,Petroicidae
grbspa1,Passerellidae
grbtit1,Paridae
grbtou1,Ramphastidae
grbtur1,Musophagidae
grbtwi1,Estrildidae
grbwhi1,Pachycephalidae
grbwoo1,Picidae
grbwoo2,Picidae
grbwoo3,Picidae
grbwre1,Troglodytidae
grcbec1,Cotingidae
grcbri1,Trochilidae
grccra1,Gruidae
grcdov1,Columbidae
grcdov2,Columbidae
grcfly1,Tyrannidae
grcfly3,Muscicapidae
grcfly,Tyrannidae
grcgre1,Podicipedidae
grctan1,Thraupidae
grcter1,Laridae
grcthr1,Turdidae
grcwoo1,Picidae
grdswi1,Apodidae
greadj1,Ciconiidae
greaki2,Fringillidae
greaki3,Fringillidae
greaki4,Fringillidae
greama,Fringillidae
greani1,Cuculidae
greant1,Thamnophilidae
greant2,Grallariidae
greara1,Ramphastidae
grearg1,Phasianidae
greauk,Alcidae
grebar1,Megalaimidae
grebar2,Lybiidae
grebar3,Megalaimidae
grebit1,Ardeidae
grebow1,Ptilonorhynchidae
grebro1,Eurylaimidae
grebus1,Otididae
grecat1,Ptilonorhynchidae
grecoc1,Turdidae
grecor,Phalacrocoracidae
grecou1,Cuculidae
grecro1,Macrosphenidae
grecur1,Cracidae
gredov1,Columbidae
greegr,Ardeidae
greela1,Tyrannidae
greela,Tyrannidae
greere1,Cisticolidae
grefla1,Picidae
grefla2,Phoenicopteridae
grefla3,Phoenicopteridae
grefla4,Picidae
greflo1,Thraupidae
grefly1,Tyrannidae
grefri,Fregatidae
gregre1,Podicipedidae
greher1,Trochilidae
grehon1,Thraupidae
grehon2,Indicatoridae
grehor1,Bucerotidae
grehyl1,Cettiidae
greibi1,Threskiornithidae
greind1,Viduidae
greior1,Aegithinidae
greior2,Aegithinidae
grejac2,Galbulidae
grejer1,Cisticolidae
grejun1,Phasianidae
grejun2,Phasianidae
grekes1,Falconidae
grekis,Tyrannidae
grekno,Scolopacidae
grelic1,Cuculidae
gremag1,Corvidae
greman1,Trochilidae
greman2,Pipridae
gremel1,Melampittidae
grenig1,Caprimulgidae
greori1,Oriolidae
greoro1,Icteridae
grepar1,Sylviidae
grepar,Psittacidae
grepea1,Phasianidae
grepew,Tyrannidae
grepot1,Nyctibiidae
grepuf1,Trochilidae
grerhe1,Rheidae
greroa,Cuculidae
greros1,Fringillidae
greros2,Psittacidae
gresap1,Trochilidae
gresca,Anatidae
gresch2,Cotingidae
grescy1,Furnariidae
greshe,Procellariidae
gresho1,Muscicapidae
gresht1,Tyrannidae
gresku1,Stercorariidae
gresni1,Scolopacidae
grespi2,Furnariidae
grests1,Hirundinidae
gretea1,Anatidae
gretho1,Trochilidae
gretho2,Furnariidae
grethr1,Turdidae
gretin1,Tinamidae
gretin2,Lybiidae
gretit1,Paridae
gretit2,Paridae
gretyr1,Tyrannidae
grewar2,Phylloscopidae
grewar3,Phylloscopidae
grewhi1,Sylviidae
grewoo1,Artamidae
grewoo2,Phoeniculidae
grexen1,Furnariidae
greyel1,Picidae
greyel,Scolopacidae
grfdov1,Columbidae
grfhaw1,
grfhum1,Trochilidae
grflan1,Trochilidae
grfpar1,Estrildidae
grglea1,Chloropseidae
grgmac,Psittacidae
grgowl,Strigidae
grgrob1,Petroicidae
grgtan1,Thraupidae
grgwar1,Locustellidae
grhcha1,Cracidae
grhgul,Laridae
grhkit1,Accipitridae
grhlar1,Alaudidae
grhori1,Oriolidae
grhowl2,Strigidae
grhowl,Strigidae
grhpip1,Cotingidae
grhtan1,Thraupidae
grhtan2,Thraupidae
grifin1,Thraupidae
grilon1,Motacillidae
gripig1,Columbidae
grkfin,Fringillidae
grkwhe1,Zosteropidae
grnava1,Estrildidae
grnbee1,Meropidae
grnbee2,Meropidae
grnbee3,Meropidae
grnfig1,Oriolidae
grnher,Ardeidae
grnimp2,Columbidae
grnimp5,Columbidae
grnjay,Corvidae
grnkin,Alcedinidae
grnlon1,Cisticolidae
grnman1,Pipridae
grnpar2,Psittacidae
grnpar,Psittacidae
grnpyg1,Anatidae
grnsan,Scolopacidae
grnsun1,Nectariniidae
grnsun2,Nectariniidae
grntan1,Thraupidae
grnvie1,Trochilidae
grnwar1,Phylloscopidae
grnwoo3,Picidae
grocus1,Campephagidae
gropar1,Psittacidae
grothr1,Turdidae
grothr2,Turdidae
grotit1,Paridae
growea1,Ploceidae
growoo1,Picidae
grpchi,Phasianidae
grpeag1,Accipitridae
grpfin1,Thraupidae
grpsni1,Rostratulidae
grrpar1,Psittacidae
grrspa1,Passeridae
grrswi1,Apodidae
grrtai1,Psittacidae
grrwar1,Acrocephalidae
grrwoo1,Furnariidae
grsbab1,Vireonidae
grsbop1,Paradisaeidae
grsbop1,Paradisaeidae
grscuc1,Cuculidae
grseag1,Accipitridae
grsfly1,Ptilogonatidae
grshon1,Meliphagidae
grskiw1,Apterygidae
grsplo,Charadriidae
grsvir1,Vireonidae
grswar1,Locustellidae
grswar2,Acrocephalidae
grswoo1,Picidae
grswoo,Picidae
grtcar1,Trochilidae
grtcha1,Cardinalidae
grtdro1,Dicruridae
grteme1,Trochilidae
grtgol1,Trochilidae
grtgra,Icteridae
grtjac1,Galbulidae
grtkne1,Burhinidae
grtlea1,Furnariidae
grtman1,Trochilidae
grtsun1,Nectariniidae
grttra1,Trochilidae
grtwar1,Parulidae
grwpel1,Pelecanidae
grwpet2,Procellariidae
grwpet3,Procellariidae
grwpyt1,Estrildidae
grwsal1,Thraupidae
grwtyr1,Tyrannidae
gryant1,Thamnophilidae
gryant2,Thamnophilidae
gryapa1,Cisticolidae
grybun,Emberizidae
grybus1,Muscicapidae
grybut1,Cracticidae
grycat,Mimidae
grycis1,Cisticolidae
grycro1,Corvidae
grycur1,Cracticidae
grycus1,Campephagidae
gryela1,Tyrannidae
gryela2,Tyrannidae
gryela3,Tyrannidae
gryemt1,Locustellidae
gryfal1,Falconidae
gryfan1,Rhipiduridae
gryfin1,Thraupidae
gryfin2,Thraupidae
gryfin3,Thraupidae
gryfly,Tyrannidae
gryfra,Phasianidae
gryfri1,Meliphagidae
grygab1,Musophagidae
gryger1,Acanthizidae
grygos1,
grygra1,Maluridae
grygre1,Pycnonotidae
grygrt1,Turdidae
grygul,Laridae
gryhaw2,Accipitridae
gryhaw3,Accipitridae
gryhon1,Meliphagidae
gryimp1,Columbidae
gryjay,Corvidae
grykes1,Falconidae
grykin,Tyrannidae
grylau1,Leiothrichidae
grylon1,Macrosphenidae
grymon1,Tyrannidae
grynig1,Caprimulgidae
grynig2,Caprimulgidae
grynod1,Laridae
grypar10,Psittacidae
grypar,Phasianidae
grypep2,Phasianidae
grypep3,Phasianidae
grypra1,Glareolidae
grysee1,Thraupidae
grysht1,Pachycephalidae
grysib1,Leiothrichidae
grytif1,Muscicapidae
grytin1,Tinamidae
grytit1,Paridae
grytre1,Corvidae
gryvir,Vireonidae
grywaf1,Thraupidae
grywag,Motacillidae
grywhi2,Pachycephalidae
grywoo1,Picidae
grywre1,Troglodytidae
grywrw1,Cisticolidae
gsbfin1,Passerellidae
gsgdov1,Columbidae
gstlar1,Alaudidae
gstswi1,Apodidae
gtmgem1,Trochilidae
guacar2,Falconidae
guacor1,Phalacrocoracidae
guacro1,Corvidae
guadwk1,Alcedinidae
guafly1,Monarchidae
guahon1,Meliphagidae
guaiab1,Psittacidae
guarai1,Rallidae
guathi1,Locustellidae
guathi2,Locustellidae
guawoo1,Picidae
guawoo2,Picidae
gubter2,Laridae
gubter3,Laridae
gufgle1,Furnariidae
guhwhi1,Pachycephalidae
guicuc1,Cuculidae
guigna3,Polioptilidae
guigna4,Polioptilidae
guipuf1,Bucconidae
guista1,Thamnophilidae
guitan1,Thraupidae
guitou1,Ramphastidae
guitur1,Musophagidae
guityr1,Tyrannidae
guiwaa1,Thamnophilidae
gunhaw1,Accipitridae
gurcot1,Cotingidae
gureag1,Accipitridae
gurpit1,Pittidae
gursug1,Promeropidae
gusgro,Phasianidae
guspet,Hydrobatidae
gwfgoo,Anatidae
gybant1,Thamnophilidae
gybbab1,Pellorneidae
gybbab2,Locustellidae
gybbul1,Pycnonotidae
gybcom1,Trochilidae
gybfis1,Laniidae
gybflo1,Thraupidae
gybfly1,Tyrannidae
gybfra1,Phasianidae
gybhaw1,Accipitridae
gybhaw2,Accipitridae
gybmar,Hirundinidae
gybmot1,Ramphastidae
gybmun1,Estrildidae
gybpar1,Psittacidae
gybpar3,Phasianidae
gybpar4,Phasianidae
gybpar5,Phasianidae
gybpar6,Phasianidae
gybpri1,Cisticolidae
gybrob1,Petroicidae
gybsab1,Trochilidae
gybsab4,Trochilidae
gybsab5,Trochilidae
gybsee1,Thinocoridae
gybshr1,Laniidae
gybsht1,Tyrannidae
gybspi1,Furnariidae
gybspi2,Nectariniidae
gybspl1,Alaudidae
gybstp1,Hydrobatidae
gybtac1,Tyrannidae
gybtai1,Cisticolidae
gybter1,Laridae
gybtes1,Cettiidae
gybthr1,Turdidae
gybwow3,Troglodytidae
gybwrb1,Timaliidae
gycbab1,Pomatostomidae
gycbul2,Pycnonotidae
gycbul3,Pycnonotidae
gyccro1,Leiothrichidae
gyccuc,Cuculidae
gycfin1,Thraupidae
gycfly1,Tyrannidae
gycful1,Pellorneidae
gycful3,Pellorneidae
gycful4,Pellorneidae
gycful5,Pellorneidae
gycgre1,Vireonidae
gychel1,Prionopidae
gychem1,Thraupidae
gycher1,Trochilidae
gycill1,Arcanatoridae
gycjuf1,Muscicapidae
gycmin1,Campephagidae
gycmun1,Estrildidae
gycnun1,Bucconidae
gycpar1,Psittacidae
gycpig1,Columbidae
gycpri1,Cisticolidae
gycshr1,Laniidae
gyctet1,Bernieridae
gycthr,Turdidae
gyctib1,Timaliidae
gyctib3,Timaliidae
gyctit1,Paridae
gyctyr1,Tyrannidae
gyctyr2,Tyrannidae
gycwar1,Phylloscopidae
gycwar2,Phylloscopidae
gycwar3,Cisticolidae
gycwoo1,Picidae
gycwor1,Rallidae
gycyel,Parulidae
gyebul1,Pycnonotidae
gyegre1,Vireonidae
gyfbuz1,Accipitridae
gyfcin1,Furnariidae
gyfhon1,Meliphagidae
gyflio1,Leiothrichidae
gyftib1,Timaliidae
gyfwoo1,Picidae
gygbus1,Malaconotidae
gygfrd1,Columbidae
gygfrd2,Columbidae
gygscr1,Acanthizidae
gyhalb,Diomedeidae
gyhant1,Thamnophilidae
gyhatt1,Tyrannidae
gyhbab1,Timaliidae
gyhbat1,Platysteiridae
gyhbri1,Pycnonotidae
gyhbro1,Eurylaimidae
gyhbul1,Aphididae
gyhbul2,Fringillidae
gyhbul5,Fringillidae
gyhbun1,Emberizidae
gyhbus1,Malaconotidae
gyhbut1,Thraupidae
gyhcaf1,Stenostiridae
gyhchi,Paridae
gyhcus1,Campephagidae
gyhdov1,Columbidae
gyhfie1,Accipitridae
gyhfly1,Tyrannidae
gyhfrd1,Columbidae
gyhgos1,
gyhgre1,Pycnonotidae
gyhhon1,Meliphagidae
gyhimp1,Columbidae
gyhkin1,Alcedinidae
gyhlap1,Charadriidae
gyhlov1,Psittacidae
gyhmun1,Estrildidae
gyhneg1,Estrildidae
gyholi1,Estrildidae
gyhpar1,Psittacidae
gyhpar2,Psittacidae
gyhpar3,Sylviidae
gyhpar4,Sylviidae
gyhrob1,Petroicidae
gyhrob2,Petroicidae
gyhsif1,Thraupidae
gyhsil1,Estrildidae
gyhsow1,Passeridae
gyhspa1,Passeridae
gyhspi1,Furnariidae
gyhsun1,Nectariniidae
gyhsun2,Nectariniidae
gyhtof1,Tyrannidae
gyhvul1,Cathartidae
gyhwar1,Parulidae
gyhwar2,Phylloscopidae
gyhwhe1,Zosteropidae
gyhwoo1,Picidae
gyltin1,Tinamidae
gymwre1,Troglodytidae
gynant1,Grallariidae
gynroc1,Picathartidae
gyogre1,Pycnonotidae
gyrfal,Falconidae
gyrswa1,Hirundinidae
gyrswi5,Apodidae
gyrtre1,Hemiprocnidae
gysbuw1,Cettiidae
gysflo1,Dicaeidae
gysfly1,Muscicapidae
gysfra1,Phasianidae
gyslau,Leiothrichidae
gysscb1,Timaliidae
gysthr1,Turdidae
gytbab1,Timaliidae
gytbar1,Lybiidae
gytbul1,Pycnonotidae
gytmar1,Hirundinidae
gytpih1,Cotingidae
gytrai1,Rallidae
gyttat1,Scolopacidae
gyttif1,Muscicapidae
gytwaf1,Thraupidae
gytwar1,Parulidae
gytwhe2,Zosteropidae
gytwhe4,Zosteropidae
gytwhe5,Zosteropidae
gywbla1,Turdidae
gywcot1,Cotingidae
gywfra1,Phasianidae
gywinf1,Thraupidae
gywroc1,Muscicapidae
gywtru1,Psophiidae
habbar1,Lybiidae
habbul1,Pycnonotidae
habfly1,Muscicapidae
hacant1,Thamnophilidae
hacdro1,Dicruridae
hacdro3,Dicruridae
hackin1,Alcedinidae
hacspa1,Passerellidae
hadibi1,Threskiornithidae
haipar1,Phasianidae
haiwoo,Picidae
halbab1,Pomatostomidae
halcus1,Campephagidae
halgob1,Pycnonotidae
halori1,Oriolidae
halwar1,Phylloscopidae
hamerk1,Scopidae
hamfly,Tyrannidae
hanboo1,Strigidae
hanboo2,Strigidae
hanfly1,Tyrannidae
hanfra2,Phasianidae
hanfru1,Cotingidae
hansun1,Nectariniidae
hapwre1,Troglodytidae
harant1,Thamnophilidae
harbab1,Leiothrichidae
harbus2,Otididae
harduc1,Anatidae
harduc,Anatidae
hareag1,Accipitridae
harfra3,Phasianidae
harfra4,Phasianidae
hargul1,Laridae
harlew1,Phylloscopidae
harqua1,Phasianidae
harspa,Passerellidae
hartur1,Musophagidae
hattyr1,Tyrannidae
hauthr1,Turdidae
hauthr3,Turdidae
hawama,Fringillidae
hawcoo,Rallidae
hawcre,Fringillidae
hawcro,Corvidae
hawduc,Anatidae
hawfin,Fringillidae
hawgoo,Anatidae
hawhaw,Accipitridae
hawmam1,Fringillidae
hawoo,Mohoidae
hawpet1,Procellariidae
hawrai1,Rallidae
hawrai,Rallidae
hazgro1,Phasianidae
heegul,Laridae
heicra1,Rallidae
heishe1,Procellariidae
helcur1,Cracidae
helfri1,Meliphagidae
helgui,Numididae
helhor1,Bucerotidae
helman1,Pipridae
helmyn1,Sturnidae
helpip1,Motacillidae
helvan1,Vangidae
helwoo1,Picidae
hemhor1,Bucerotidae
hemwea1,Ploceidae
hengos1,Accipitridae
henpet1,Procellariidae
henspa,Passerellidae
heptan,Cardinalidae
heptyr1,Tyrannidae
hercha1,Muscicapidae
herpet2,Procellariidae
herthr,Turdidae
herwar,Parulidae
heswoo1,Picidae
heubus1,Otididae
heufra1,Phasianidae
heuwhe1,Muscicapidae
hfptyr1,Tyrannidae
hhfgle1,Furnariidae
hibfly1,Muscicapidae
hibfly3,Muscicapidae
hibfly4,Muscicapidae
hifdov1,Columbidae
higela2,Tyrannidae
higela3,Tyrannidae
higgua1,Cracidae
higlar1,
higmot1,Momotidae
higtin1,Tinamidae
hilfra2,Phasianidae
hilmyn,Sturnidae
hilpar1,Phasianidae
hilpig1,Columbidae
hilpri1,Cisticolidae
hilpri2,Cisticolidae
hilsta1,Sturnidae
himacc1,Prunellidae
himblu1,Muscicapidae
himcuc1,Cuculidae
himfla1,Picidae
himgri1,Accipitridae
himmon1,Phasianidae
himowl1,Strigidae
himqua1,Phasianidae
himrub1,Muscicapidae
himsno,Phasianidae
himswi2,Apodidae
himthr1,Turdidae
himwoo1,Picidae
hipbab1,Leiothrichidae
hirwar1,Acrocephalidae
hirwar2,Locustellidae
hiscro,Fringillidae
hiseme1,Trochilidae
hislic1,Cuculidae
hispar1,Psittacidae
hispar,Psittacidae
hispew1,Tyrannidae
hisspi,Spindalidae
histro1,Trogonidae
hiswoo1,Picidae
hoapuf1,Trochilidae
hoatzi1,Opisthocomidae
hobbul1,Pycnonotidae
hobcuc1,Cuculidae
hobher2,Trochilidae
hobkin1,Alcedinidae
hobkit2,Accipitridae
hobkit,Accipitridae
hobvan1,Vangidae
hodfro1,Podargidae
hodhac1,Cuculidae
hodred1,Muscicapidae
hofwoo1,Picidae
hofwoo2,Furnariidae
hogwea1,Ploceidae
hohgre1,Podicipedidae
homtan1,Thraupidae
homtou1,Ramphastidae
honeme1,Trochilidae
hongre1,Pycnonotidae
hooant1,Grallariidae
hoober2,Cotingidae
hoobut1,Cracticidae
hoocra1,Gruidae
hoocro1,Corvidae
hoocus1,Campephagidae
hoogna1,Conopophagidae
hoogre1,Podicipedidae
hoogro1,Fringillidae
hoomer,Anatidae
hoomoc1,Mimidae
hoomon1,Monarchidae
hoomun1,Estrildidae
hooori,Icteridae
hoopar1,Psittaculidae
hoopit11,Pittidae
hoopit1,Oriolidae
hoopit4,Pittidae
hoopit8,Pittidae
hooplo2,Charadriidae
hoopoe,Upupidae
hoorob1,Petroicidae
hoosis1,Fringillidae
hootan1,Thraupidae
hootin1,Tinamidae
hootre1,Corvidae
hoovis2,Trochilidae
hoovul1,Accipitridae
hoowar,Parulidae
hoowhe1,Muscicapidae
hooyel1,Parulidae
horbab2,Pellorneidae
horcoo1,Rallidae
horcur2,Cracidae
horcur3,Cracidae
horgre,Podicipedidae
horgua1,Cracidae
horlar,Alaudidae
horpar2,Psittacidae
horpar3,Psittacidae
horpuf,Alcidae
horscr1,Anhimidae
horsun2,Trochilidae
horswi1,Apodidae
hosbro1,Eurylaimidae
hotbar1,Leiothrichidae
hotbut1,Turnicidae
hotbut3,Turnicidae
hotspi1,Furnariidae
hottea1,Anatidae
houbun2,Emberizidae
houbun3,Emberizidae
houbus1,Otididae
houcro1,Corvidae
houfin,Fringillidae
houspa,Passeridae
houswi1,Apodidae
houwre10,
houwre11,
houwre3,Troglodytidae
houwre4,Troglodytidae
houwre5,Troglodytidae
houwre8,
houwre,Troglodytidae
hrshaw,Accipitridae
huatin1,Tinamidae
hubtyr1,Tyrannidae
hudcan1,Furnariidae
hudgod,Scolopacidae
huia1,Callaeatidae
humant1,Thamnophilidae
humher1,Ardeidae
humlar1,Alaudidae
humowl1,Strigidae
humpen1,Spheniscidae
humphe1,Phasianidae
humsap2,Trochilidae
humsun2,Nectariniidae
humwar1,Phylloscopidae
humwhe1,Zosteropidae
humwhe2,Muscicapidae
huncis1,Cisticolidae
hunsun2,Nectariniidae
huoast1,Paradisaeidae
huomel1,Meliphagidae
hutshe1,Procellariidae
hutvir,Vireonidae
hyamac1,Psittacidae
hyavis1,Trochilidae
hypoco1,Hypocoliidae
ibamal1,Ploceidae
ibechi2,Phylloscopidae
ibesee1,Thraupidae
ibgshr1,Laniidae
ibisbi1,Ibidorhynchidae
ictgre1,Pycnonotidae
ictwar1,Acrocephalidae
iheant1,Thamnophilidae
iiwi,Fringillidae
ijlwar1,Phylloscopidae
imewaa1,Thamnophilidae
imispa1,
immant1,Thamnophilidae
immwrb1,Pnoepygidae
impeag1,Accipitridae
imppar1,Psittacidae
impsni1,Scolopacidae
impwoo1,Picidae
inawoo1,Furnariidae
inawoo2,Trochilidae
inbkin2,Alcedinidae
inbrob1,Muscicapidae
incdov,Columbidae
incfly1,Tyrannidae
inchum1,Trochilidae
incter1,Laridae
incwre1,Troglodytidae
indbar1,Megalaimidae
indbun,Cardinalidae
indbus1,Otididae
indbus2,
indbus3,
indcha1,Muscicapidae
indcor1,Phalacrocoracidae
indcou1,Glareolidae
indcuc1,Cuculidae
indcus1,Campephagidae
indflo1,Thraupidae
indfly1,Muscicapidae
indful1,Sylviidae
indmac1,Psittacidae
indnig1,Caprimulgidae
indpit1,Pittidae
indrob1,Muscicapidae
indrol2,Coraciidae
indrol3,Coraciidae
indsil,Estrildidae
indski1,Laridae
indswi1,Apodidae
indthk1,Burhinidae
indtit1,Paridae
indvul1,Accipitridae
indwhe1,Zosteropidae
indyuh1,Zosteropidae
inghor2,Bucerotidae
ingori1,Oriolidae
inirai1,Rallidae
inldot2,Charadriidae
inltho1,Acanthizidae
inpher1,Ardeidae
insbab1,Timaliidae
inseag1,Accipitridae
insowl1,Strigidae
integr1,Ardeidae
integr2,Ardeidae
integr3,Ardeidae
invrai1,Rallidae
inwpar1,Psittacidae
iphmon2,Monarchidae
iqugna1,Polioptilidae
irabab1,Leiothrichidae
irgjay1,Corvidae
iriaka1,Muscicapidae
irilor1,Psittacidae
isabuh1,Rallidae
isaori1,Oriolidae
isashr1,Laniidae
isawhe1,Muscicapidae
isbduc1,Anatidae
iscdov1,Columbidae
isipig1,Columbidae
islfly1,Muscicapidae
isllew10,Phylloscopidae
isllew9,Phylloscopidae
islmon1,Monarchidae
islthr22,Turdidae
islthr24,Turdidae
islthr28,Turdidae
islthr30,Turdidae
islthr36,Turdidae
islthr40,Turdidae
islthr48,Turdidae
islthr9,Turdidae
islwar1,Phylloscopidae
islwhi2,Pachycephalidae
issjay,Corvidae
istwre1,Troglodytidae
itaspa1,Passeridae
itaspi1,Furnariidae
itonig1,Caprimulgidae
itubat1,Platysteiridae
ivbara1,Ramphastidae
ivbpit1,Pittidae
ivbwoo1,Furnariidae
ivbwoo,Picidae
ivogul,Laridae
izuthr1,Turdidae
jabiru,Ciconiidae
jabwar1,Locustellidae
jabwar,Cettiidae
jacbuz1,Accipitridae
jacfra2,Phasianidae
jachor1,Bucerotidae
jacpen1,Spheniscidae
jacsni,Scolopacidae
jacwid1,Ploceidae
jacwin1,Petroicidae
jafdov1,Columbidae
jamant1,Estrildidae
jambec1,Cotingidae
jambla1,Icteridae
jamcro1,Corvidae
jamela1,Tyrannidae
jameup1,Fringillidae
jamfir1,Estrildidae
jamfla1,Phoenicopteridae
jamind1,Viduidae
jamlic1,Cuculidae
jamman1,Trochilidae
jamori1,Icteridae
jamowl1,Strigidae
jampau,Caprimulgidae
jampew1,Tyrannidae
jamspi,Spindalidae
jamtod1,Todidae
jamvir1,Vireonidae
jamwoo1,Picidae
janher1,Ardeidae
janpar1,Psittacidae
japacc1,Prunellidae
japcor1,Phalacrocoracidae
japfly1,Monarchidae
japgro1,Fringillidae
japher1,Ardeidae
japmur1,Alcidae
japqua,Phasianidae
japrob2,Muscicapidae
japrob3,Muscicapidae
japspa1,
japthr1,Turdidae
japwag1,Motacillidae
japwax1,Bombycillidae
japwoo1,Picidae
jasowl1,Strigidae
jasowl2,Strigidae
javcoc1,Turdidae
javcus1,Campephagidae
javfla1,Picidae
javfro2,Podargidae
javfro3,Podargidae
javful1,Pellorneidae
javhae1,Accipitridae
javkin1,Alcedinidae
javmun1,Estrildidae
javowl1,Strigidae
javplo1,
javspa,Estrildidae
javtes1,Cettiidae
javtro1,Trogonidae
javwht1,Muscicapidae
jaweye1,Platysteiridae
jaweye2,Zosteropidae
jawpig1,Columbidae
jelcht1,Tyrannidae
jerbab1,Sylviidae
jerbaz1,Accipitridae
jerbus1,Muscicapidae
jerbus2,
jercou1,Glareolidae
jerlea1,Chloropseidae
jernig1,Caprimulgidae
jetant1,Thamnophilidae
jetman2,Pipridae
jfttyr1,Tyrannidae
jgtwhe1,Zosteropidae
jobman1,Paradisaeidae
jocant1,Grallariidae
johsun2,Nectariniidae
johtot1,Tyrannidae
jopind1,Viduidae
joslor1,Psittacidae
jottyr1,Tyrannidae
joupet,Procellariidae
joygre1,Pycnonotidae
jrswar1,Locustellidae
jubqua1,Phasianidae
juffir1,Trochilidae
jufpet,Procellariidae
junbab2,Leiothrichidae
juncan1,Furnariidae
jungre1,Podicipedidae
junhao1,Strigidae
junmyn1,Sturnidae
junowl1,Strigidae
junpri1,Cisticolidae
juntap1,Rhinocryptidae
juntit1,Paridae
kafwhe1,Zosteropidae
kagu1,Rhynochetidae
kaicus1,Campephagidae
kakapo2,Psittacidae
kakawa,Fringillidae
kalgra1,Maluridae
kalphe,Phasianidae
kamao,Turdidae
kamwea1,Ploceidae
kanfan1,Rhipiduridae
kanhon1,Meliphagidae
kanwax1,Estrildidae
karapa2,Cisticolidae
karapa3,Cisticolidae
karbus1,Otididae
karcha1,Muscicapidae
karlar2,Alaudidae
karpri1,Cisticolidae
karthr1,Turdidae
kasfly1,Muscicapidae
kasnut1,Sittidae
kasrob1,Muscicapidae
kasrob2,Muscicapidae
kattyr1,Tyrannidae
kauama,Fringillidae
kauoo,Mohoidae
kawpar1,Psittacidae
kaynig1,Caprimulgidae
kbfdov1,Columbidae
kbopar1,Paradisaeidae
kea1,Psittacidae
kebmot1,Momotidae
kebtou1,Ramphastidae
kelgoo1,Anatidae
kelgul,Laridae
kemlon1,Macrosphenidae
kenplo1,Charadriidae
kensta1,Sturnidae
kenwar,Parulidae
kerlau2,Leiothrichidae
kerlau3,Leiothrichidae
kerpet2,Procellariidae
kerpet,Procellariidae
kerspa2,Passeridae
kerter1,Laridae
kidlar1,
kilcis1,Cisticolidae
killde,Charadriidae
kilwea1,Ploceidae
kimhon1,Meliphagidae
kincal1,Cotingidae
kineid,Anatidae
kinpen1,Spheniscidae
kinrai2,Rallidae
kinrai4,Rallidae
kinvul1,Cathartidae
kioea,Mohoidae
kirsan1,Scolopacidae
kirwar,Parulidae
kirwhe1,Zosteropidae
kitmur,Alcidae
kitplo1,
klaant1,Thamnophilidae
klaant2,Thamnophilidae
klacuc1,Cuculidae
klblar6,Alaudidae
klolew1,Phylloscopidae
knohor1,Bucerotidae
knswar1,Locustellidae
knytur1,Musophagidae
knywoo1,Picidae
koeher1,Trochilidae
koesco1,Strigidae
kokako3,Callaeatidae
kokako4,Callaeatidae
kokphe1,Phasianidae
kongro,Fringillidae
kopkin1,Alcedinidae
kopwar1,Cisticolidae
korbus1,Otididae
korfly1,Muscicapidae
korlar1,Alaudidae
korspa1,Passeridae
koscra1,Rallidae
kosfrd1,Columbidae
kospar1,Paradisaeidae
kossta1,Sturnidae
koswhe1,Zosteropidae
krelon1,Macrosphenidae
krunut1,Sittidae
kuhlor1,Psittacidae
kullew1,Phylloscopidae
kulmon1,Monarchidae
kulwhe1,Zosteropidae
kunapa1,Cisticolidae
kurthr1,Turdidae
kvbsun1,Nectariniidae
kwqdov,Columbidae
laaphe1,Phasianidae
labant1,Thamnophilidae
labcro15,Labridae
labcro1,Corvidae
labduc,Anatidae
labger1,Acanthizidae
lablar1,Alaudidae
labpuf1,Malaconotidae
labrew1,Acrocephalidae
labscr2,Acanthizidae
labter1,Laridae
labwoo,Picidae
lacwoo1,Picidae
laffin1,Passerellidae
lafpar1,Psittacidae
lafpic1,Picidae
laftap1,Rhinocryptidae
lafvan1,Vangidae
lafvul1,Accipitridae
lagbab2,Leiothrichidae
lagbus1,Malaconotidae
lagfal1,Falconidae
lagfin1,Thraupidae
lagpig1,Columbidae
lahfla2,Tyrannidae
lakduc1,Anatidae
lalbru1,Furnariidae
lalbun1,Emberizidae
lalmaw1,Ploceidae
lammer1,Accipitridae
lamtan1,Thraupidae
lanfal1,Falconidae
lanhoo,Fringillidae
lanmon1,Bucconidae
lanwar,Locustellidae
laplon,Calcariidae
larblf1,Muscicapidae
larbun,Passerellidae
larcaf2,Thraupidae
larcuc1,Campephagidae
larcuc3,Campephagidae
larela1,Tyrannidae
larfro1,Podargidae
larhac1,Cuculidae
larhac2,Cuculidae
larnil1,Muscicapidae
larscr1,Acanthizidae
larsha1,Muscicapidae
larspa,Passerellidae
larwoo1,Tephrodornithidae
lasbab1,Timaliidae
lasfly,Tyrannidae
lasthr1,Turdidae
latant1,Thamnophilidae
latdov1,Columbidae
latfin1,Thraupidae
latlar1,Alaudidae
latman1,Pipridae
latnig1,Caprimulgidae
latnig2,Caprimulgidae
latsni1,Scolopacidae
lattro1,Trogonidae
laudov1,Columbidae
laufal1,Falconidae
laugul,Laridae
laukoo1,Alcedinidae
lauowl1,Strigidae
laupig1,Columbidae
lauwow1,Phylloscopidae
lavgul1,Laridae
lavwax,Estrildidae
lawbab1,Pellorneidae
laweye1,Zosteropidae
lawgol,Fringillidae
lawpar2,Paradisaeidae
lawpar3,Paradisaeidae
lawthr1,Turdidae
layalb,Diomedeidae
layduc,Anatidae
layfin,Fringillidae
laypar1,Psittacidae
layrai,Rallidae
laywar2,Sylviidae
lazbun,Cardinalidae
lazkin1,Alcedinidae
lazsab1,Trochilidae
lbbgul,Laridae
lbbwar1,Locustellidae
lbesta1,Sturnidae
lblwar1,Phylloscopidae
lbopar1,Paradisaeidae
lbsfin1,Thraupidae
lbwbab1,Pellorneidae
lbweye2,Zosteropidae
lcptyr1,Tyrannidae
lcspet,Hydrobatidae
leaant1,Thamnophilidae
leaauk,Alcidae
leabit,Ardeidae
leabul1,Thraupidae
leaflo1,Pycnonotidae
leafly1,Tyrannidae
leafly2,Monarchidae
leafly,Tyrannidae
leagre,Podicipedidae
leahon1,Meliphagidae
leahon2,Indicatoridae
leanig1,Caprimulgidae
leapau1,Caprimulgidae
leapew1,Tyrannidae
leapyo1,Strigidae
leasal1,Thraupidae
leasan,Scolopacidae
leasee1,Thinocoridae
leastp2,Hydrobatidae
leastp5,Hydrobatidae
leaswi1,Apodidae
leatan1,Thraupidae
leater1,Laridae
lebber1,Melanocharitidae
lebcou1,Cuculidae
lebcro1,Macrosphenidae
lebfly2,Tyrannidae
lebfly3,Petroicidae
lebsee1,Fringillidae
lebwhe2,Zosteropidae
lecgre2,Vireonidae
lecspa,Passerellidae
lecter2,Laridae
lecthr,Mimidae
lefeag1,Accipitridae
legcuc1,Cuculidae
leglea1,Chloropseidae
legrob1,Petroicidae
legshr2,Laniidae
lehlar1,Alaudidae
lekfin,Fringillidae
lemdov2,Columbidae
lenlau1,Leiothrichidae
lepchi,Phasianidae
lesadj1,Ciconiidae
lesaki,Fringillidae
lesbop1,Paradisaeidae
lesbri1,Pycnonotidae
lesbri3,Pycnonotidae
lescou1,Cuculidae
lescuc1,Cuculidae
lescus1,Campephagidae
leseag1,Accipitridae
lesela1,Tyrannidae
lesfla1,Phoenicopteridae
lesflo2,Otididae
lesfri,Fregatidae
lesgol,Fringillidae
lesgre1,Vireonidae
lesgrf1,Thraupidae
leshor1,Furnariidae
lesjac1,Jacanidae
leskes1,Falconidae
leskis1,Tyrannidae
lesmaw1,Ploceidae
lesmel1,Corcoracidae
lesmoo1,Rallidae
lesnig,Caprimulgidae
lesnod1,Laridae
lesnot1,Tinamidae
lesrhe2,Rheidae
lesroa1,Cuculidae
lessap1,
lessap2,
lessca,Anatidae
lessee1,Estrildidae
lessee2,Thraupidae
lessho1,Muscicapidae
lessht1,Tyrannidae
lessts1,Hirundinidae
lestan,Cardinalidae
lesvio1,Trochilidae
leswar1,Acrocephalidae
leswat2,Tyrannidae
leswhi4,Sylviidae
leswoo1,Picidae
leswoo2,Furnariidae
leswoo4,Furnariidae
lesyel1,Picidae
lesyel,Scolopacidae
letara1,Ramphastidae
letbar1,Capitonidae
letwar1,Phylloscopidae
levcuc1,Cuculidae
levpar1,Psittacidae
levspa1,
levwoo1,Picidae
lewduc1,Anatidae
lewhon1,Meliphagidae
lewkit1,Accipitridae
lewrai1,Rallidae
lewtyr1,Tyrannidae
lewwoo,Picidae
libbus1,Otididae
libcor1,Phalacrocoracidae
libeat1,Meropidae
libher,Ardeidae
liblar1,Alaudidae
librol2,Coraciidae
licdov1,Columbidae
lickin1,Alcedinidae
lickin2,Alcedinidae
licpar,Psittacidae
licsan1,Pteroclididae
licspi1,Furnariidae
licspi5,Furnariidae
lidjay1,Corvidae
lifcan1,Furnariidae
liffal1,Falconidae
lifgle1,Furnariidae
ligfly2,Muscicapidae
ligpig1,Columbidae
ligsun2,Nectariniidae
ligtyr1,Tyrannidae
ligwoo3,Picidae
liifin1,Thraupidae
likwhe1,Zosteropidae
lillov1,Psittacidae
lilmea2,Icteridae
limalb1,Diomedeidae
limlew1,Phylloscopidae
limpki,Aramidae
limwrb2,Pellorneidae
limwrb3,Pellorneidae
limwrb4,Pellorneidae
linant1,Thamnophilidae
linbar1,Megalaimidae
linsee1,Thraupidae
linspa,Passerellidae
linsun1,Nectariniidae
linwoo1,Picidae
linwoo3,Furnariidae
linwoo4,Furnariidae
lipcor1,Phalacrocoracidae
lipfly1,Muscicapidae
lipkin1,Alcedinidae
liqdov1,Columbidae
lirplo,Charadriidae
lirthr1,Muscicapidae
lisfly1,Muscicapidae
lishao1,Strigidae
liskiw1,Apterygidae
litbar1,Megalaimidae
litbit1,Ardeidae
litbrc5,Cuculidae
litbun,Emberizidae
litbus1,Otididae
litbut1,Turnicidae
litcor1,Phalacrocoracidae
litcor2,Psittacidae
litcra1,Rallidae
litcro1,Corvidae
litcuc2,Cuculidae
litcur,Scolopacidae
liteag1,Accipitridae
liteag3,Accipitridae
litegr,Ardeidae
litfor1,Muscicapidae
litfri1,Meliphagidae
litgra1,Locustellidae
litgre1,Podicipedidae
litgre2,Pycnonotidae
litgul,Laridae
lither2,Trochilidae
lither3,Trochilidae
litkin1,Alcedinidae
litlor1,Psittacidae
litnig1,Caprimulgidae
litowl1,Strigidae
litpar2,Psittacidae
litpen1,Spheniscidae
litrav1,Corvidae
litrot1,Muscicapidae
litshe1,Procellariidae
litshe2,Procellariidae
litshe4,Procellariidae
litshe8,Procellariidae
litspa1,
litspi1,Nectariniidae
litsti,Scolopacidae
litsun1,Trochilidae
litswi1,Apodidae
litter1,Laridae
littho1,Furnariidae
littin1,Tinamidae
litwat1,Meliphagidae
litwea1,Ploceidae
litwoo1,Picidae
litwoo2,Picidae
litwoo4,Artamidae
litwoo5,Trochilidae
livbul1,Pycnonotidae
livfly1,Erythrocercidae
livtur1,Musophagidae
liwrai1,Rallidae
lizbuz1,Accipitridae
llweye1,Zosteropidae
loawea1,Ploceidae
lobber1,Bernieridae
lobblf1,Muscicapidae
lobcor1,Psittacidae
lobcro1,Corvidae
lobcuc1,Cuculidae
lobcur,Scolopacidae
lobdow,Scolopacidae
lobgna4,Polioptilidae
lobgna5,Polioptilidae
lobher,Trochilidae
lobhon2,Meliphagidae
lobmel1,Meliphagidae
lobmur,Alcidae
lobpar2,Phasianidae
lobpar3,Phasianidae
lobpip1,Motacillidae
lobpip7,Motacillidae
lobplo1,Charadriidae
lobrha1,Sturnidae
lobspi1,Nectariniidae
lobsta1,Trochilidae
lobsun2,Nectariniidae
lobtai1,Cisticolidae
lobthr1,Turdidae
lobthr,Mimidae
lobwoo1,Furnariidae
lobwre1,Troglodytidae
loceag1,Accipitridae
locmyn1,Sturnidae
locust3,Estrildidae
loemon1,Monarchidae
loeowl,Strigidae
logkin,Tyrannidae
logshr,Laniidae
lohger1,Acanthizidae
lohrai1,Rallidae
lohswa1,Rallidae
lolbuz1,Accipitridae
lolpip1,Motacillidae
lolwar1,Locustellidae
lomfly1,Muscicapidae
lorsat1,Cnemophilidae
lorwhi1,Pachycephalidae
lotant1,Thamnophilidae
lotbro1,Eurylaimidae
lotcin1,Furnariidae
lotcor1,Phalacrocoracidae
lotduc,Anatidae
lotfan1,Rhipiduridae
lotfin1,Estrildidae
lotfis1,Laniidae
lothaw1,Accipitridae
lother1,Trochilidae
lotjae,Stercorariidae
lotkoe1,Cuculidae
lotlap1,Charadriidae
lotman1,Pipridae
lotmea1,Icteridae
lotmin1,Campephagidae
lotmoc1,Mimidae
lotmop1,Columbidae
lotmop2,Columbidae
lotmyn1,Sturnidae
lotnig1,Caprimulgidae
lotnig2,Caprimulgidae
lotpar1,Paradisaeidae
lotpar2,Psittacidae
lotpot1,Nyctibiidae
lotros1,Fringillidae
lotsco1,Strigidae
lotshr1,Laniidae
lotsib1,Leiothrichidae
lotsta1,Sturnidae
lotsti,Scolopacidae
lotsyl1,Trochilidae
lottap1,Rhinocryptidae
lotthr1,Turdidae
lottit1,Aegithalidae
lottit5,Aegithalidae
lottri1,Campephagidae
lottyr1,Tyrannidae
lotwid1,Ploceidae
lotwoo2,Trochilidae
lotwoo3,Furnariidae
lotwoo4,Furnariidae
lotwoo5,Furnariidae
louflo1,Dicaeidae
loupit1,Pittidae
louwat,Parulidae
louwhi1,Pachycephalidae
lovcot1,Cotingidae
lovfai1,Maluridae
lovsun1,Nectariniidae
lovsun3,Nectariniidae
lowaka1,Muscicapidae
lowant1,Thamnophilidae
loweye1,Zosteropidae
loweye2,Zosteropidae
lowhar1,Accipitridae
lowowl1,Strigidae
lowpel1,Cracticidae
lowumb1,Cotingidae
lrtdro1,Dicruridae
lshpet1,Procellariidae
lsspet,Hydrobatidae
lstlar2,Alaudidae
lstswi1,Apodidae
ltbwar1,Locustellidae
ltgdov1,Columbidae
ltgrol1,Brachypteraciidae
ltgsta1,Sturnidae
lthbuz1,Accipitridae
ltpwhy1,Viduidae
ltrfin1,Thraupidae
ltsfly1,Ptilogonatidae
ltwbab1,Timaliidae
ltwpar1,Odontophoridae
lubhea1,Columbidae
luchum,Trochilidae
lucwar,Parulidae
ludbus1,Otididae
ludful1,Sylviidae
luebus1,Malaconotidae
lunant2,Thamnophilidae
lusbab1,Zosteropidae
lusowl1,Strigidae
luzbut1,Turnicidae
luzfla1,Picidae
luzhor1,Bucerotidae
luzrai1,Rallidae
luzrat1,Psittacidae
luzred1,Muscicapidae
luzwrb1,Locustellidae
lwfgoo,Anatidae
lyhvul1,Cathartidae
lython1,Indicatoridae
lytnig1,Caprimulgidae
mabacc1,Prunellidae
mabara1,Ramphastidae
mabeat1,Meropidae
mabfly1,Muscicapidae
mabfly2,Muscicapidae
mabpar,Psittacidae
mabphi2,Tephrodornithidae
mabpig1,Columbidae
mabpig2,Columbidae
mabqua1,Phasianidae
mabwea1,Ploceidae
mabwhi1,Pachycephalidae
macbow2,Ptilonorhynchidae
macbus1,Otididae
macbus2,Malaconotidae
macdov1,Columbidae
macduc1,Anatidae
macfrd1,Columbidae
macfrd2,Columbidae
macfrd3,Columbidae
machon2,Meliphagidae
machon3,Meliphagidae
macpen1,Spheniscidae
macshr1,Laniidae
mactan1,Thraupidae
macwar,Parulidae
madant1,Thamnophilidae
madbul1,Pycnonotidae
madbut1,Turnicidae
madbuz1,Accipitridae
madcis2,Cisticolidae
madcou1,Cuculidae
madcuc1,Cuculidae
madcuh1,Accipitridae
madflu1,Rallidae
madgre1,Podicipedidae
madgrp1,Columbidae
madgrp2,Columbidae
madhoo1,Upupidae
madibi1,Threskiornithidae
madjac1,Jacanidae
madkes1,Falconidae
madlar1,Alaudidae
madmun1,Estrildidae
madnig1,Caprimulgidae
madpar2,Phasianidae
madpet1,Pelecanoididae
madpet,Procellariidae
madplo1,Therevidae
madpoc1,Anatidae
madpra1,Glareolidae
madrai1,Rallidae
madsan1,Pteroclididae
madsco1,Strigidae
madsni1,Scolopacidae
madspa1,Accipitridae
madsta1,Sturnidae
madsun1,Nectariniidae
madswi1,Apodidae
madwag1,Motacillidae
madwhe1,Zosteropidae
madwor1,Sarothruridae
mafdov1,Columbidae
mafdov2,Columbidae
mafeag1,Accipitridae
mafpar1,Psittacidae
mafpar3,Psittacidae
magant1,Thamnophilidae
magcor1,Phalacrocoracidae
magfri,Fregatidae
maggoo1,Anseranatidae
maghor2,Bucerotidae
maghum1,Trochilidae
maghum2,Trochilidae
maglar1,Monarchidae
magman1,Estrildidae
magoys1,Haematopodidae
magpar1,Psittacidae
magpen1,Spheniscidae
magpet1,Procellariidae
magplo1,Pluvianellidae
magrif2,Paradisaeidae
magrif3,Paradisaeidae
magrob,Muscicapidae
magshr1,Laniidae
magsta1,Sturnidae
magsto1,Ciconiidae
magsun1,Nectariniidae
magtan2,Thraupidae
magtap1,Rhinocryptidae
magwar,Parulidae
magwoo1,Picidae
mahhaw1,Accipitridae
malbrw1,Acrocephalidae
malemu1,Maluridae
maleo1,Megapodiidae
malfan1,Rhipiduridae
malfir1,Estrildidae
malhac1,Cuculidae
malhon1,Indicatoridae
malia1,Pycnonotidae
malkin1,Alcedinidae
malkin2,Alcedinidae
mallar1,Alaudidae
mallar3,Anatidae
mallau1,Leiothrichidae
mallee1,Megapodiidae
malnig1,Caprimulgidae
malpar1,Psittacidae
malpar2,Psittacidae
malpas1,Apodidae
malpip1,Motacillidae
malplo1,
malspi1,Apodidae
malsta1,Sturnidae
malsun1,Nectariniidae
maltro1,Trogonidae
malwoo1,Tephrodornithidae
mamrob1,Muscicapidae
mamtan1,Thraupidae
manant1,Thamnophilidae
manbuw1,Cettiidae
mancic1,Campephagidae
mancuc,Cuculidae
manduc1,Anatidae
manduc,Anatidae
manfan1,Rhipiduridae
manfan2,Rhipiduridae
manfin1,Thraupidae
manger1,Acanthizidae
manhao1,Strigidae
manhaw2,Accipitridae
manher1,Ardeidae
manhon1,Meliphagidae
manhum1,Trochilidae
mankin1,Alcedinidae
mankin2,Alcedinidae
manmon1,Monarchidae
manowl1,Strigidae
manpit1,Pittidae
manrai1,Rallidae
manrew1,Acrocephalidae
manrew2,Acrocephalidae
manrob1,Petroicidae
manshe,Procellariidae
mansun1,Nectariniidae
manswa1,Hirundinidae
manvir1,Vireonidae
manwaa1,Thamnophilidae
manwhi1,Pachycephalidae
mao1,Meliphagidae
mapant1,Thamnophilidae
mapfly1,Monarchidae
mapfly2,Monarchidae
mapher1,Ardeidae
maphor1,Bucerotidae
mapkin1,Alcedinidae
mapphe1,Phasianidae
maqcan1,Furnariidae
marbab1,Eupetidae
marbab2,Pellorneidae
marcre1,Melanopareiidae
marcro1,Corvidae
mareag1,Accipitridae
marfly1,Muscicapidae
marfro1,Podargidae
margod,Scolopacidae
margra1,Locustellidae
margrd1,Columbidae
margua1,Cracidae
marhon1,Meliphagidae
marimp1,Columbidae
markin2,Alcedinidae
marmon2,Monarchidae
marmur,Alcidae
marori1,Icteridae
marori2,Oriolidae
marowl1,Tytonidae
marowl2,Strigidae
marpig1,Columbidae
marrew2,Acrocephalidae
marsan,Scolopacidae
marsee1,Thraupidae
marspa1,Trochilidae
marspi1,Furnariidae
marspi3,Furnariidae
marspi4,Furnariidae
marsto1,Ciconiidae
marsun2,Nectariniidae
marswa1,Rallidae
marswi2,Apodidae
marswi,Apodidae
martap1,Rhinocryptidae
martch2,Malaconotidae
martea1,Anatidae
marthr2,Turdidae
martit2,Paridae
marwar1,Sylviidae
marwar2,Acrocephalidae
marwar3,Acrocephalidae
marwar4,Phylloscopidae
marwhe1,Zosteropidae
marwid1,Ploceidae
marwoo1,Picidae
marwre,Troglodytidae
masant1,Grallariidae
masapa1,Cisticolidae
masboo,Sulidae
mascan1,Furnariidae
mascoo1,Rallidae
masduc,Anatidae
maseag1,Accipitridae
masfin1,Estrildidae
masfin3,Heliornithidae
masflo1,Thraupidae
masfru1,Cotingidae
masgna1,Polioptilidae
mashum1,Trochilidae
maslap1,Charadriidae
maslar1,Alaudidae
maslau1,Leiothrichidae
masmar1,Hirundinidae
masowl2,Strigidae
maspar1,Psittacidae
maspar2,Psittacidae
maspet1,Procellariidae
maspet2,Hydrobatidae
maspet3,Procellariidae
maspet,Hydrobatidae
masray1,Furnariidae
massal1,Thraupidae
masshr1,Laniidae
masswi1,Apodidae
mastan1,Thraupidae
mastit1,Cotingidae
mastro1,Trogonidae
maswar1,Acrocephalidae
maswhe2,Zosteropidae
maswhe3,Zosteropidae
maswoo1,Artamidae
masyel2,Parulidae
masyel4,Parulidae
masyel5,Parulidae
matdov1,Columbidae
matfan1,Rhipiduridae
matfly1,Tyrannidae
matfly2,Muscicapidae
matpar1,Psittacidae
matpar2,Psittacidae
mattap1,Rhinocryptidae
matwoo1,Trochilidae
mauala,Fringillidae
maubul1,Pycnonotidae
maucus1,Campephagidae
mauduc1,Anatidae
maufod1,Ploceidae
maukes1,Falconidae
maumon1,Monarchidae
maunih1,Ardeidae
maupar1,Psittacidae
maupar,Fringillidae
mausco1,Strigidae
maushe1,Anatidae
mauwhe1,Zosteropidae
mawbab1,Pellorneidae
maweye2,Zosteropidae
mawqua1,Odontophoridae
mawthr1,Muscicapidae
mawthr2,Muscicapidae
mawtyr1,Tyrannidae
maydro1,Dicruridae
mayhon1,Meliphagidae
mayrai1,Rallidae
maysco1,Strigidae
maysun2,Nectariniidae
mayswi1,Apodidae
maywhe1,Zosteropidae
mbopar2,Paradisaeidae
mccfin1,Thraupidae
mccfly1,Tyrannidae
mccfly3,Tyrannidae
mcclon,Calcariidae
mccspi1,Furnariidae
mcfdov1,Columbidae
mcgcus1,Campephagidae
mcgdov1,Columbidae
mckbun,Calcariidae
mcptit1,Remizidae
mcrtyr1,Tyrannidae
mdcsun1,Nectariniidae
meabun1,Emberizidae
meapar,Psittacidae
meapip1,Motacillidae
medgul1,Laridae
medshe1,Procellariidae
meelor1,Psittacidae
meenig1,Caprimulgidae
megfin1,Thraupidae
megsta1,Sturnidae
megtan1,Thraupidae
mekwag1,Motacillidae
melbla1,Icteridae
melcus1,Campephagidae
melcus3,Campephagidae
melduc1,Anatidae
melfly1,Monarchidae
melkin1,Alcedinidae
melscr1,Megapodiidae
melthr,Leiothrichidae
melwar1,Acrocephalidae
melwoo1,Picidae
menwar1,Sylviidae
meppar1,Psittacidae
merflo1,Thraupidae
merjuf1,Muscicapidae
merlin,Falconidae
mertap1,Rhinocryptidae
merwhe1,Zosteropidae
merwre1,Troglodytidae
mesowl1,Strigidae
metfin1,Thraupidae
metpig1,Columbidae
metsta1,Sturnidae
mewgul2,Laridae
mewgul,Laridae
mewsun3,Nectariniidae
mexchi,Paridae
mexduc,Anatidae
mexher1,Trochilidae
mexjay3,Corvidae
mexjay4,Corvidae
mexpar1,Psittacidae
mexshe1,Trochilidae
mexwoo1,Trochilidae
meyfri1,Meliphagidae
meygos1,Accipitridae
meypar1,Psittacidae
mfbtyr1,Tyrannidae
mibhea2,Columbidae
mickin1,Alcedinidae
mickin4,Alcedinidae
mickin5,Alcedinidae
micmyz1,Meliphagidae
micscr1,Megapodiidae
micsta1,Sturnidae
midflo1,Dicaeidae
migtyr1,Tyrannidae
migwar,Locustellidae
miipig1,Columbidae
miipig2,Columbidae
mikphe1,Phasianidae
miller,Acrocephalidae
milmac,Psittacidae
milrai1,Rallidae
milsto1,Ciconiidae
miltap1,Rhinocryptidae
mimhon1,Meliphagidae
minblh1,Columbidae
minboo1,Strigidae
minboo2,Strigidae
minbul1,Pycnonotidae
mincuc1,Campephagidae
mineao1,Strigidae
minher1,Trochilidae
minhor1,Bucerotidae
minhor2,Bucerotidae
minist1,Turdidae
minjuf1,Muscicapidae
minlor1,Psittacidae
minmib1,Timaliidae
minowl1,Tytonidae
minrat1,Psittacidae
minwhe1,Zosteropidae
miobar1,Lybiidae
miosun2,Nectariniidae
miosun3,Nectariniidae
miotit2,Paridae
miowrw2,Cisticolidae
miowrw3,Cisticolidae
mirfan1,
mirtai1,Psittacidae
mirthr1,Muscicapidae
miskit,Accipitridae
misowl1,Strigidae
misowl2,Strigidae
misrob1,Muscicapidae
misthr1,Turdidae
mistle1,Dicaeidae
mistle2,Dicaeidae
mistyr1,Tyrannidae
miswoo1,Picidae
miswrb1,Timaliidae
mitbab1,Timaliidae
mitpar,Psittacidae
mleowl1,Strigidae
moasun1,Nectariniidae
mobela1,Tyrannidae
mobfin1,Passerellidae
mobpar1,Phasianidae
mobsun1,Nectariniidae
mobtan1,Thraupidae
mocant1,Thamnophilidae
moccha1,Muscicapidae
mocsun2,Nectariniidae
moctap1,Rhinocryptidae
mocthi1,Furnariidae
moctyr2,Tyrannidae
moctyr4,Tyrannidae
moctyr6,Tyrannidae
mofgle1,Furnariidae
mofsco1,Strigidae
mogjay1,Corvidae
mogwar1,Macrosphenidae
mohbrw1,Acrocephalidae
mohbul1,Pycnonotidae
mohcuc1,Cuculidae
mohpar1,Psittacidae
mohsco1,Strigidae
moipig1,Columbidae
mokpar1,Psittacidae
molcuc1,Cuculidae
molcus1,Campephagidae
molfly1,Monarchidae
molgos1,
molhao2,Strigidae
molhao3,Strigidae
molist1,Turdidae
molown1,Aegothelidae
molpit1,Pittidae
molsco2,Strigidae
molscr1,Megapodiidae
molsta1,Sturnidae
molswi3,Apodidae
molwoo1,Scolopacidae
momwar1,Acanthizidae
momwoo1,Picidae
monacc1,Prunellidae
monbus1,Malaconotidae
monfin2,Fringillidae
monhar1,Accipitridae
monhor1,Bucerotidae
monlar1,Alaudidae
monlar2,Alaudidae
monnig1,Caprimulgidae
monori1,Icteridae
monoro1,Icteridae
monpar1,Psittacidae
monpar2,Psittacidae
monqua,Odontophoridae
monstp1,Hydrobatidae
monswi2,Apodidae
monwoo1,Furnariidae
monyef1,Thraupidae
moocha1,Muscicapidae
moofra2,Phasianidae
moofra3,Phasianidae
moonig1,Aegothelidae
moorew1,Acrocephalidae
moosan1,Scolopacidae
mopphe1,Phasianidae
morcha1,Muscicapidae
morepo2,Strigidae
mornin1,Pachycephalidae
morsun2,Nectariniidae
mosbou1,Malaconotidae
mosbou4,Malaconotidae
moseag1,Accipitridae
mosfin1,Thraupidae
mosowl1,Strigidae
mosowl2,Strigidae
mosswa2,Hirundinidae
motduc,Anatidae
motflo1,Dicaeidae
motmun1,Estrildidae
motowl,Strigidae
motpar1,Psittacidae
motpet,Procellariidae
motpic1,Picidae
motspi1,Apodidae
motswi2,Apodidae
motwhi1,Pachycephalidae
mouant1,Grallariidae
mouant,Thamnophilidae
mouavo1,Trochilidae
moubab1,Pellorneidae
moubar1,Megalaimidae
moubar2,Megalaimidae
mouble1,Zosteropidae
moublu,Turdidae
moubul2,Pycnonotidae
moubuz2,Accipitridae
moubuz3,Accipitridae
moucac1,Icteridae
moucar1,Falconidae
mouchi2,Phylloscopidae
mouchi,Paridae
moudov,Columbidae
mouela1,Tyrannidae
moufir1,Estrildidae
mouflo1,Thraupidae
mouful1,Pellorneidae
mouger1,Acanthizidae
mougra1,Icteridae
mouhae1,Accipitridae
mouhae2,Accipitridae
mouill1,Pellorneidae
mouimp1,Columbidae
moukin1,Alcedinidae
moukin2,Alcedinidae
moulau1,Leiothrichidae
moumel1,Meliphagidae
moumyz1,Meliphagidae
moupar2,Psittacidae
moupel1,Cracticidae
moupip1,Motacillidae
mouplo,Therevidae
moupuf1,Bucconidae
mouqua,Odontophoridae
moured1,Muscicapidae
mourob1,Turdidae
mousaw1,Hirundinidae
mouser2,Fringillidae
mouser3,Fringillidae
mousta1,Sturnidae
mouswi2,Apodidae
moutai2,Cettiidae
moutho1,Acanthizidae
moutin1,Lybiidae
moutre1,Hemiprocnidae
moutro1,Trogonidae
moutur1,Rhinocryptidae
mouvel1,Trochilidae
mouwag1,Motacillidae
mouwar1,Acrocephalidae
mouwar2,Phylloscopidae
mouwar4,Phylloscopidae
mouwar,Parulidae
mouwhe1,Muscicapidae
mouwhe2,Muscicapidae
mouwhe4,Muscicapidae
mouwhe5,Muscicapidae
mouwoo1,Furnariidae
mouwre1,Troglodytidae
mouwre2,Troglodytidae
mowbab1,Pellorneidae
mowowl1,Strigidae
moywar1,Acrocephalidae
mrmwar1,Cisticolidae
mstlar1,Alaudidae
mtkbus1,Malaconotidae
mugfly,Muscicapidae
mulpar1,Psittaculidae
multan1,Thraupidae
munwow1,Troglodytidae
murpet,Procellariidae
musduc1,Anatidae
musduc,Anatidae
muslor1,Psittacidae
muswre2,Troglodytidae
mutswa,Anatidae
myssta1,Sturnidae
nabant1,Thamnophilidae
nabtod1,Todidae
nabwoo1,Furnariidae
nacnig1,Caprimulgidae
nafbar1,Lybiidae
nafspi1,Nectariniidae
nahfra2,Odontophoridae
namdov1,Columbidae
nampri1,Cisticolidae
namsan1,Pteroclididae
namscb1,Pellorneidae
napsab1,Trochilidae
narfly1,Muscicapidae
narfly2,Muscicapidae
narfly3,Muscicapidae
narhor1,Bucerotidae
nartap2,Rhinocryptidae
nartro1,Trogonidae
narwar1,Acrocephalidae
naswar,Parulidae
nateme2,Trochilidae
natfra2,Phasianidae
natsla1,Thamnophilidae
natsta1,Sturnidae
navwre1,Troglodytidae
nazboo1,Sulidae
nbtwea1,Ploceidae
ncbeat1,Meropidae
ncipig1,Columbidae
nconig1,Aegothelidae
ndcsun2,Nectariniidae
nebbro1,Columbidae
nebfri1,Meliphagidae
nebgos1,
nebhao1,Strigidae
nebhea1,Columbidae
nebher1,Trochilidae
nebkin1,Alcedinidae
nebmao1,Tytonidae
nebmet1,Trochilidae
nebrai1,Rallidae
nebspa1,
nebtap1,Rhinocryptidae
nebthr1,Turdidae
neccro1,Corvidae
neccus1,Campephagidae
necfri1,Meliphagidae
necgos1,
necgra1,Locustellidae
neclor1,Psittacidae
necmyz1,Meliphagidae
necnig1,Caprimulgidae
necnig2,Caprimulgidae
necpar1,Psittacidae
necrai1,Rallidae
necspi1,Furnariidae
necspi3,Furnariidae
necstp1,Hydrobatidae
necwhi2,Pachycephalidae
necwhi3,Pachycephalidae
neesun2,Nectariniidae
nefdov1,Columbidae
negbab1,Pomatostomidae
negbro1,Columbidae
negcus1,Campephagidae
negeag1,Accipitridae
negjuf1,Muscicapidae
negsco1,Strigidae
negscr1,Megapodiidae
nehhon1,Meliphagidae
nehhon2,Meliphagidae
nehmun1,Estrildidae
neifri1,Meliphagidae
neimun1,Estrildidae
neimyz1,Meliphagidae
nelwea1,Ploceidae
neocor,Phalacrocoracidae
nepful1,Pellorneidae
nephom1,Hirundinidae
nesbab1,Zosteropidae
neusta1,Sturnidae
neuwar1,Cettiidae
newfis1,Laniidae
newpar2,Psittacidae
newsun2,Nectariniidae
nezbel1,Meliphagidae
nezbit1,Ardeidae
nezfal1,Falconidae
nezfan1,Rhipiduridae
nezgre1,Podicipedidae
nezkak1,Psittacidae
nezpig2,Columbidae
nezpig3,Columbidae
nezqua1,Phasianidae
nezrob2,Petroicidae
nezrob3,Petroicidae
nezsca1,Anatidae
nezstp1,Hydrobatidae
ngfrai1,Rallidae
ngweye1,Zosteropidae
nibkiw1,Apterygidae
nicbul2,Pycnonotidae
nicgra1,Icteridae
nicjuf1,Muscicapidae
nicpar1,Psittacidae
nicpig1,Columbidae
nicsco1,Strigidae
nicscr1,Megapodiidae
nicsee1,Accipitridae
nicspa1,
nicwre1,Troglodytidae
nigfin1,Thraupidae
nigfin3,Thraupidae
nigpar2,Psittacidae
nigrew1,Acrocephalidae
nigwre1,Troglodytidae
nihfin,Fringillidae
nilfly2,Muscicapidae
nilpip1,Motacillidae
nimfly1,Muscicapidae
ninpar1,Psittacidae
nisfin1,Thraupidae
niuscr1,Megapodiidae
nivsun2,Nectariniidae
niwpig1,Columbidae
nkurai1,Rallidae
noacha1,Muscicapidae
nobfly1,Muscicapidae
nobsni1,Scolopacidae
nobtyr,Tyrannidae
nobwoo1,Furnariidae
noccur1,Cracidae
noghor1,Bucorvidae
nohcuc1,Cuculidae
nohowl,Strigidae
noifri1,Meliphagidae
noiger1,Acanthizidae
noikak1,Psittacidae
noimin1,Meliphagidae
noipar1,Psittacidae
noipio1,Ptilonorhynchidae
noipit1,Pittidae
noisni1,Scolopacidae
nomwea1,Ploceidae
nonbab1,Timaliidae
nopowl,Strigidae
nopwhy1,Viduidae
norben1,Tyrannidae
norbob,Odontophoridae
norboo1,Strigidae
norbro1,Pycnonotidae
norcar,Cardinalidae
norcas1,Casuariidae
norcro1,Macrosphenidae
norela1,Tyrannidae
noremt1,Ramphastidae
norfan1,Rhipiduridae
norfis1,Laniidae
norfli1,Picidae
norfli,Picidae
norful,Procellariidae
norgan,Sulidae
norgip1,Procellariidae
norgos1,Accipitridae
norgos,Falconidae
norgrc1,Fringillidae
norgrd1,Columbidae
norgre1,Scolopacidae
norhar1,Accipitridae
norhar2,Accipitridae
norist1,Turdidae
norjac,Jacanidae
norlap,Charadriidae
norlog1,Orthonychidae
normoc,Mimidae
norpar,Parulidae
norpib1,Leiothrichidae
norpin,Anatidae
norpot1,Nyctibiidae
norpuf1,Malaconotidae
norros1,Psittacidae
norscr1,Anhimidae
norsho,Anatidae
norshr1,Laniidae
norshr4,Laniidae
norsik1,Alcedinidae
norsla1,Thamnophilidae
norsta1,Sturnidae
norvir1,Vireonidae
norwah1,Meliphagidae
norwat,Parulidae
norwhe3,Muscicapidae
norwhe,Muscicapidae
nosbir1,Atrichornithidae
nosdwk1,Alcedinidae
nosfly1,Tyrannidae
nosrob1,Petroicidae
noywhe2,Zosteropidae
nrwswa,Hirundinidae
nstspa,Passerellidae
nswowl,Strigidae
nubbus1,Otididae
nubnig1,Caprimulgidae
nubwoo1,Picidae
nuhmon1,Monarchidae
nukupu1,Fringillidae
nukupu2,Fringillidae
nukupu3,Fringillidae
nulqut1,Psophodidae
nupkin1,Alcedinidae
nutfly,Tyrannidae
nuthat2,Vangidae
nutman,Estrildidae
nutwoo,Picidae
nwfowl1,Strigidae
nyaswi1,Apodidae
oahala,Fringillidae
oahama,Fringillidae
oahoo,Mohoidae
oaktit,Paridae
oashum1,Trochilidae
oaxspa1,Passerellidae
obbfin1,Passerellidae
obblar1,Alaudidae
obfdov1,Columbidae
obfgle2,Furnariidae
obfgle3,Furnariidae
obfrob1,Muscicapidae
obgthr1,Turdidae
obigob1,Pycnonotidae
obnthr1,Turdidae
obqdov1,Columbidae
obsber1,Melanocharitidae
obshon1,Meliphagidae
ocbant1,Grallariidae
ocbcat1,Ptilonorhynchidae
ocbdov1,Columbidae
ocbfly1,Tyrannidae
ocbfly2,Tyrannidae
ocbhao1,Strigidae
ocbpip1,Motacillidae
ocbtan1,Cardinalidae
ocbthi1,Furnariidae
occpic1,Picidae
occspi1,Furnariidae
oceant1,Thamnophilidae
ocecra1,Rallidae
ocefly1,Monarchidae
ocepar1,Psittacidae
ocepic2,Picidae
ocepoo1,Caprimulgidae
ocequa1,Odontophoridae
ocetap1,Rhinocryptidae
ocethr1,Mimidae
ocetur1,Phasianidae
ocewoo1,Furnariidae
ocfant1,Grallariidae
ocftap1,Rhinocryptidae
ocftof1,Tyrannidae
ochatt1,Tyrannidae
ochbul2,Pycnonotidae
ochbul3,Pycnonotidae
ochfly1,Monarchidae
ochpew1,Tyrannidae
ochpic1,Picidae
ochwre1,Troglodytidae
ocrant1,Thamnophilidae
ocrbun1,Emberizidae
ocsant1,Grallariidae
odedi1,Cettiidae
offdov1,Columbidae
ofrcha1,Muscicapidae
ofyfin1,Thraupidae
ogemon1,Monarchidae
oilbir1,Steatornithidae
okbkiw1,Apterygidae
okirai1,Rallidae
okiwoo1,Picidae
olbeup1,Fringillidae
olbflo1,
olbori1,Oriolidae
olbpip,Motacillidae
olbsun1,Nectariniidae
olbsun23,Nectariniidae
olbsun2,Nectariniidae
olbsun31,Nectariniidae
olbsun3,Nectariniidae
olbsun4,Nectariniidae
olbsun6,Nectariniidae
olbsun8,Nectariniidae
olbsun9,Nectariniidae
olbtai1,Cisticolidae
olbtan1,Mitrospingidae
olbwoo1,Furnariidae
olbwoo2,Picidae
olccre1,Melanopareiidae
olcflo1,Dicaeidae
olcflo2,Dicaeidae
olcfly1,Tyrannidae
olcwar1,Parulidae
olcyel1,Parulidae
olehem1,Thraupidae
olfwhi1,Hylocitreidae
olgcam1,Cisticolidae
olgtan1,Mitrospingidae
olgtyr1,Tyrannidae
olhlor1,Psittacidae
olhwea1,Ploceidae
olibul1,Pycnonotidae
olibus1,Malaconotidae
oliela1,Tyrannidae
olifin1,Passerellidae
olifla2,Tyrannidae
olifla3,Tyrannidae
olifly1,Muscicapidae
olifly2,Tyrannidae
olifly3,Petroicidae
oligre1,Vireonidae
olihon1,Meliphagidae
oliibi2,Threskiornithidae
oliibi3,Threskiornithidae
oliman2,Pipridae
olioro1,Icteridae
olipic1,Picidae
olipih2,Cotingidae
olisis1,Fringillidae
olispa,Passerellidae
olispi1,Furnariidae
olistr1,Meliphagidae
olitan1,Cardinalidae
olitho1,Trochilidae
olithr2,Turdidae
oliwar,Peucedramidae
oliwhi1,Pachycephalidae
oliwoo1,Furnariidae
oliwoo2,Picidae
olomao,Turdidae
olrcin1,Furnariidae
olrgul1,Laridae
olrser1,Fringillidae
olsfly,Tyrannidae
olshon1,Meliphagidae
olshum1,Trochilidae
olspar1,Psittacidae
oltcuc1,Cuculidae
oltpar1,Psittacidae
oltthr1,Turdidae
oltwar1,Acrocephalidae
olwbul1,Pycnonotidae
olyrob1,Petroicidae
omao,Turdidae
omaowl1,Strigidae
oncbec1,Cotingidae
ongtyr1,Tyrannidae
opcman1,Pipridae
opctan1,Thraupidae
oprtan1,Thraupidae
orabis1,Ploceidae
orabul1,Fringillidae
oracha1,Meliphagidae
oradov1,Columbidae
orange1,Thraupidae
oraori1,Icteridae
orawea1,Ploceidae
orbant1,Thamnophilidae
orbbab1,Leiothrichidae
orbbun1,Cardinalidae
orbeup1,Fringillidae
orbfal1,Falconidae
orbfip1,
orbfip2,
orbflo1,Dicaeidae
orbfly1,Tyrannidae
orbfru1,Cotingidae
orbhem1,Thraupidae
orblau1,Leiothrichidae
orblea1,Chloropseidae
orblor1,Psittacidae
orbman1,Pipridae
orbmyz1,Meliphagidae
orbowl1,Tytonidae
orbpar1,Psittacidae
orbpig1,Columbidae
orbroc1,Chaetopidae
orbspa1,Passerellidae
orbsun2,Nectariniidae
orbtho1,Furnariidae
orbthr1,Turdidae
orbtro2,Trogonidae
orbtro3,Icteridae
orbwoo1,Picidae
orceup1,Fringillidae
orcfai1,Maluridae
orcfly1,Tyrannidae
orchon1,Meliphagidae
orcman1,Pipridae
orcman3,Pipridae
orcori1,Icteridae
orcori,Icteridae
orcpar2,Psittacidae
orcpar,Psittacidae
orcwar,Parulidae
orcwax,Estrildidae
orefly1,Tyrannidae
oretan1,Thraupidae
oretho1,Furnariidae
orfbar1,Capitonidae
orfdov1,Columbidae
orfpar,Psittacidae
orfplu2,Furnariidae
orfscr1,Megapodiidae
orgthr1,Turdidae
orheag1,Accipitridae
orhtan1,Thraupidae
orhthr1,Turdidae
oribla1,Icteridae
oricuc2,Cuculidae
oricus1,Campephagidae
orifin1,Fringillidae
origoo1,Anatidae
origre,Fringillidae
orihob1,Falconidae
orihob2,Accipitridae
orimag1,Corvidae
oripic1,Picidae
oripip1,Motacillidae
oriplo1,Charadriidae
oripra,Glareolidae
orisal1,Thraupidae
orisky1,Alaudidae
orisof1,Furnariidae
oristo1,Ciconiidae
oriwar1,Parulidae
oriwar2,Cisticolidae
oriwhi1,Pachycephalidae
ornant1,Thamnophilidae
ornfly1,Tyrannidae
ornlor1,Psittacidae
ornmel1,Meliphagidae
ornpar1,Phasianidae
orntin1,Tinamidae
orphor1,Bucerotidae
orrfra2,Phasianidae
orrwar1,Acrocephalidae
orsbul2,Pycnonotidae
orsbul3,Pycnonotidae
orsowl,Strigidae
ortbun1,Emberizidae
ortdov,Columbidae
ortlon1,Motacillidae
ortspi1,Nectariniidae
ortsun1,Trochilidae
ortsun3,Nectariniidae
orttan1,Thraupidae
orwpar,Psittacidae
orwpyt1,Estrildidae
osprey,Pandionidae
ostric2,Struthionidae
ostric3,Struthionidae
ou,Fringillidae
oussun2,Nectariniidae
oustyr1,Tyrannidae
ovaspa2,Accipitridae
ovenbi1,Parulidae
oxaant1,Grallariidae
pabant1,Grallariidae
pabcra,Rallidae
pabduc1,Anatidae
pabflo1,Dicaeidae
pabfly1,Muscicapidae
pabfly2,Muscicapidae
pabher1,Trochilidae
pabhor1,Bucerotidae
pabhor2,Furnariidae
pabill1,Pellorneidae
pabill3,Pellorneidae
pabmon1,Monarchidae
pabmou1,Tyrannidae
pabmyn1,Sturnidae
pabpig1,Columbidae
pabqua1,Phasianidae
pabscr1,Acanthizidae
pabsee1,Thraupidae
pabsic1,Paradisaeidae
pabspa1,Passeridae
pabspi1,Furnariidae
pabthr1,Turdidae
pabtin1,Tinamidae
pabtre1,Furnariidae
pabwar1,Cettiidae
pabwoo1,Picidae
pacant,Thamnophilidae
pacbaz1,Accipitridae
pacblf1,Muscicapidae
paccis1,Cisticolidae
pacela1,Tyrannidae
pacfla1,Tyrannidae
pacgos1,Accipitridae
pacgul1,Laridae
pacher1,Ardeidae
packin1,Alcedinidae
pacloo,Gaviidae
pacpar1,Psittacidae
pacpar2,Psittacidae
pacpig1,Columbidae
pacreh1,Ardeidae
pacrob1,Petroicidae
pacrob2,Petroicidae
pacrob3,Petroicidae
pacswa3,Hirundinidae
pacswa4,Hirundinidae
pacswa5,Hirundinidae
pacwoo1,Picidae
pacwre1,Troglodytidae
padwar1,Acrocephalidae
paebla2,Icteridae
paefly1,Tyrannidae
paethr1,Turdidae
pafant1,Thamnophilidae
pafdov1,Columbidae
pafeag1,Accipitridae
pafear1,Furnariidae
pafneg1,Estrildidae
pafswa1,Hirundinidae
pagcus1,Campephagidae
pagdov1,Columbidae
pagplo,Charadriidae
pagrew1,Acrocephalidae
pagwar1,Locustellidae
pahjac1,Galbulidae
pahmun1,Estrildidae
pahros1,Psittacidae
pahwoo1,Picidae
paibun,Cardinalidae
paibut1,Turnicidae
paibut,Turnicidae
paifir1,Estrildidae
paifra1,Phasianidae
paihon1,Meliphagidae
paiman1,Pipridae
paipar2,Psittacidae
paipar5,Psittacidae
paipar6,Psittacidae
paipig1,Columbidae
paired,Parulidae
paisan1,Pteroclididae
paispu1,Phasianidae
paisto1,Ciconiidae
pakpar1,Psittacidae
palbab1,Pellorneidae
palbat1,Platysteiridae
palbun,Emberizidae
palcoc1,Psittacidae
palcor1,Phalacrocoracidae
palcro1,Corvidae
palcuc1,Cuculidae
paldov1,Columbidae
paldro1,Dicruridae
palfan1,Rhipiduridae
palflo1,Dicaeidae
palfly1,Muscicapidae
palfly2,Muscicapidae
palfly3,Monarchidae
palfro1,Podargidae
palhar1,Accipitridae
palhon1,Indicatoridae
palhor1,Bucerotidae
palhor3,Furnariidae
palhor4,Furnariidae
palhor5,Furnariidae
palila,Fringillidae
pallor1,Psittacidae
palmch1,Dulidae
palnig1,Caprimulgidae
palowl2,Strigidae
palpep1,Phasianidae
palpri1,Cisticolidae
palroc1,Passeridae
palros2,Fringillidae
palros3,Fringillidae
palsan1,Pteroclididae
palspi1,Furnariidae
palspi2,Nectariniidae
palsun2,Nectariniidae
palswi1,Apodidae
palswi2,Apodidae
palswi3,Apodidae
paltan1,Thraupidae
palthr1,Turdidae
paltit2,Paridae
paltyr2,Tyrannidae
paltyr3,Tyrannidae
paltyr4,Tyrannidae
paltyr5,Tyrannidae
palwar1,Parulidae
palwar5,Phylloscopidae
palwar,Parulidae
pammea1,Icteridae
pampig1,Columbidae
pampig2,Columbidae
panant1,Grallariidae
panfly1,Tyrannidae
panlon1,Motacillidae
panvul1,Accipitridae
paogre1,Pycnonotidae
papcan1,Fringillidae
papcus1,Campephagidae
papdro1,Dicruridae
papfly1,Monarchidae
papfro1,Podargidae
papgon1,Malaconotidae
paphao1,Strigidae
paphap1,Psittacidae
papist1,Turdidae
paplor1,Psittacidae
paplor3,Psittacidae
papnee1,Apodidae
papnig1,Caprimulgidae
pappar1,Estrildidae
pappit1,Pittidae
papscr1,Acanthizidae
papscr2,Petroicidae
papswi1,Apodidae
paptho1,Acanthizidae
paptre1,Climacteridae
papwhi1,Psophodidae
paqthr1,Psophodidae
paradi2,Paradisaeidae
paradi3,Paradisaeidae
parant1,Thamnophilidae
parant2,Thamnophilidae
parauk,Alcidae
parcro2,Fringillidae
pardus2,Thraupidae
parfog1,Furnariidae
parhem1,Thraupidae
parjac1,Galbulidae
parjae,Stercorariidae
parpar2,Psittaculidae
parpet1,Procellariidae
parpig1,Columbidae
parpip1,Motacillidae
parred1,Parulidae
parrif1,Paradisaeidae
parsee1,Thraupidae
parshe1,Anatidae
parspi1,Furnariidae
parswi1,Apodidae
partan1,Thraupidae
partap1,Rhinocryptidae
partap2,Rhinocryptidae
partap4,Rhinocryptidae
parwar1,Phylloscopidae
parwea1,Viduidae
pasbab1,Zosteropidae
pasbab2,Zosteropidae
pasfin1,Thraupidae
pasmar1,Hirundinidae
pasowl2,Strigidae
pasowl3,Strigidae
pasowl4,Strigidae
paspig,Columbidae
patbar1,Trochilidae
patcan2,Furnariidae
patfly1,Tyrannidae
patgre1,Pycnonotidae
patmoc1,Mimidae
patpar1,Psittacidae
pattin1,Tinamidae
pattyr2,Tyrannidae
pattyr3,Tyrannidae
patwrb1,Timaliidae
pavcuc1,Cuculidae
pavpig2,Columbidae
pavque1,Trogonidae
pavthr1,Turdidae
pawind1,Viduidae
pawsta1,Sturnidae
pawtru2,Psophiidae
payfin1,Thraupidae
payrob1,Petroicidae
paywar1,Acrocephalidae
pbbeat1,Meropidae
pbgdov1,Columbidae
pbipig1,Columbidae
pbmtou1,Ramphastidae
pbqdov1,Columbidae
pbtman1,Pipridae
pcttyr1,Tyrannidae
peaant1,Thamnophilidae
peacoq1,Trochilidae
peadov1,Columbidae
peakit1,Accipitridae
peapar1,Psittacidae
peatre1,Furnariidae
pebcon1,Thraupidae
pebcuc1,Cuculidae
pebfin1,Thraupidae
pebsee1,Thraupidae
pebswa1,Hirundinidae
pecant1,Thamnophilidae
pecpip,Motacillidae
pecsan,Scolopacidae
pecspa2,Passerellidae
pecspa3,Passerellidae
pedlau1,Leiothrichidae
pedpet1,Pelecanoididae
pedsno1,Passeridae
pedtit1,Paridae
peethr1,Mimidae
peflov,Psittacidae
pefowl1,Strigidae
pefpar1,Psittacidae
pegpig1,Columbidae
peipig1,Columbidae
pelcor,Phalacrocoracidae
pelfan1,Rhipiduridae
pemsun2,Nectariniidae
pepcis1,Cisticolidae
pepowl1,Strigidae
peptyr1,Tyrannidae
perant1,Grallariidae
perboo1,Sulidae
perfal,Falconidae
perfog1,Furnariidae
permar1,Hirundinidae
permea1,Icteridae
permet1,Trochilidae
pernut1,Sittidae
perpel1,Pelecanidae
perpie1,Trochilidae
perpig2,Columbidae
perpla1,Cotingidae
perpyo1,Strigidae
perrec1,Furnariidae
persco1,Strigidae
pershe1,Procellariidae
pershe2,Trochilidae
pertap1,Rhinocryptidae
perter2,Laridae
perthi1,Furnariidae
pertyr1,Tyrannidae
perwaa1,Thamnophilidae
perwre1,Troglodytidae
pesfin1,Thraupidae
pesowl1,Strigidae
pesowl2,Strigidae
pespar1,Psittacidae
petcus1,Campephagidae
petkne1,
pettwi1,Estrildidae
pettyr1,Tyrannidae
peweye1,Zosteropidae
pewnig1,Caprimulgidae
pfbwar1,Cettiidae
pfrpar1,Psittacidae
phaino,Ptilogonatidae
phbfin1,Passerellidae
phbwar1,Cettiidae
phcdov1,Columbidae
phecou2,Cuculidae
phecuc1,Cuculidae
pheowl1,Strigidae
pheowl2,Strigidae
phepig1,Columbidae
phfdov1,Columbidae
phgsta1,Sturnidae
phhcuc1,Cuculidae
phibul1,Pycnonotidae
phicoc1,Psittacidae
phicod1,Columbidae
phicou1,Cuculidae
phidrc1,Cuculidae
phiduc1,Anatidae
phifab1,Irenidae
phifal1,Falconidae
phifro1,Podargidae
phihae1,Accipitridae
phihao1,Strigidae
phihap11,Psittacidae
phihap1,Psittacidae
phikin1,Alcedinidae
philea1,Chloropseidae
phimar1,Muscicapidae
phinee1,Apodidae
phinig1,Caprimulgidae
phiori1,Oriolidae
phipar1,Phasianidae
phipif1,Rhipiduridae
phipig1,Columbidae
phiswi1,Apodidae
phitai1,Cisticolidae
phitro1,Trogonidae
phivir,Vireonidae
phiwoo1,Picidae
phiwoo3,Picidae
phlwar1,Phylloscopidae
phopet1,Procellariidae
phseag1,Accipitridae
phsowl1,Strigidae
phtjac1,Jacanidae
piapia1,Corvidae
pibgre,Podicipedidae
piblar1,Alaudidae
piblar3,Alaudidae
pibpar1,Estrildidae
pibpel1,Pelecanidae
pibros2,Fringillidae
pibtan1,Passerellidae
picdov1,Columbidae
picmun1,Estrildidae
picpig2,Columbidae
pictyr1,Tyrannidae
pieavo1,Recurvirostridae
piebar1,Lybiidae
piebus1,Muscicapidae
piebut1,Cracticidae
piecor1,Phalacrocoracidae
piecou1,Cuculidae
piecro1,Corvidae
piecuc1,Cuculidae
piecur1,Cracticidae
piecus1,Campephagidae
pieduc1,Anatidae
piefal2,Falconidae
piefan1,Rhipiduridae
piegos1,
piehar1,Accipitridae
pieher2,Ardeidae
piehon1,Meliphagidae
piekin1,Alcedinidae
pielap1,Charadriidae
piemon1,Monarchidae
pieoys1,Haematopodidae
piepuf1,Bucconidae
piesti1,Recurvirostridae
piethr1,Turdidae
pietri1,Campephagidae
piewhe1,Muscicapidae
pifgoo,Anatidae
pifpuf1,Malaconotidae
pifshe,Procellariidae
pigdov1,Columbidae
piggui,Alcidae
pihduc1,Anatidae
pihwar1,Parulidae
piipig1,Columbidae
piipig2,Columbidae
piisha1,Phalacrocoracidae
pilfin1,Thraupidae
pilfly1,Tyrannidae
pilgra1,Furnariidae
pilotb1,Acanthizidae
pilwoo,Picidae
pinbit1,Ardeidae
pinbun,Emberizidae
pincoc1,Psittacidae
pinfly1,Tyrannidae
pingro,Fringillidae
pinhae1,Accipitridae
pinjay,Corvidae
pinpig2,Columbidae
pinpig3,Columbidae
pinrob1,Petroicidae
pinsis,Fringillidae
pinspi1,Furnariidae
pinwar,Parulidae
pipcis2,Cisticolidae
pipcro1,Corvidae
piphor1,Bucerotidae
pipipi1,Acanthizidae
pipplo,Charadriidae
pirfly1,Tyrannidae
pirros1,Fringillidae
pirwar1,Parulidae
pirwar2,Acrocephalidae
pitbec1,Cotingidae
pitbri1,Trochilidae
pitman1,Pipridae
pitpar1,Estrildidae
pitpig1,Columbidae
pitsan1,Pteroclididae
pitsni,Scolopacidae
pittwi1,Estrildidae
pitwhy,Viduidae
piwswa1,Hirundinidae
piwtyr1,Tyrannidae
plaant1,Thamnophilidae
plabuh1,Rallidae
placha,Cracidae
placuc1,Cuculidae
placuc3,Cuculidae
plaflo1,Dicaeidae
plaflo2,Dicaeidae
plager1,Acanthizidae
plagre2,Pycnonotidae
plaher1,Trochilidae
plahon1,Meliphagidae
plalar1,
plamar1,Hirundinidae
plamar3,Hirundinidae
planig1,Caprimulgidae
plapar1,Psittacidae
plapig,Columbidae
plapri1,Cisticolidae
plarai1,Rallidae
plasla1,Thamnophilidae
plasof1,Furnariidae
plasun1,Nectariniidae
plaswi1,Apodidae
platap1,Rhinocryptidae
platyr1,Tyrannidae
platyr2,Tyrannidae
plawan1,Pedionomidae
plawoo1,Furnariidae
plawre1,Troglodytidae
plawre3,Troglodytidae
plaxen2,
plaxen3,Furnariidae
plaxen4,Furnariidae
plbant1,Grallariidae
plbeme1,Trochilidae
plbpic1,Picidae
plbpip1,Motacillidae
plbspa1,Passeridae
plbsun1,Nectariniidae
plbthr2,Turdidae
plbwoo1,Furnariidae
plcela1,Tyrannidae
plcgrt1,Tyrannidae
plcjay1,Corvidae
plcsee1,Thraupidae
plcspi1,Furnariidae
plcsta,Trochilidae
plctan1,Thraupidae
plctyr1,Tyrannidae
plewar1,Locustellidae
plffal1,Falconidae
plflor1,Psittacidae
plfrai1,Rallidae
plgrol1,Brachypteraciidae
plhfin1,
plhpar1,Psittacidae
pllwar1,Phylloscopidae
pllwar2,Phylloscopidae
plmfin1,Fringillidae
plover3,Trochilidae
plover4,Trochilidae
plphor1,Bucerotidae
plsfin1,Thraupidae
plsvir,Vireonidae
pltant1,Thamnophilidae
pltcot1,Cotingidae
pltsun2,Nectariniidae
pltsun3,Nectariniidae
pltswi1,Apodidae
pltwar1,Phylloscopidae
pltwre2,Troglodytidae
pltwre3,Troglodytidae
pluant1,Thamnophilidae
pluant3,Thamnophilidae
plueup1,Fringillidae
plugui1,Numididae
pluhaw,Accipitridae
pluibi1,Threskiornithidae
plukit1,Accipitridae
plupig2,Columbidae
plurai1,Rallidae
plured1,Muscicapidae
plusee1,Thraupidae
plushc1,Thraupidae
pluwar1,Parulidae
plwant1,Thamnophilidae
plwant2,Thamnophilidae
plwduc1,Anatidae
plweye1,Zosteropidae
plwwoo1,Furnariidae
pmtspi1,Furnariidae
pnbfin1,Passerellidae
pogdov1,Columbidae
pogpig1,Columbidae
pohfan1,Rhipiduridae
pohfly1,Monarchidae
pohlor1,Psittacidae
pohsta1,Sturnidae
pohwhe1,Zosteropidae
poipig1,Columbidae
polpar1,Psittacidae
polsta1,Sturnidae
polswi1,Apodidae
poltri1,Campephagidae
polvan1,Vangidae
pomcot1,Cotingidae
pomgrp1,Columbidae
pomgrp2,Columbidae
pomgrp3,Columbidae
pomgrp4,Columbidae
pomgrp5,Columbidae
pomjae,Stercorariidae
poouli,Fringillidae
pospet1,Hydrobatidae
potpal1,Furnariidae
powowl1,Strigidae
powwoo1,Picidae
prafal,Falconidae
prawar,Parulidae
prbbar1,Semnornithidae
pregrs1,Passerellidae
pregrs2,Passerellidae
preswa2,Hirundinidae
prewea1,Ploceidae
prgsta1,Sturnidae
prgwea1,Ploceidae
prhlau1,Leiothrichidae
pribat1,Platysteiridae
prigre1,Pycnonotidae
pripuf1,Malaconotidae
prisco1,Strigidae
prisee1,Fringillidae
prispe1,Zosteropidae
prisun2,Nectariniidae
prisun3,Nectariniidae
prithr1,Turdidae
procan1,Fringillidae
prowar,Parulidae
prrtur1,Musophagidae
prsast1,Paradisaeidae
prsowl,Strigidae
prznut1,Sittidae
przpar1,Phasianidae
przros1,Urocynchramidae
psfdov1,Columbidae
ptipig1,Columbidae
ptmgem,Trochilidae
ptpfin1,Thraupidae
ptwfin1,Thraupidae
puaioh,Turdidae
pubbul1,Aphididae
pubcot1,Cotingidae
pubhon1,Meliphagidae
pubjay1,Corvidae
publor1,Psittacidae
pubsun1,Trochilidae
pubsun3,Nectariniidae
pubsun4,Nectariniidae
pubtho1,Trochilidae
pubwhi1,Trochilidae
pucfai1,Trochilidae
pucfai2,Maluridae
pucfrd1,Columbidae
puchum1,Trochilidae
puclor1,Psittacidae
puctur2,Musophagidae
pucwoo1,Trochilidae
pughon1,Meliphagidae
pugsta1,Sturnidae
pugtyr1,Tyrannidae
pullon1,Macrosphenidae
pumstp1,Hydrobatidae
pumtan2,Thraupidae
punant1,Grallariidae
punibi1,Threskiornithidae
punlor1,Psittacidae
punmin1,Furnariidae
punplo1,
punsni1,Scolopacidae
punsun1,Nectariniidae
puntap1,Rhinocryptidae
puntea1,Anatidae
punthi1,Furnariidae
puntin1,Tinamidae
purbul1,Thraupidae
purbul3,Thraupidae
purcoc1,Turdidae
pureme1,Trochilidae
purfin,Fringillidae
purfly1,Tyrannidae
purgal2,Rallidae
purgre2,Estrildidae
purher1,Ardeidae
purhon1,Thraupidae
purind1,Viduidae
purjac1,Galbulidae
purjac2,Galbulidae
purjay1,Corvidae
purlic1,Cuculidae
purmar,Hirundinidae
purnee1,Apodidae
purnig1,Caprimulgidae
purpar1,Psittacidae
purpar2,Psittacidae
purrol1,Coraciidae
pursan,Scolopacidae
purspi,Spindalidae
pursun3,Nectariniidae
pursun4,Nectariniidae
purswa2,Rallidae
purswa3,Rallidae
purswa4,Rallidae
purswa5,Rallidae
purswa6,Rallidae
purswa,Rallidae
purtan1,Nesospingidae
purtod1,Todidae
purvir1,Vireonidae
purwoo1,Picidae
putbab1,Pellorneidae
putbul1,Pycnonotidae
putcar1,Trochilidae
putcot1,Cotingidae
putcus1,Campephagidae
puteup1,Fringillidae
putfru1,Cotingidae
putsun1,Trochilidae
putsun3,Nectariniidae
putwoo1,Trochilidae
puvill1,Pellorneidae
puwrol1,Coraciidae
puyfin1,Thraupidae
pvttyr1,Tyrannidae
pwgdov1,Columbidae
pybfly1,Muscicapidae
pycpet1,Procellariidae
pygant1,Thamnophilidae
pygbab1,Zosteropidae
pygbat1,Platysteiridae
pygcor2,Phalacrocoracidae
pygcus1,Campephagidae
pygfal1,Falconidae
pygflo1,Dicaeidae
pyghap1,Psittacidae
pyghon1,Melanocharitidae
pyglor1,Psittaculidae
pygnig1,Caprimulgidae
pygnut,Sittidae
pygsun2,Nectariniidae
pygswi1,Apodidae
pygswi2,Apodidae
pygtit1,Aegithalidae
pygwoo1,Picidae
pyrrhu,Cardinalidae
pywbab1,Pnoepygidae
pyweye1,Zosteropidae
quailf1,Estrildidae
quailp1,Turnicidae
quaind1,Viduidae
quctin1,Tinamidae
rabcur2,Cracidae
rabeat1,Meropidae
rabgro1,Cardinalidae
rablor1,Psittacidae
rabtho1,Trochilidae
rabthr1,Turdidae
racmal1,Ploceidae
radacc2,Prunellidae
radshe1,Anatidae
radwar1,Phylloscopidae
rafdov1,Columbidae
rafmal1,Cuculidae
ragmac1,Psittacidae
railor2,Psittacidae
railor3,Psittacidae
railor4,Psittacidae
railor5,Psittacidae
railor6,Psittacidae
railor7,Psittacidae
railor8,Psittacidae
raipar1,Psittacidae
raipit1,Pittidae
raiqua1,Phasianidae
raista1,Trochilidae
rampig1,Columbidae
ranwar1,Bernieridae
rarmon1,Monarchidae
rarsta1,Sturnidae
rasowl1,Strigidae
ratcis1,Cisticolidae
ratcoq2,Trochilidae
ratrol2,Coraciidae
rattre1,Corvidae
rattre2,Corvidae
rawant1,Grallariidae
rawcra1,Rallidae
rawspi2,Furnariidae
rawwre1,Troglodytidae
raybar1,Lybiidae
rayfin1,Thraupidae
raytan1,Thraupidae
razorb,Alcidae
razsky1,Alaudidae
rbbeat1,Meropidae
rbbfin1,Passerellidae
rbbmag,Corvidae
rbbrob1,Muscicapidae
rbbtyr1,Tyrannidae
rbbwea1,Ploceidae
rbctyr1,Tyrannidae
rbdhor1,Bucerotidae
rbfdov1,Columbidae
rbgcuc1,Cuculidae
rbifin1,Thraupidae
rbopar1,Paradisaeidae
rbopar2,Paradisaeidae
rbpkin1,Alcedinidae
rbppar1,Psittacidae
rbptan1,Mitrospingidae
rbsbab1,Timaliidae
rbsfin1,Thraupidae
rbsrob1,Muscicapidae
rbwbab1,Pellorneidae
rbwfin1,Thraupidae
rbwfin2,Thraupidae
rbwqua1,Odontophoridae
rcatan1,Cardinalidae
rcbfin1,Passerellidae
rcfdov1,Columbidae
rcgspa1,Passerellidae
rcmbab1,Leiothrichidae
rcnthr1,Turdidae
rcqdov1,Columbidae
rcrcha1,Muscicapidae
rcsbab1,Timaliidae
rctspi1,Furnariidae
rcttyr1,Tyrannidae
rcweye1,Platysteiridae
rdjant1,Thamnophilidae
rdjant2,Thamnophilidae
rebbla1,Icteridae
rebbrt1,Megapodiidae
rebbus1,Thamnophilidae
rebbut2,Turnicidae
rebcha1,Cardinalidae
rebcho1,Corvidae
rebcou1,Cuculidae
rebcur1,Cracidae
rebdot1,
rebduc1,Anatidae
rebeme1,Trochilidae
rebfai1,Maluridae
rebfin1,Passerellidae
rebfir1,Estrildidae
rebfir2,Estrildidae
rebflo1,Dicaeidae
rebfly,Muscicapidae
rebfra1,Phasianidae
rebfru1,Cotingidae
rebgoo1,Anatidae
rebgra1,Icteridae
rebhaw2,Accipitridae
rebhor1,Bucerotidae
rebkin2,Alcedinidae
reblei,Leiothrichidae
rebmac2,Psittacidae
rebmal1,Ploceidae
rebmal2,Cuculidae
rebmer,Anatidae
rebmou1,Coliidae
rebmyz1,Meliphagidae
rebnut,Sittidae
reboxp1,Buphagidae
rebpar1,Psittacidae
rebpar2,Psittacidae
rebpar3,Phasianidae
rebpar4,Psittacidae
rebpar5,Phasianidae
rebpar6,Pardalotidae
rebpar7,Psittacidae
rebpig1,Columbidae
rebpit1,Pittidae
rebpyt1,Estrildidae
rebque1,Ploceidae
rebsap,Picidae
rebscy1,Furnariidae
rebshr1,Laniidae
rebsta1,Sturnidae
rebtou2,Ramphastidae
rebtre1,Climacteridae
rebtro,Phaethontidae
rebtyr2,Tyrannidae
rebwhe2,Muscicapidae
rebwhe3,Muscicapidae
rebwoo1,Furnariidae
rebwoo,Picidae
recbar1,Megalaimidae
recbus1,Otididae
recbut1,Turnicidae
reccar2,Thraupidae
reccar3,Thraupidae
reccar4,Thraupidae
reccar,Thraupidae
reccor,Estrildidae
reccot1,Cotingidae
reccou2,Cuculidae
reccou3,Cuculidae
reccra1,Gruidae
reccro1,Macrosphenidae
reccuc1,Cuculidae
recdov1,Columbidae
recfin1,Thraupidae
recflo1,Dicaeidae
recflo2,Dicaeidae
recflu1,Rallidae
reclar1,Alaudidae
reclor1,Psittacidae
recmal1,Cuculidae
recmal2,Ploceidae
recman1,Pipridae
recmyz1,Meliphagidae
recmyz3,Meliphagidae
recowl1,Strigidae
recpar1,Psittacidae
recpar2,Psittacidae
recpar3,Psittacidae
recpar,Psittacidae
recplo1,
recpoc,Anatidae
recrob1,Petroicidae
recsun2,Nectariniidae
recswa1,Hirundinidae
rectur1,Musophagidae
recwid2,Ploceidae
recwid3,Ploceidae
recwoo1,Picidae
recwoo2,Picidae
recwoo,Picidae
redava,Estrildidae
redbis,Ploceidae
redcro9,Fringillidae
redcro,Fringillidae
redegr,Ardeidae
redfod1,Ploceidae
redgos1,Accipitridae
redhea,Anatidae
redher1,Trochilidae
redjun,Phasianidae
redkit1,Accipitridae
redkno,Scolopacidae
redlor1,Psittacidae
redmyz2,Meliphagidae
redmyz3,Meliphagidae
redpha1,Scolopacidae
redpol1,Fringillidae
redrai1,Rallidae
redsho1,Anatidae
redsis1,Fringillidae
redspu1,Phasianidae
redthr1,Acanthizidae
redwar1,Parulidae
redwat1,Meliphagidae
redwin,Turdidae
reebul1,Pycnonotidae
reebun,Emberizidae
reedov1,Columbidae
reefir1,Estrildidae
reepar1,Psittacidae
reepar2,Estrildidae
reepar3,Sylviidae
reephe1,Phasianidae
reepuf1,Malaconotidae
reescb1,Charadriidae
reevir1,Vireonidae
refant1,Estrildidae
refbar1,Lybiidae
refbar2,Lybiidae
refblu1,Muscicapidae
refblu2,Muscicapidae
refboo,Sulidae
refcis1,Cisticolidae
refcoo1,Rallidae
refcor,Phalacrocoracidae
refcou1,Cuculidae
refcro1,Macrosphenidae
refdov1,Columbidae
reffal1,Falconidae
refgua1,Cracidae
reflio2,Leiothrichidae
reflio3,Leiothrichidae
reflor1,Psittaculidae
reflor2,Psittaculidae
refmac1,Psittacidae
refmal1,Cuculidae
refmou1,Coliidae
refpar1,Psittacidae
refpar2,Psittacidae
refpar3,Psittacidae
refpar4,Psittacidae
refpar5,Psittacidae
refpyt1,Estrildidae
refros1,Fringillidae
refspi1,Furnariidae
reftin4,Lybiidae
refwar2,Cisticolidae
refwar,Parulidae
regbow1,Ptilonorhynchidae
regcoo1,Rallidae
reghon1,Meliphagidae
regpar1,Psittacidae
regsun2,Nectariniidae
regwhi1,Pachycephalidae
rehbar1,Capitonidae
rehblu1,Estrildidae
rehbul1,Fringillidae
rehbun1,Emberizidae
rehcis2,Cisticolidae
rehfin1,Estrildidae
rehfla1,Picidae
rehfod1,Ploceidae
rehfod3,Ploceidae
rehlov1,Psittacidae
rehmal1,Ploceidae
rehman1,Pipridae
rehmyz1,Meliphagidae
rehque1,Ploceidae
rehtan1,Cardinalidae
rehtan2,Cardinalidae
rehtro1,Trogonidae
rehvul1,Accipitridae
rehwea1,Ploceidae
rehwea3,Ploceidae
rehwoo,Picidae
reifir1,Estrildidae
reipar1,Psittacidae
reisee2,Fringillidae
reisee3,Fringillidae
reisee4,Fringillidae
reisun2,Nectariniidae
reityr1,Tyrannidae
reiwoo1,Picidae
rekcoo1,Rallidae
rekdot1,Charadriidae
rekflo1,Dicaeidae
relcor1,Phalacrocoracidae
relcra1,Rallidae
relgul2,Laridae
relhon1,Thraupidae
relkit,Laridae
relpar10,Psittacidae
relpar1,Phasianidae
relpar4,Psittacidae
relpar9,Psittacidae
relser1,Cariamidae
relthr1,Turdidae
relthr3,Turdidae
reltin1,Tinamidae
relwhi1,Pachycephalidae
rempar,Psittacidae
remros1,Fringillidae
renara1,Ramphastidae
renavo1,Recurvirostridae
renbus1,Malaconotidae
renbuz1,Accipitridae
rencra1,Rallidae
renfal1,Falconidae
renfan1,Rhipiduridae
renfra1,Phasianidae
rengre,Podicipedidae
renibi1,Threskiornithidae
rennig1,Caprimulgidae
renpar1,Psittacidae
renpha,Scolopacidae
rensap,Picidae
renshr1,Monarchidae
rensta1,Sturnidae
rensti,Scolopacidae
rentan1,Thraupidae
rentro1,Trogonidae
renwhi1,Pachycephalidae
renwoo1,Picidae
repcis1,Cisticolidae
rercac1,Icteridae
rerfru1,Cotingidae
rerpar1,Psittacidae
rerswa12,Hirundinidae
rerswa8,Hirundinidae
rertin1,Lybiidae
rerwax1,Estrildidae
rerwhe1,Muscicapidae
rerwoo1,Picidae
resbla1,Icteridae
rescus1,Campephagidae
resflo1,Dicaeidae
resfly1,Monarchidae
reshaw,Accipitridae
resmac2,Psittacidae
resowl1,Strigidae
respar1,Psittacidae
respar2,Psittacidae
resque1,Trogonidae
resspi2,Furnariidae
resswa2,Hirundinidae
restan1,Thraupidae
restyr1,Tyrannidae
resvan1,Vangidae
reswar1,Sylviidae
reswoo1,Picidae
retale1,Muscicapidae
retbar1,Megalaimidae
retcar2,Falconidae
retcom1,Trochilidae
retgre1,Pycnonotidae
rethaw,Accipitridae
rethel1,Prionopidae
retlau1,Leiothrichidae
retloo,Gaviidae
retlor1,Psittacidae
retmin1,Leiothrichidae
retmyz1,Meliphagidae
retnew1,Vangidae
retpar1,Psittacidae
retpar3,Estrildidae
retpip,Motacillidae
retspa1,
retsun2,Nectariniidae
retsun3,Nectariniidae
retswa2,Hirundinidae
retthr1,Turdidae
rettit2,Paridae
rettro,Phaethontidae
retvan1,Vangidae
retwhe2,Muscicapidae
retwhe3,Muscicapidae
reubul1,Pycnonotidae
reucus1,Campephagidae
reuhar2,Accipitridae
reuhar3,Accipitridae
reukes1,Falconidae
reunih1,Ardeidae
reurai1,Rallidae
reusco1,Strigidae
reushe1,Anatidae
reusol1,Threskiornithidae
reusta1,Sturnidae
reusto1,Muscicapidae
reuwhe1,Zosteropidae
revbar1,Megalaimidae
revbul,Pycnonotidae
revmal1,Ploceidae
rewbla,Icteridae
rewbul,Pycnonotidae
reweye1,Zosteropidae
rewfai1,Maluridae
rewfra2,Phasianidae
rewlap1,Charadriidae
rewlau1,Leiothrichidae
rewpar1,Psittacidae
rewpri1,Cisticolidae
rewpyt1,Estrildidae
rewsta1,Sturnidae
rewtin1,Tinamidae
rfcwin1,Estrildidae
rfwqua1,Odontophoridae
rfwwar1,Phylloscopidae
rhgrol1,Brachypteraciidae
rhiauk,Alcidae
rhihor1,Bucerotidae
rhptyr1,Tyrannidae
ribant1,Thamnophilidae
ribgul,Laridae
ricpip1,Motacillidae
ridhaw1,Accipitridae
ridrai1,Rallidae
ridswi1,Apodidae
riflem1,Acanthisittidae
rimrew1,Acrocephalidae
rinant2,Tyrannidae
rindov,Columbidae
rinduc,Anatidae
rinfra2,Phasianidae
rinkin1,Alcedinidae
rinouz1,Turdidae
rinphe1,Phasianidae
rinphe2,Phasianidae
rinsco1,Strigidae
rintea1,Anatidae
rinwoo1,Picidae
riospi1,Furnariidae
risant1,Thamnophilidae
rispet1,Hydrobatidae
ritast1,Paradisaeidae
ritdro1,Dicruridae
ritpig,Columbidae
rivlap1,Charadriidae
rivpri1,Cisticolidae
rivter1,Laridae
rivtyr1,Tyrannidae
rivtyr2,Tyrannidae
rivwar1,Parulidae
rivwre1,Troglodytidae
riwfin1,Thraupidae
rkipig1,Columbidae
rmfdov1,Columbidae
rnbfin1,Passerellidae
rnfdov1,Columbidae
rnfgle1,Furnariidae
rngtyr1,Tyrannidae
rnwrai1,Rallidae
roahaw,Accipitridae
robacc1,Prunellidae
robbun1,Cardinalidae
robcha2,Cardinalidae
robcha3,Cardinalidae
robeat1,Meropidae
robgro,Cardinalidae
robpoc1,Anatidae
robpri1,Cisticolidae
robqua1,Phasianidae
robwhe1,Zosteropidae
robwoo1,Picidae
rocbun1,Emberizidae
rocear1,Furnariidae
rocfir1,Estrildidae
rocmar4,Hirundinidae
rocmar5,Hirundinidae
rocnut1,Sittidae
rocpar1,Psittacidae
rocpar2,Phasianidae
rocpen2,Spheniscidae
rocpen3,Spheniscidae
rocpen4,Spheniscidae
rocpet1,Passeridae
rocpig,Columbidae
rocpih1,Cotingidae
rocpip1,Motacillidae
rocpra1,Glareolidae
rocpta1,Phasianidae
rocsan,Scolopacidae
rocsun2,Nectariniidae
roctap1,Rhinocryptidae
rocwar1,Acanthizidae
rocwre,Troglodytidae
rodbrw1,Acrocephalidae
rodfod1,Ploceidae
rodnih1,Ardeidae
rodpar1,Psittaculidae
rodrai1,Rallidae
rodsco1,Strigidae
rodsol2,Columbidae
rodsta2,Sturnidae
rodtud1,Columbidae
roeowl1,Strigidae
rofpar2,Psittacidae
rofpar3,Psittacidae
rofsha1,Phalacrocoracidae
rohpar1,Psittacidae
rolcis2,Cisticolidae
rolcis4,Cisticolidae
rolhaw,Accipitridae
roltyr1,Tyrannidae
roltyr3,Tyrannidae
rolwar1,Phylloscopidae
romboo1,Strigidae
ronbus1,Thamnophilidae
ronwaa1,Thamnophilidae
rook1,Corvidae
ropbus1,Malaconotidae
rorant1,Thamnophilidae
rorant2,Thamnophilidae
rorbar1,Furnariidae
rorfly1,Tyrannidae
rornig1,
rorpar,Psittacidae
rosgoo,Anatidae
rosgul,Laridae
rosmin1,Campephagidae
rospip1,Motacillidae
rosrob1,Petroicidae
rosspo1,Threskiornithidae
rossta2,Sturnidae
roster,Laridae
rostur1,Musophagidae
rotbec,Cotingidae
rotlon1,Motacillidae
rotman1,Pipridae
rotmyz1,Meliphagidae
rotmyz2,Meliphagidae
rotswi1,Apodidae
rottan1,Cardinalidae
rottan2,Rhodinocichlidae
rotwhe1,Zosteropidae
rourai1,Rallidae
rovrai1,Rallidae
royalb2,Diomedeidae
royalb3,Diomedeidae
roycin1,Furnariidae
royfly1,Tyrannidae
royfly5,Tyrannidae
roypar1,Estrildidae
roypen1,Spheniscidae
royspo1,Threskiornithidae
roysun1,Trochilidae
royter1,Laridae
royter2,Laridae
rrbtyr1,Tyrannidae
rrwfin1,Thraupidae
rsptyr1,Tyrannidae
rswfin1,Thraupidae
rtatan1,
rtathr1,Turdidae
rtbcoc1,Psittacidae
rtbcuc1,Cuculidae
rtbeat1,Meropidae
rthhum,Trochilidae
rtlhum,Trochilidae
rtpgua1,Cracidae
rtpthr1,Muscicapidae
rtrthr1,Muscicapidae
rtwbab1,Timaliidae
rtweye1,Motacillidae
rubacc1,Prunellidae
rubaka1,Muscicapidae
rubant1,Formicariidae
rubant2,Thamnophilidae
rubant3,Thamnophilidae
rubant4,Thamnophilidae
rubant5,Grallariidae
rubant7,Grallariidae
rubbun1,Emberizidae
rubcha1,Cracidae
rubcon1,Thraupidae
rubcra1,Rallidae
rubeag2,Accipitridae
rubeup1,Fringillidae
rubfan1,Rhipiduridae
rubfan2,Rhipiduridae
rubfan3,Rhipiduridae
rubfly1,Muscicapidae
rubfly2,Tyrannidae
rubfly3,Muscicapidae
rubhel1,Prionopidae
rubhem1,Thraupidae
rubher2,Ardeidae
rubher,Trochilidae
rubhon1,Meliphagidae
rubhon2,Meliphagidae
rubkin1,Alcedinidae
rubkoo1,Alcedinidae
rublea1,Furnariidae
rubmin1,Furnariidae
rubmon1,Tyrannidae
rubnig1,Caprimulgidae
rubnil1,Muscicapidae
rubnun1,Bucconidae
ruboro1,Icteridae
rubowl2,Strigidae
rubowl3,Strigidae
rubpep1,Vireonidae
rubpic1,Picidae
rubrat1,Trochilidae
rubred2,Muscicapidae
rubrob,Turdidae
rubsab1,Trochilidae
rubsal1,Thraupidae
rubsee1,Thraupidae
rubsee2,Thinocoridae
rubsho1,Muscicapidae
rubsib1,Leiothrichidae
rubsol1,Turdidae
rubspi2,Furnariidae
rubspi3,Furnariidae
rubspi4,Furnariidae
rubspi5,Furnariidae
rubsti1,Thamnophilidae
rubswa1,Hirundinidae
rubtap1,Rhinocryptidae
rubthr1,Turdidae
rubthr2,Turdidae
rubtit3,Paridae
rubtre1,Furnariidae
rubtri1,Campephagidae
rubtyr1,Tyrannidae
rubwar1,Locustellidae
rubwhi2,Pachycephalidae
rubwoo1,Picidae
rubwre1,Troglodytidae
rubwre2,Troglodytidae
rucant1,Thamnophilidae
rucant2,Formicariidae
rucant3,Conopophagidae
rucbab1,Timaliidae
rucbab2,Pellorneidae
rucbab3,Zosteropidae
rucbee1,Meropidae
ruccoq1,Trochilidae
ruccra1,Rallidae
rucdot1,Charadriidae
rucdov1,Columbidae
rucela1,Tyrannidae
rucemu1,Maluridae
rucere1,Cisticolidae
rucfly1,Muscicapidae
rucfly3,Muscicapidae
rucful1,Pellorneidae
rucgre1,Vireonidae
ruchaw1,Accipitridae
ruchor1,Bucerotidae
ruchum1,Trochilidae
ruckin1,Alcedinidae
ruckin,Regulidae
ruclau1,Leiothrichidae
ruclau2,Leiothrichidae
ruclau3,Leiothrichidae
rucmon1,Monarchidae
rucmot1,Momotidae
rucmot2,Momotidae
rucnig1,Caprimulgidae
rucnun1,Bucconidae
rucrob1,Turdidae
rucrol2,Coraciidae
rucsee1,Thraupidae
rucspa1,Passerellidae
rucspa2,Accipitridae
rucspa,Passerellidae
rucspi1,Furnariidae
rucsun2,Nectariniidae
rucswa2,Hirundinidae
ructan1,Thraupidae
ructan2,Thraupidae
ructan3,Thraupidae
ructan4,Thraupidae
ructes1,Cettiidae
ructho1,Trochilidae
rucwar1,Parulidae
rucwar4,Parulidae
rucwar,Parulidae
rudapa1,Cisticolidae
rudcra1,Rallidae
rudduc,Anatidae
rudkin1,Alcedinidae
rudlar1,Alaudidae
rudpig,Columbidae
rudshe,Anatidae
rudspi1,Furnariidae
rudtof1,Tyrannidae
rudtre1,Furnariidae
rudtur,Scolopacidae
rudwoo1,Furnariidae
ruebus1,Otididae
ruecha1,Muscicapidae
ruegls1,Sturnidae
ruegri1,Accipitridae
ruepar1,Psittacidae
ruewar1,Sylviidae
ruewar2,Cisticolidae
ruewea1,Ploceidae
rufant10,Grallariidae
rufant11,Grallariidae
rufant12,Thamnophilidae
rufant2,Grallariidae
rufant3,Formicariidae
rufant4,Thamnophilidae
rufant5,Grallariidae
rufant6,Grallariidae
rufant7,Grallariidae
rufant8,Grallariidae
rufant9,Grallariidae
rufbab2,Timaliidae
rufbab3,Leiothrichidae
rufbar1,Leiothrichidae
rufbri1,Dasyornithidae
rufcac2,Furnariidae
rufcan1,Furnariidae
rufcas2,Tyrannidae
rufcha2,Leiothrichidae
rufcis1,Cisticolidae
rufcou1,Cuculidae
rufcra1,Rallidae
rufcra2,Rallidae
ruffan13,Rhipiduridae
ruffan3,
ruffan4,
ruffie2,Acanthizidae
ruffie3,Acanthizidae
ruffly1,Tyrannidae
ruff,Scolopacidae
rufgle1,Furnariidae
rufgna2,Conopophagidae
rufgna3,Conopophagidae
rufgro,Phasianidae
rufhor1,Bucerotidae
rufhor2,Furnariidae
rufhum,Trochilidae
rufimp1,Columbidae
rufjuf1,Muscicapidae
ruflau1,Leiothrichidae
rufmon1,Monarchidae
rufmot1,Momotidae
rufmou1,Tyrannidae
rufnig1,Caprimulgidae
rufowl1,Strigidae
rufowl2,Strigidae
rufpar1,Psittacidae
rufpar2,Psittacidae
rufpic1,Picidae
rufpih1,Cotingidae
rufpot1,Nyctibiidae
rufpri1,Cisticolidae
rufpri2,Cisticolidae
rufroc1,Chaetopidae
rufsab1,Trochilidae
rufsco1,Strigidae
rufsht1,Pachycephalidae
rufsib1,Leiothrichidae
rufson1,Locustellidae
rufspi1,Furnariidae
ruftai1,Cisticolidae
ruftho1,Furnariidae
ruftho3,Furnariidae
rufthr1,Turdidae
ruftof1,Tyrannidae
ruftre2,Corvidae
ruftre3,Climacteridae
ruftre4,Certhiidae
ruftwi1,Tyrannidae
rufvan1,Vangidae
rufwar1,Cettiidae
rufwhe1,Zosteropidae
rufwhi1,Pachycephalidae
rufwoo2,Picidae
rufwre1,Troglodytidae
rugdov,Columbidae
rugfly1,Muscicapidae
ruhcha1,Cracidae
ruhgoo1,Anatidae
ruhpar2,Sylviidae
ruhpar3,Sylviidae
ruhrob1,Muscicapidae
ruhspi1,Furnariidae
ruhtai2,Cettiidae
ruhtan1,Thraupidae
ruhwoo1,Picidae
rulkin1,Alcedinidae
rulowl1,Strigidae
rultyr1,Tyrannidae
rumfly1,Tyrannidae
rumfog1,Furnariidae
rumgua1,Cracidae
rumsof1,Furnariidae
rumwar1,Acanthizidae
runcou1,Cuculidae
rungre1,Vireonidae
runher1,Ardeidae
runhor1,Bucerotidae
runlar2,
runlar7,
runlau1,Leiothrichidae
runpic1,Picidae
runpit1,Pittidae
runpuf1,Bucconidae
runsno1,Passeridae
runspa1,
runthr1,Turdidae
runwhi1,Oreoicidae
runwor1,Rallidae
runwre2,Troglodytidae
runwre3,Troglodytidae
runwre4,Troglodytidae
runwry1,Picidae
rupfly1,Monarchidae
ruqdov,Columbidae
rurant1,Thamnophilidae
rurcha1,Muscicapidae
rurfog1,
rurgra1,Pellorneidae
rurlar1,Alaudidae
rursee1,Thraupidae
rusant1,Thamnophilidae
rusbir1,Atrichornithidae
rusbla,Icteridae
rusbro1,Eurylaimidae
rusbun,Emberizidae
ruscra1,Rallidae
rusflo1,Thraupidae
rusger1,Acanthizidae
rusgra1,Maluridae
rushon1,Meliphagidae
ruslar1,Alaudidae
ruslau1,Leiothrichidae
ruspit1,Pachycephalidae
russpa1,Passerellidae
russpa2,Passeridae
rusthi1,Locustellidae
rustin1,Tinamidae
ruswhi1,Pachycephalidae
ruswoo1,Trochilidae
rutant1,Thamnophilidae
rutant2,Formicariidae
rutant3,Thamnophilidae
rutant4,Thamnophilidae
rutant5,Grallariidae
rutatt1,Tyrannidae
rutbab1,Sylviidae
rutbuh1,Rallidae
rutdip1,Cinclidae
rutfan1,Rhipiduridae
rutfla1,Tyrannidae
rutfly1,Tyrannidae
rutfly2,Tyrannidae
rutfly5,Muscicapidae
rutfly6,Muscicapidae
rutfly7,Muscicapidae
rutfog1,Furnariidae
rutful1,Pellorneidae
ruthaw1,Accipitridae
ruther1,Ardeidae
ruthon1,Meliphagidae
ruthum1,Trochilidae
rutjac1,Galbulidae
rutkit1,Accipitridae
rutlar2,Alaudidae
rutpar1,Phasianidae
rutpar2,Sylviidae
rutpla1,Cotingidae
rutpuf1,Bucconidae
rutpuf3,Bucconidae
rutrob1,Muscicapidae
rutsap1,Trochilidae
rutscr1,Muscicapidae
rutsha2,Muscicapidae
rutshr2,Laniidae
rutsol1,Turdidae
ruttai1,Cisticolidae
ruttan1,Thraupidae
rutthr1,Turdidae
ruttyr1,Tyrannidae
rutwea1,Passeridae
rutxen1,Furnariidae
ruvcha1,Cracidae
ruvlau1,Leiothrichidae
ruvnil1,Muscicapidae
ruvpri1,Pellorneidae
ruvtap1,Rhinocryptidae
ruvtit2,Paridae
ruvwar2,Sylviidae
ruvwea1,Ploceidae
ruvwhi1,Trochilidae
ruvyuh1,Zosteropidae
ruwant2,Thamnophilidae
ruwant3,Thamnophilidae
ruwant4,Thamnophilidae
ruwapa1,Cisticolidae
ruwbar1,Furnariidae
ruwbat1,Platysteiridae
ruwbri1,Trochilidae
ruwbuz1,Accipitridae
ruwful1,Pellorneidae
ruwill1,Pellorneidae
ruwphi2,Tephrodornithidae
ruwspa1,Tyrannidae
ruwspa,Passerellidae
ruwsta1,Sturnidae
ruwsun2,Nectariniidae
ruwtan1,Thraupidae
ruwtur2,Musophagidae
ruwtyr1,Tyrannidae
ruwwoo1,Picidae
rvgcuc1,Cuculidae
rvpfly1,Monarchidae
rwbeye1,Thamnophilidae
rwbtyr1,Tyrannidae
rwgcuc1,Cuculidae
rwgwar2,Cisticolidae
rwwrai1,Rallidae
ryumin1,Campephagidae
ryupig1,Columbidae
ryurob2,Muscicapidae
ryurob3,Muscicapidae
ryusco1,Strigidae
saaswi1,Apodidae
sabgul,Laridae
sabher1,Trochilidae
sabhum1,Trochilidae
sabjay,Corvidae
sablar2,Alaudidae
sabred1,Parulidae
sabspa1,Passerellidae
sabspa4,Passerellidae
sabspi1,Apodidae
sabsto1,Ciconiidae
sacbla2,Icteridae
saccoc,Psittacidae
sacfan1,Rhipiduridae
sacibi2,Threskiornithidae
sacibi3,Threskiornithidae
sackin1,Alcedinidae
sacmel1,Meliphagidae
sacmoo1,Rallidae
sacnig1,Caprimulgidae
sacsta1,Sturnidae
sactan1,Thraupidae
sacthr2,Turdidae
sacthr3,Turdidae
sacwhe1,Zosteropidae
saddle2,Callaeatidae
saddle3,Callaeatidae
sadfly1,Tyrannidae
saffin,Thraupidae
safpar1,Psittacidae
safsis1,Fringillidae
safspa1,Passerellidae
saftou2,Ramphastidae
saggro,Phasianidae
sagspa1,Passerellidae
sagthr,Mimidae
sahpar1,Psittacidae
sahpar2,Psittacidae
sairew1,Acrocephalidae
sakfal1,Falconidae
sakrai1,Rallidae
sakwar1,Locustellidae
sakwea1,Ploceidae
salalb1,Diomedeidae
salant1,Thamnophilidae
salcur1,Cracidae
salmon1,Tyrannidae
salnig1,Caprimulgidae
salphe1,Phasianidae
salpri2,Procellariidae
salpri3,Procellariidae
salser1,Fringillidae
saltea1,Anatidae
salwar1,Phylloscopidae
salwea1,Ploceidae
samant1,Grallariidae
samant2,Thamnophilidae
samblo1,Trochilidae
samfan1,Rhipiduridae
samfly1,Monarchidae
samfog1,Furnariidae
samhor1,Bucerotidae
sammoo1,Rallidae
samnig1,Caprimulgidae
sampar1,Psittacidae
samsab1,Trochilidae
samsco1,Strigidae
samsta1,Sturnidae
samtap1,Rhinocryptidae
samtri1,Campephagidae
samwar1,Parulidae
samwhi1,Pachycephalidae
samwoo2,Trochilidae
samwre1,Troglodytidae
sancra,Gruidae
sander,Scolopacidae
sangal1,Rhinocryptidae
sangob1,Pycnonotidae
sangra1,Maluridae
sanlar1,Alaudidae
sanpar1,Phasianidae
sanpar2,Psittacidae
sansco1,Strigidae
sansht1,Pachycephalidae
sansht2,Pachycephalidae
santer1,Laridae
sanwhe1,Zosteropidae
sanwhe2,Zosteropidae
sapayo1,Sapayoaidae
sapfly1,Muscicapidae
sapqud1,Columbidae
sapqud2,Columbidae
saptan1,Thraupidae
saptyr1,Tyrannidae
sarcra1,Gruidae
sarpar2,Psittacidae
sarwar1,Sylviidae
saseme1,Trochilidae
sasgre1,Pycnonotidae
sasowl1,Strigidae
satant1,Thamnophilidae
satber1,Melanocharitidae
satbow1,Ptilonorhynchidae
satfly1,Monarchidae
satgro1,Fringillidae
sathum1,Trochilidae
satori1,Oriolidae
satpig1,Columbidae
satpri1,Cisticolidae
satspi1,Apodidae
satsun1,Nectariniidae
satswi1,Apodidae
satthr1,Turdidae
sattra1,Phasianidae
satwea1,Ploceidae
satwhe1,Zosteropidae
satwhe2,Zosteropidae
saugul2,Laridae
sauter2,Laridae
savbus1,Otididae
savhaw1,Accipitridae
savnig1,Caprimulgidae
savpuf1,Trochilidae
savspa,Passerellidae
savwar1,Locustellidae
saweye1,Zosteropidae
saweye2,Zosteropidae
sawtan1,Thraupidae
saxspa1,Passeridae
saypho,Tyrannidae
saytan1,Thraupidae
sbcdov1,Columbidae
sbeowl1,Strigidae
sbfdov1,Columbidae
sbffal1,Falconidae
sbgtyr1,Tyrannidae
sbmtan1,Thraupidae
sbnthr1,Turdidae
sbsbab1,Timaliidae
sbsbab2,Timaliidae
sbsbab3,Timaliidae
sbtman1,Pipridae
sbtwea1,Ploceidae
sbweye1,Zosteropidae
sbwrai1,Rallidae
scaant1,Grallariidae
scaant2,Thamnophilidae
scaant3,Thamnophilidae
scabab2,Leiothrichidae
scacha1,Leiothrichidae
scadov1,Columbidae
scafin1,Fringillidae
scaflo1,Thraupidae
scafra2,Phasianidae
scafru1,Cotingidae
scagrr1,Brachypteraciidae
scaibi,Threskiornithidae
scakin1,Alcedinidae
scalau1,Leiothrichidae
scamac1,Psittacidae
scamet1,Trochilidae
scamin1,Campephagidae
scamin3,Campephagidae
scamyz1,Meliphagidae
scapic1,Picidae
scapig2,Columbidae
scaqua,Odontophoridae
scarob2,Petroicidae
scaspi1,Furnariidae
scasun1,Nectariniidae
scaswi1,Apodidae
scatan,Cardinalidae
scathr2,Turdidae
scathr4,Turdidae
scathr5,Turdidae
scathr6,Turdidae
scathr8,Turdidae
scawea1,Ploceidae
scawoo1,Furnariidae
scawoo2,Furnariidae
scbant2,Grallariidae
scbant3,Thamnophilidae
scbant8,Thamnophilidae
scbbar2,Capitonidae
scbbul1,Pycnonotidae
scbcup3,Pnoepygidae
scbdac1,Thraupidae
scbeat1,Meropidae
scbflo1,Dicaeidae
scbflo2,Dicaeidae
scbfru1,Cotingidae
scbhum1,Trochilidae
scbill1,Pellorneidae
scblor1,Psittacidae
scbmyz1,Meliphagidae
scbpar1,Phasianidae
scbtan1,Passerellidae
scbtan2,Thraupidae
scbthr,Mimidae
scbwoo1,Picidae
scbwoo3,Picidae
scbwoo4,Furnariidae
scbwre1,Troglodytidae
sccbab1,Pellorneidae
sccbar1,Capitonidae
sccflo1,Dicaeidae
sccpar1,Psittacidae
sccsun2,Nectariniidae
scfdov1,Columbidae
scfmal1,Cuculidae
scfpar2,Psittacidae
scfpar3,Psittacidae
scgcuc1,Cuculidae
scgdov1,Columbidae
schant1,Formicariidae
schasi1,Philepittidae
schbar1,Capitonidae
schbit1,Ardeidae
schbla1,Icteridae
schflo1,Dicaeidae
schfra2,Phasianidae
schman1,Pipridae
schpar1,Psittacidae
schpit1,Pittidae
schtur1,Musophagidae
scihum1,Trochilidae
sclant1,Thamnophilidae
scllar1,Alaudidae
sclmon1,Phasianidae
scltyr1,Tyrannidae
sclwar1,Phylloscopidae
sclwhi1,Pachycephalidae
scnmyz1,Meliphagidae
scnpar1,Psittacidae
scnpig1,Columbidae
scocro1,Fringillidae
scoori,Icteridae
scoshe1,Procellariidae
scptyr1,Tyrannidae
scrbla1,Icteridae
scrcac1,Icteridae
scrcha1,Muscicapidae
scrcow1,Icteridae
screup1,Fringillidae
screup3,Fringillidae
scrgre1,Vireonidae
scrhon1,Meliphagidae
scrnig1,Caprimulgidae
scrpih1,Cotingidae
scrtan1,Thraupidae
scrtro1,Trogonidae
scrubt2,Acanthizidae
scsmer1,Anatidae
scspar1,Psittacidae
scsvir1,Vireonidae
sctcan1,Furnariidae
sctdac1,Thraupidae
sctear1,Furnariidae
sctfly,Tyrannidae
scther1,Trochilidae
scthon1,Indicatoridae
scthum1,Trochilidae
sctkit1,Accipitridae
sctlea1,Furnariidae
sctman1,Pipridae
sctnig2,Caprimulgidae
sctsun2,Nectariniidae
scttan1,Thraupidae
scwpih1,Cotingidae
sdcsun3,Nectariniidae
sdmman1,
sdmtyr2,Tyrannidae
seacin1,Furnariidae
seaspa,Passerellidae
sebpig1,Columbidae
sebwar1,Acrocephalidae
secfly1,Tyrannidae
secret2,Sagittariidae
sectan1,Thraupidae
sedwar1,Acrocephalidae
sedwre1,Troglodytidae
sedwre,Troglodytidae
selcac1,Icteridae
semfly1,Muscicapidae
semhaw2,Accipitridae
semhaw,Accipitridae
semplo,Charadriidae
sempuf1,Bucconidae
semrob1,Muscicapidae
semsan,Scolopacidae
semwar1,Parulidae
senbat1,Platysteiridae
sencou1,Cuculidae
senere1,Cisticolidae
senlap1,Charadriidae
senpar,Psittacidae
sepfly1,Monarchidae
septit1,Remizidae
serant4,Thamnophilidae
serfri1,Meliphagidae
serhon1,Meliphagidae
sermyz1,Meliphagidae
serori1,Oriolidae
sersco1,Strigidae
sertap1,Rhinocryptidae
serthr1,Muscicapidae
serthr2,Turdidae
serwhe1,Zosteropidae
sesowl1,Strigidae
sespar1,Phasianidae
setkne1,Burhinidae
sevgro1,Phasianidae
seybul1,Pycnonotidae
seyfod1,Ploceidae
seykes1,Falconidae
seypar1,Psittacidae
seypar2,Psittacidae
seysun2,Nectariniidae
seyswi1,Apodidae
seywhe1,Zosteropidae
sfwqua1,Odontophoridae
sgdpet1,Pelecanoididae
sghspa2,Passeridae
shaaka1,Muscicapidae
shaapa2,Cisticolidae
shadro2,Dicruridae
shalon1,Motacillidae
sharpb1,Cotingidae
shasta2,Sturnidae
shawar1,Cettiidae
shawre1,Troglodytidae
shbbut1,Passerellidae
shbcan1,Furnariidae
shbcan2,Furnariidae
shbcro1,Macrosphenidae
shbcuc1,Cuculidae
shbdow,Scolopacidae
shbgrf1,Thraupidae
shbgrf2,Thraupidae
shbgrf3,Thraupidae
shbhon2,Thraupidae
shbkin1,Alcedinidae
shbkoo1,Alcedinidae
shblea1,Furnariidae
shbmel1,Meliphagidae
shbmin1,Furnariidae
shbmin2,Campephagidae
shbpig,Columbidae
shbpip1,Motacillidae
shbpip3,Motacillidae
shbtre1,Furnariidae
shccoq,Trochilidae
shcfly1,Tyrannidae
shclar1,Alaudidae
shcmon1,Monarchidae
shcwin1,Estrildidae
shefra1,Phasianidae
shefra3,Phasianidae
shegre1,Pycnonotidae
sheowl1,Strigidae
sheowl,Strigidae
shesta1,Sturnidae
shesun2,Nectariniidae
shghum1,Trochilidae
shicow,Icteridae
shidro1,Dicruridae
shifly1,Monarchidae
shihon1,Thraupidae
shikra1,
shisun1,Trochilidae
shisun2,Nectariniidae
shisun4,Nectariniidae
shlcot2,Cotingidae
shlcot3,Cotingidae
shoebi1,Balaenicipitidae
shoplo1,Charadriidae
shrspa1,Passeridae
shshaw,Accipitridae
shtaka2,Muscicapidae
shtalb,Diomedeidae
shtant1,Formicariidae
shtbab1,Pellorneidae
shtbat1,Platysteiridae
shtcou1,Cuculidae
shteag1,Accipitridae
shteme1,Trochilidae
shtfin1,Thraupidae
shtfly1,Tyrannidae
shtfro2,Podargidae
shtfro3,Podargidae
shtgra1,Maluridae
shtgro,Phasianidae
shtgrt1,Tyrannidae
shthaw,Accipitridae
shtibi1,Threskiornithidae
shtlar1,Alaudidae
shtmag1,Corvidae
shtnig1,Caprimulgidae
shtpar1,Paradisaeidae
shtpar2,Psittacidae
shtpar3,Sylviidae
shtpip1,Motacillidae
shtsan,Scolopacidae
shtshe,Procellariidae
shtsta1,Sturnidae
shtstr1,Furnariidae
shtswi1,Apodidae
shttre1,Certhiidae
shttyr1,Tyrannidae
shtwhy1,Viduidae
shtwoo1,Trochilidae
shwthr1,Muscicapidae
shyalb2,Diomedeidae
shyhea1,Acanthizidae
siafir1,Phasianidae
sibacc,Prunellidae
sibbro2,Eurylaimidae
sibbro3,Eurylaimidae
sibbut1,Cracticidae
sibcra1,Gruidae
sibgro2,Phasianidae
sibjay1,Corvidae
sibnee1,Apodidae
sibpip1,Motacillidae
sibrob,Muscicapidae
sibrub,Muscicapidae
sibsir1,Tyrannidae
sibtan2,Thraupidae
sibthr1,Turdidae
sibvan1,Vangidae
sicant1,Thamnophilidae
sicbuw1,Locustellidae
siccha1,Muscicapidae
sicfri1,Meliphagidae
sichor1,Bucerotidae
sicjay1,Corvidae
siclew1,Phylloscopidae
sicpar1,Phasianidae
sicswi1,Apodidae
sicthr1,Turdidae
sictit1,Paridae
sictre1,Certhiidae
sieela2,Tyrannidae
sieela3,Tyrannidae
siehon1,Meliphagidae
sielau1,Leiothrichidae
siemes1,Leiothrichidae
sifcis1,Cisticolidae
siftap1,Rhinocryptidae
silant1,Thamnophilidae
silgre1,Podicipedidae
silgul2,Laridae
silkin1,Alcedinidae
silkta2,Rhipiduridae
silkta3,Rhipiduridae
silori1,Oriolidae
silphe,Phasianidae
silpri2,Cisticolidae
siltan1,Thraupidae
siltea1,Anatidae
silver1,Muscicapidae
silver3,Zosteropidae
simgre1,Pycnonotidae
simgrw1,Locustellidae
simspa1,Passerellidae
sinant1,Thamnophilidae
sinbus6,Alaudidae
sincis1,Cisticolidae
sincro1,Corvidae
sinhon1,Meliphagidae
sinmar1,Hirundinidae
sinpar1,Psittacidae
sinqua1,Odontophoridae
sinros1,Fringillidae
sinspa1,Passeridae
sinsta1,Sturnidae
sinwoo1,Picidae
sinwre1,Troglodytidae
sirbar1,Capitonidae
sirmal1,Cuculidae
sirnee1,Apodidae
sirtan1,Thraupidae
siryst3,Tyrannidae
sisowl1,Strigidae
sitjay1,Corvidae
sitnig1,Caprimulgidae
sitspi1,Furnariidae
sittan1,Thraupidae
siwgua1,Cracidae
siwnig1,Caprimulgidae
siwpig1,Columbidae
sjogre1,Pycnonotidae
sjoowl1,Strigidae
skylar,Alaudidae
slaant1,Thamnophilidae
slabar1,Lybiidae
slabec1,Cotingidae
slabri1,Rhinocryptidae
slabru1,Passerellidae
slabru2,Passerellidae
slabun1,Emberizidae
slacud1,Columbidae
slacus1,Campephagidae
slaegr1,Ardeidae
slaela1,Tyrannidae
slafin1,Thraupidae
slaflo1,Thraupidae
slagna1,Conopophagidae
slamon1,Monarchidae
slaspi1,Furnariidae
slatan2,Thraupidae
slathr2,Turdidae
slathr3,Turdidae
slavir1,Vireonidae
slbbab1,Leiothrichidae
slbblc1,Cacatuidae
slbcht1,Tyrannidae
slbcht2,Tyrannidae
slbcht3,Tyrannidae
slbcro12,Cervidae
slbcro2,Corvidae
slbcro3,Corvidae
slbcro5,Corvidae
slbcro6,Corvidae
slbcro7,Corvidae
slbcur,Scolopacidae
slbfin1,Thraupidae
slbfin3,Thraupidae
slbflu1,Rallidae
slbfly1,Muscicapidae
slbfly2,Muscicapidae
slbfor1,Muscicapidae
slbgra1,Icteridae
slbgre1,Pycnonotidae
slbgul1,Laridae
slbgul,Laridae
slbhem1,Thraupidae
slbkit1,Accipitridae
slbmin1,Furnariidae
slbori1,Oriolidae
slbpar1,Psittacidae
slbpri1,Procellariidae
slbrai1,Rallidae
slbsta1,Sturnidae
slbtes1,Cettiidae
slbtho1,Acanthizidae
slbtho2,Acanthizidae
slbthr1,Turdidae
slbtin1,Tinamidae
slbtyr1,Tyrannidae
slbvul1,Accipitridae
slbwea1,Ploceidae
slbxen1,Furnariidae
slcant2,Grallariidae
slcant3,Thamnophilidae
slcant5,Grallariidae
slcbou1,Malaconotidae
slccoo1,Rallidae
slcfly1,Tyrannidae
slcgro1,Thraupidae
slchaw2,Accipitridae
slclon1,Melanocharitidae
slcsee1,Thraupidae
slcsol1,Turdidae
sleant1,Thamnophilidae
sleshe1,Trochilidae
slftyr1,Tyrannidae
slgrol1,Brachypteraciidae
slhpar1,Psittacidae
sllcra1,Rallidae
slmgos1,
sltcis1,Cisticolidae
sltgna1,Polioptilidae
sltnig1,Caprimulgidae
sltred,Parulidae
slttro1,Trogonidae
sltwoo1,Trochilidae
slweye1,Zosteropidae
smabut2,Turnicidae
smamin1,Campephagidae
smanil1,Muscicapidae
smapra1,Glareolidae
smaspa1,
smbani,Cuculidae
smbela1,Tyrannidae
smbfin1,Passerellidae
smbkin1,Alcedinidae
smbtin1,Tinamidae
smbtyr1,Tyrannidae
smbtyr2,Tyrannidae
smbwoo1,Picidae
smcpew1,Tyrannidae
smew,Anatidae
smftof1,Tyrannidae
smgfin1,Thraupidae
smilon,Calcariidae
smohon1,Meliphagidae
smorob2,Petroicidae
smowar1,Phylloscopidae
smtfin1,Thraupidae
snakit,Accipitridae
snapen1,Spheniscidae
snbfly1,Muscicapidae
snbhum1,Trochilidae
snbnut1,Sittidae
sncman1,Pipridae
snecou1,Cuculidae
snisni1,Scolopacidae
snmmun1,Estrildidae
snmqua2,Phasianidae
snmrob1,Petroicidae
snobun,Calcariidae
snocot1,Cotingidae
snoegr,Ardeidae
snogoo,Anatidae
snoowl1,Strigidae
snopar1,Phasianidae
snopet1,Procellariidae
snopig1,Columbidae
snoplo5,
snoshe2,Chionidae
snowca1,Trochilidae
sntbab1,Timaliidae
sntkin1,Tyrannidae
snttyr1,Tyrannidae
snttyr2,Tyrannidae
soacha1,Muscicapidae
soalea1,Furnariidae
soapas1,Rostratulidae
soashe1,Anatidae
soasni2,Scolopacidae
soasni3,Scolopacidae
soaswa2,Hirundinidae
soatan1,
soater1,Laridae
sobcac1,Icteridae
sobeat1,Meropidae
sobfly1,Muscicapidae
sobkiw1,Apterygidae
sobtyr1,Tyrannidae
sobtyr2,Tyrannidae
socbab1,Pellorneidae
socbun1,Emberizidae
socbuz1,Accipitridae
soccis1,Cisticolidae
soccor1,Phalacrocoracidae
socdov1,Columbidae
socfly1,Tyrannidae
socfly2,Tyrannidae
socher1,Trochilidae
soclap1,Charadriidae
socmoc1,Mimidae
socpuf1,Bucconidae
socspa1,Passeridae
socsta1,Sturnidae
socsun2,Nectariniidae
socwar2,Cisticolidae
socwea1,Passeridae
socwre2,Troglodytidae
soffin1,Passerellidae
sofspi1,Furnariidae
soghor1,Bucorvidae
sogpip1,Motacillidae
sohbul1,Pycnonotidae
sohmyn1,Sturnidae
sohtyr1,Tyrannidae
sohwre1,Troglodytidae
soicus1,Campephagidae
soifro1,Podargidae
soioys1,Haematopodidae
soipio1,Ptilonorhynchidae
soirew1,Acrocephalidae
soisni1,Scolopacidae
soiwhe2,Zosteropidae
soiwhe3,Zosteropidae
soiwre1,Acanthisittidae
sokpip1,Motacillidae
solboo1,Strigidae
solboo2,Strigidae
solboo3,Strigidae
solboo4,Strigidae
solcuc4,Campephagidae
soleag1,Accipitridae
solist1,Turdidae
solnig1,Caprimulgidae
solpet1,Procellariidae
solsan,Scolopacidae
solsee1,Accipitridae
solsni1,Scolopacidae
soltin1,Tinamidae
sombou1,Malaconotidae
sombun1,Emberizidae
somcha1,Muscicapidae
somcou1,Glareolidae
somcro1,Macrosphenidae
somcro2,Corvidae
somfis1,Laniidae
somgre1,Pycnonotidae
somgro1,Fringillidae
somhum1,Trochilidae
somkin1,Alcedinidae
somnig1,Caprimulgidae
sompig1,Columbidae
sompig2,Columbidae
sompit1,Pittidae
somspa1,Passeridae
somsta1,Sturnidae
somthr1,Turdidae
somtit3,Paridae
somtit4,Paridae
somwhe1,Muscicapidae
sonspa,Passerellidae
sonthr1,Turdidae
sonwre1,Troglodytidae
sooalb1,Diomedeidae
sooant1,Thamnophilidae
soobab1,Timaliidae
soobar1,Trochilidae
soobar2,Megalaimidae
soobou1,Malaconotidae
soocha1,Muscicapidae
soofal1,Falconidae
soofly1,
soogra2,Thraupidae
soogro1,Phasianidae
soogul2,Laridae
soomel1,Meliphagidae
soomyz1,Meliphagidae
sooowl1,Tytonidae
soooys1,Haematopodidae
soorob1,Turdidae
sooshe,Procellariidae
soosht1,Pachycephalidae
soosla1,Thamnophilidae
sooswi1,Apodidae
sooter1,Laridae
sootit1,Aegithalidae
sootyr1,Tyrannidae
soowoo1,Picidae
sopbab1,Leiothrichidae
soppet1,Procellariidae
sopsku1,Stercorariidae
soptit1,Remizidae
sora,Rallidae
sorfan1,Rhipiduridae
sosfly1,Tyrannidae
sosowl1,Strigidae
sosrob1,Petroicidae
sotfan1,Rhipiduridae
souant1,Tyrannidae
souben1,Tyrannidae
soublt1,Paridae
souboo3,Strigidae
souboo4,Strigidae
souboo5,Strigidae
souboo6,Strigidae
souboo8,Strigidae
soubou1,Malaconotidae
soucas1,Casuariidae
soucit1,Fringillidae
soucrp1,Columbidae
soucrp2,Columbidae
souemt1,Ramphastidae
souemu1,Maluridae
soufis1,Laniidae
souful1,Procellariidae
sougrc1,Fringillidae
souhyl1,Hyliotidae
soulap1,Charadriidae
soulog1,Orthonychidae
soumar,Hirundinidae
soupoc1,Anatidae
souscr1,Anhimidae
soushr2,Monarchidae
soushr3,Laniidae
sousow1,Picidae
sousun2,Nectariniidae
soutch1,Malaconotidae
souwhi1,Acanthizidae
souwpw1,Caprimulgidae
spacoq1,Trochilidae
spacot1,Cotingidae
spadro1,Dicruridae
spaeag1,Accipitridae
spahon1,Meliphagidae
spakoo1,Alcedinidae
spaown1,Aegothelidae
spaspa1,Passeridae
spbant1,Grallariidae
spbant3,Thamnophilidae
spbant4,Thamnophilidae
spbant5,Thamnophilidae
spbant6,Thamnophilidae
spbduc,Anatidae
spbfan1,Rhipiduridae
spbibi1,Threskiornithidae
spblap1,Charadriidae
spblau1,Leiothrichidae
spbmel1,Meliphagidae
spbori,Icteridae
spbpar1,Sylviidae
spbpel1,Pelecanidae
spbpuf1,Bucconidae
spbsan1,Scolopacidae
spbscb1,Timaliidae
spbtho1,Furnariidae
spbtou1,Ramphastidae
spbtyr1,Tyrannidae
spbwoo1,Picidae
spbwoo2,Picidae
spbwre1,Troglodytidae
spbwre2,Troglodytidae
spcant1,Thamnophilidae
spcbar1,Capitonidae
spceup1,Fringillidae
spchon1,Meliphagidae
spcpic1,Picidae
spctan1,Thraupidae
spcwoo1,Furnariidae
spebar1,Leiothrichidae
spebul1,Pycnonotidae
specha2,Cracidae
specha3,
specha4,Cracidae
speduc2,Anatidae
speeid,Anatidae
spefin1,Fringillidae
speflo1,Dicaeidae
speful1,Sylviidae
spegui1,Alcidae
spehao1,Strigidae
spehum1,Trochilidae
spemon10,Monarchidae
spemon1,Monarchidae
spemou1,Cotingidae
spemou2,Coliidae
speowl1,Strigidae
speowl2,Strigidae
spepar1,Psittacidae
spepar2,Sylviidae
spepet1,Procellariidae
spepic1,Picidae
spepig1,Columbidae
spepri1,Furnariidae
sperai1,Rallidae
spered1,Parulidae
spespi1,Furnariidae
spespi2,Nectariniidae
spetan1,Thraupidae
spetea3,Anatidae
spetet1,Bernieridae
spetin1,Lybiidae
spetyr1,Tyrannidae
spewar2,Sylviidae
spewar3,Acanthizidae
spewea1,Ploceidae
spewea2,Ploceidae
spfant1,Thamnophilidae
spfbar1,Lybiidae
spfgal1,Rallidae
spfpar1,Psittacidae
spfswi1,Apodidae
spfwea1,Ploceidae
spgpig1,Columbidae
spgsta1,Sturnidae
spgthr1,Turdidae
sphlar1,Alaudidae
spibab1,Leiothrichidae
spibir1,Locustellidae
spigua1,Cracidae
spiimp2,Columbidae
spimac1,Psittacidae
spipig1,Columbidae
spipig2,Columbidae
spipig3,Columbidae
spispi1,Furnariidae
spitap2,Rhinocryptidae
spiwaa1,Thamnophilidae
spiwoo1,Furnariidae
spjbab1,Psophodidae
splast1,Paradisaeidae
splfai1,Maluridae
splsun2,Nectariniidae
spmthr1,Muscicapidae
spnbab1,Timaliidae
spnbul1,Pycnonotidae
spnthr1,Turdidae
spoant1,Thamnophilidae
spoant5,Grallariidae
spoant6,Grallariidae
spobam1,Rhinocryptidae
spobar1,Furnariidae
spober1,Melanocharitidae
spober3,Melanocharitidae
spobow1,Ptilonorhynchidae
spobut2,Turnicidae
spobuw1,Locustellidae
spobuw2,Locustellidae
spobuw3,Locustellidae
spocat1,Ptilonorhynchidae
spocat2,Ptilonorhynchidae
spocra1,Rallidae
spocra2,Rallidae
spocre2,Certhiidae
spocre3,Certhiidae
spocro1,Leiothrichidae
spodov,Columbidae
spoeao2,Strigidae
spofan1,Rhipiduridae
spofly1,Muscicapidae
spofor1,Muscicapidae
spogre1,Pycnonotidae
spohar1,Accipitridae
spohon2,Indicatoridae
spohon3,Meliphagidae
spokes1,Falconidae
spokin1,Alcedinidae
spolau1,Leiothrichidae
sponig1,Caprimulgidae
sponit2,Turdidae
sponot1,Tinamidae
sponut1,Corvidae
spoowl1,Strigidae
spoowl,Strigidae
spopar1,Pardalotidae
spopic1,Picidae
spopuf1,Bucconidae
sporai,Rallidae
spored,Scolopacidae
sposan1,Pteroclididae
sposan,Scolopacidae
sposha1,Phalacrocoracidae
sposta1,Sturnidae
spotan1,Thraupidae
spothr1,Arcanatoridae
spotow,Passerellidae
spowoo1,Furnariidae
spowre1,Troglodytidae
spqthr1,Psophodidae
sprgro,Phasianidae
sprpip,Motacillidae
sptant1,Thamnophilidae
sptbab1,Pellorneidae
sptfla1,Picidae
sptfly1,Tyrannidae
sptgos1,
spthum1,Trochilidae
spthum2,Trochilidae
sptkne1,Burhinidae
sptnig1,
sptwoo1,Furnariidae
spvear1,Trochilidae
spwant2,Thamnophilidae
spwant3,Thamnophilidae
spwbab1,Elachuridae
spwduc1,Anatidae
spweye2,Zosteropidae
spwfal2,Falconidae
spwgoo1,Anatidae
spwgro1,Fringillidae
spwlap1,Charadriidae
spwmon1,Monarchidae
spwowl1,Strigidae
spwpar2,Psittacidae
spwpig1,Columbidae
spwpig3,Columbidae
spwqua1,Odontophoridae
spwros2,Fringillidae
spwros3,Fringillidae
spwsta1,Sturnidae
spwthr1,Turdidae
sqtbul1,Pycnonotidae
sqtkit1,Accipitridae
sqtnig1,Caprimulgidae
sqtsaw1,Hirundinidae
squant1,Thamnophilidae
squcuc1,Cuculidae
squcuc2,Cuculidae
squher1,Ardeidae
squpig1,Columbidae
srbhor1,Bucerotidae
srlbao1,Tytonidae
srldro1,Dicruridae
srlscb1,Timaliidae
srlswa1,Hirundinidae
srlwoo1,Tephrodornithidae
srwswa1,Hirundinidae
sshpet1,Procellariidae
sstlar1,Alaudidae
sstlar4,Alaudidae
sstspa,Passerellidae
stabus1,Otididae
stafin1,
stalar2,Alaudidae
stavir1,Vireonidae
stbant1,Thamnophilidae
stbant2,Thamnophilidae
stbbit1,Ardeidae
stbbul1,Pycnonotidae
stbcan9,Furnariidae
stbcin1,Furnariidae
stbcro1,Corvidae
stbcus1,Campephagidae
stbear2,Furnariidae
stbeat1,Meropidae
stbfan1,Rhipiduridae
stbflu1,Rallidae
stbfly1,Monarchidae
stbher1,Trochilidae
stbhon2,Meliphagidae
stbhon3,Meliphagidae
stbkin1,Alcedinidae
stbori,Icteridae
stbree2,Furnariidae
stbrha1,Sturnidae
stbspi1,Furnariidae
stbspi2,Nectariniidae
stbsta1,Trochilidae
stbtit2,Paridae
stbtre1,Furnariidae
stbtyr1,Tyrannidae
stbwhy1,Viduidae
stbwoo1,Furnariidae
stbwoo2,Furnariidae
stbwoo3,Picidae
stbwoo4,Picidae
stbwre1,Troglodytidae
stbwre2,Troglodytidae
stcant1,Thamnophilidae
stcant2,Grallariidae
stcant3,Thamnophilidae
stcant4,Thamnophilidae
stcgre2,Pycnonotidae
stcspa2,Passerellidae
stcspa3,Passerellidae
stcspi1,Furnariidae
stcspi2,Furnariidae
stctre1,Furnariidae
stcwoo1,Picidae
stebul2,Pycnonotidae
stecan1,Furnariidae
stedov1,Columbidae
steeag1,Accipitridae
steeid,Anatidae
stejay,Corvidae
stelio1,Leiothrichidae
stelor1,Psittacidae
stepet,Procellariidae
stfgle1,Furnariidae
stftho1,Furnariidae
stftyr1,Tyrannidae
stgpig1,Columbidae
stgsta1,Sturnidae
sthant1,Thamnophilidae
sthant2,Grallariidae
sthbrf1,Passerellidae
sthbrf2,Passerellidae
sthbrf3,Passerellidae
sthbrf4,Passerellidae
sthbrf5,Passerellidae
sthbrf6,Passerellidae
sthbrf7,Passerellidae
sthbrf8,Passerellidae
sthbul1,Pycnonotidae
sthcra1,Rallidae
sthcuc1,Cuculidae
sthhon1,Meliphagidae
sthhoo1,Upupidae
sthmun2,Estrildidae
sthmun3,Estrildidae
sthplo1,
sthrai1,Rallidae
sthsee2,Fringillidae
sthsee3,Fringillidae
sthspa1,Passerellidae
sthwhe1,Zosteropidae
sthwoo1,Furnariidae
stisan,Scolopacidae
stitap1,Rhinocryptidae
stitch1,Notiomystidae
stiwoo1,Picidae
stiwre1,Acanthisittidae
stlori1,Icteridae
stlpar1,Psittacidae
stlwar,Parulidae
stnfly1,Tyrannidae
stnibi1,Threskiornithidae
stocis1,Cisticolidae
stodov1,Columbidae
stofly1,Tyrannidae
stonec4,Muscicapidae
stonec7,Muscicapidae
stopar1,Odontophoridae
stosto1,Ciconiidae
stpfly1,Monarchidae
stptyr1,Tyrannidae
strant2,Thamnophilidae
strant3,Formicariidae
strbab1,Leiothrichidae
strbar1,Leiothrichidae
strber1,Melanocharitidae
strbow1,Ptilonorhynchidae
strbri1,Rhinocryptidae
strbul1,Pycnonotidae
strbul2,Pycnonotidae
strcar1,Falconidae
strcra1,Rallidae
strcuc1,Cuculidae
stream2,Trochilidae
stream3,Trochilidae
strear1,Furnariidae
strfan2,Rhipiduridae
strfan5,Rhipiduridae
strfie1,Acanthizidae
strflu1,Rallidae
strfly1,Tyrannidae
strgra1,Locustellidae
strgra2,Maluridae
strgra4,Maluridae
strher1,Ardeidae
strher2,Ardeidae
strher3,Ardeidae
strhon1,Meliphagidae
strkin1,Alcedinidae
strlau1,Leiothrichidae
strlau2,Leiothrichidae
strlau3,Leiothrichidae
strlor1,Psittacidae
strman2,Pipridae
strman5,Pipridae
strowl1,Strigidae
strpar1,Pardalotidae
strpip1,Motacillidae
strpri2,Cisticolidae
strpri8,Cisticolidae
strpuf1,Bucconidae
strros1,Fringillidae
strsal1,Thraupidae
strsee1,Fringillidae
strshe,Procellariidae
strsof1,Furnariidae
strspa1,Passerellidae
strspi1,Nectariniidae
strsta1,Sturnidae
strtho1,Acanthizidae
strthr1,Muscicapidae
strtre1,Furnariidae
strtuf1,Furnariidae
strwar1,Acrocephalidae
strwea1,Ploceidae
strwea2,Ploceidae
strwoo2,Furnariidae
strwoo4,Furnariidae
strwoo5,Furnariidae
strwoo6,Picidae
strwoo,Picidae
strxen1,Furnariidae
stryuh1,Zosteropidae
stsbab1,Pellorneidae
stseag,Accipitridae
stsnig1,Caprimulgidae
stsowl1,Strigidae
stsrha2,Sturnidae
stswar1,Scotocercidae
sttant1,Thamnophilidae
sttant3,Thamnophilidae
sttbab1,Timaliidae
sttbar1,Leiothrichidae
sttbul2,Pycnonotidae
sttbul3,Pycnonotidae
sttcan1,Furnariidae
sttful1,Sylviidae
sttful2,Sylviidae
stther1,Trochilidae
stther2,Trochilidae
stthum1,Trochilidae
sttjer1,Cisticolidae
sttspa1,Tyrannidae
sttspi1,Furnariidae
sttspi2,Furnariidae
sttswa2,Hirundinidae
stttyr1,Tyrannidae
stttyr2,Tyrannidae
sttwhy1,Viduidae
sttwoo1,Picidae
sttwre1,Troglodytidae
sttyuh1,Zosteropidae
stuqua1,Phasianidae
stusta1,Sturnidae
stusun1,Nectariniidae
stvhum2,Trochilidae
stvpar1,Psittacidae
stwbab1,Pellorneidae
stwbab2,Pellorneidae
stwbab3,Pellorneidae
stwnig1,Caprimulgidae
stwqua1,Odontophoridae
stybul1,Pycnonotidae
styfin1,Thraupidae
styowl1,Strigidae
subbrw1,Acrocephalidae
subbul1,Pycnonotidae
subbus1,Malaconotidae
subdor1,Tyrannidae
subfly1,Muscicapidae
subfly2,Muscicapidae
subfly3,Muscicapidae
subfly5,Muscicapidae
subfly,Tyrannidae
subhea1,Columbidae
submes1,Mesitornithidae
subnut1,Sittidae
subpar1,Psittacidae
subsni1,Scolopacidae
subtyr1,Tyrannidae
subwar2,Phylloscopidae
subwar3,Phylloscopidae
subwar6,Sylviidae
subwar8,Sylviidae
subwhi1,Pachycephalidae
sucant1,Formicariidae
succoc,Psittacidae
sufdov1,Columbidae
sugcuc1,Cuculidae
sugdov1,Columbidae
sugpig2,Columbidae
sugspa1,Passeridae
suhcuc1,Cuculidae
suhpar1,Psittacidae
suifly1,Tyrannidae
suklau1,Leiothrichidae
sulbab1,Pellorneidae
sulboo1,Strigidae
sulcud1,Columbidae
sulcud2,Columbidae
sulcus1,Campephagidae
sulcus2,Campephagidae
suldro1,Dicruridae
suldwk1,Alcedinidae
sulfly1,Tyrannidae
sulgob2,Pycnonotidae
sulgob3,Pycnonotidae
sulgos1,Thraupidae
sulhae1,Accipitridae
sulhap1,Psittacidae
sulhor1,Bucerotidae
sulhor2,Bucerotidae
suljuf1,Muscicapidae
sulkin1,Alcedinidae
sulmyn1,Sturnidae
sulmyz1,Meliphagidae
sulmyz3,Meliphagidae
sulnig1,Caprimulgidae
sulowl1,Tytonidae
sulpit1,Pittidae
sulpit4,Pittidae
sulsco2,Strigidae
sulsco3,Strigidae
sulsco5,Strigidae
sulscr1,Megapodiidae
sulthr1,Turdidae
sultit1,Paridae
sulwar1,Phylloscopidae
sulwar3,Phylloscopidae
sulwhe1,Zosteropidae
sulwoo1,Scolopacidae
sulwoo2,Picidae
sumbab1,Pellorneidae
sumboo1,Strigidae
sumbut1,Turnicidae
sumcoc1,Turdidae
sumcus1,Campephagidae
sumdro1,Dicruridae
sumfly1,Muscicapidae
sumhor1,Bucerotidae
sumlau1,Leiothrichidae
sumlea1,Chloropseidae
summyz1,Meliphagidae
sumtan,Cardinalidae
sumtre1,Corvidae
sumtro1,Trogonidae
sumwrb1,Pellorneidae
sumwre1,Troglodytidae
sunasi1,Philepittidae
sunbit1,Eurypygidae
sunbul1,Pycnonotidae
sunbul3,Pycnonotidae
suncou1,Cuculidae
suncuc2,Cuculidae
suncus1,Campephagidae
sunfor1,Muscicapidae
sunfro1,Podargidae
sungre1,Heliornithidae
sunhon1,Meliphagidae
sunist1,Turdidae
sunlap1,Charadriidae
sunlar1,Alaudidae
sunlau1,Leiothrichidae
sunmin1,Campephagidae
sunpar1,Psittacidae
sunrob2,Muscicapidae
sunrob3,Muscicapidae
suntea1,Anatidae
sunthr1,Turdidae
sunwar1,Phylloscopidae
supfai1,Maluridae
suphem1,Thraupidae
suplyr1,Menuridae
supowl1,Strigidae
suppar1,Psittacidae
suppit1,Pittidae
supsta1,Sturnidae
supsun2,Nectariniidae
supwre1,Troglodytidae
surcin1,Furnariidae
surfbi,Scolopacidae
surfly1,Tyrannidae
sursco,Anatidae
surtan1,Thraupidae
surtro1,Trogonidae
suseag1,Accipitridae
susowl1,Strigidae
susowl2,Strigidae
sutfin1,Thraupidae
sutspi1,Furnariidae
suwpar1,Psittacidae
swafly1,Tyrannidae
swafly3,Muscicapidae
swafra1,Phasianidae
swafra2,Phasianidae
swagoo1,Anatidae
swagre1,Pycnonotidae
swahar1,Accipitridae
swahaw,Accipitridae
swanig1,Caprimulgidae
swapri1,Pellorneidae
swaspa1,Passeridae
swaspa2,Passeridae
swaspa,Passerellidae
swatan1,Thraupidae
swathr,Turdidae
swawar,Parulidae
swbhum1,Trochilidae
swewax1,Estrildidae
swewax3,Estrildidae
swfgle,
swfowl1,Strigidae
swifra2,Phasianidae
swipar1,Psittacidae
swiphe1,Phasianidae
swirai1,Rallidae
swisni1,Scolopacidae
swiwhe1,Zosteropidae
swspet,Hydrobatidae
swtcot1,Cotingidae
swtgul1,Laridae
swthum1,Trochilidae
swtkit,Accipitridae
swtman1,Pipridae
swtnig1,Caprimulgidae
swwpuf1,Bucconidae
swwqua1,Odontophoridae
swyrob1,Muscicapidae
sybhor1,Bucerotidae
syknig1,Caprimulgidae
sykwar2,Acrocephalidae
syrser1,Fringillidae
syrwoo1,Picidae
szepar1,Phasianidae
tabbab1,Timaliidae
tabcis1,Cisticolidae
tabdro1,Dicruridae
tabfan1,Rhipiduridae
tabfly1,Tyrannidae
tabher1,Trochilidae
tabhon1,Meliphagidae
tabowl1,Strigidae
tabpar1,Estrildidae
tabsco1,Strigidae
tabscr1,Megapodiidae
tabsee1,Thraupidae
tabtan1,Passerellidae
tabtin1,Tinamidae
tabwar1,Cettiidae
tacant1,Grallariidae
taccat1,Ptilonorhynchidae
taceup1,Fringillidae
tacfly1,Tyrannidae
tacgre2,Vireonidae
tacgre3,Vireonidae
tacgre4,Vireonidae
tacgre5,Vireonidae
tacgrt1,Tyrannidae
tachon1,Meliphagidae
tacnig1,Caprimulgidae
tacpyt1,Tyrannidae
tacpyt2,Tyrannidae
tacsun1,Nectariniidae
tactan1,Thraupidae
tactap1,Rhinocryptidae
tactin1,Tinamidae
tafdov1,Columbidae
tafgna1,Polioptilidae
tafowl1,Strigidae
tafpri1,Cisticolidae
tafqua1,Odontophoridae
tagbut1,Cracticidae
taghon1,Meliphagidae
tagwea1,Ploceidae
tahkin1,Alcedinidae
tahmof1,Fringillidae
tahmon2,Monarchidae
tahpet1,Procellariidae
tahrai1,Rallidae
tahrew1,Acrocephalidae
tahswa2,Hirundinidae
taibap1,Phasianidae
taibar1,Leiothrichidae
taibar2,Megalaimidae
taibeg1,Anatidae
taibuw1,Locustellidae
taifal1,Falconidae
taifis1,Laniidae
taifly1,Muscicapidae
taiful1,Sylviidae
taihwa1,Leiothrichidae
taipar1,Phasianidae
taiscb1,Timaliidae
taithr1,Turdidae
taiwrb1,Pnoepygidae
taiyuh1,Zosteropidae
takahe2,Rallidae
takahe3,Rallidae
talbuh1,Rallidae
talgrw1,Locustellidae
talkin1,Alcedinidae
talmyz1,Meliphagidae
talowl1,Tytonidae
talrai1,Rallidae
tamcon1,Thraupidae
tamcro,Corvidae
tamdov1,Columbidae
tancoc1,Psittacidae
tancud1,Columbidae
tanfin1,Passerellidae
tangrd1,Columbidae
tanhen1,Rallidae
tanmaw1,Ploceidae
tanscr1,Megapodiidae
tansee1,Fringillidae
tansta1,Sturnidae
tapowl1,Strigidae
tapscy2,Furnariidae
tarbab1,Sylviidae
tarcis1,Cisticolidae
tarhor1,Bucerotidae
tartyr1,Tyrannidae
tasbla,Icteridae
tasscr1,Acanthizidae
tastho1,Acanthizidae
tatdot1,Charadriidae
tatlea1,Furnariidae
tatspi1,Furnariidae
tattin1,Tinamidae
tattou1,Ramphastidae
tawant2,Grallariidae
tawant3,Grallariidae
tawant4,Grallariidae
taweag1,Accipitridae
tawfro1,Podargidae
tawgra2,Locustellidae
tawgra3,Locustellidae
tawlar1,Alaudidae
tawowl1,Strigidae
tawpip1,Motacillidae
tawqua1,Odontophoridae
tawstr1,Meliphagidae
tawwoo1,Furnariidae
tbgdov1,Columbidae
tbgpig2,Columbidae
tbosun1,Nectariniidae
tbsfin1,Thraupidae
tbwbab1,Timaliidae
tebfin1,Passerellidae
tembab1,Pellorneidae
temcou1,Glareolidae
temlar1,Alaudidae
temsee1,Thraupidae
temsti,Scolopacidae
temsun1,Nectariniidae
temtra1,Phasianidae
temwhi2,
temwhi3,Pachycephalidae
temwhi4,Pachycephalidae
tenswi1,Apodidae
tenwar,Parulidae
tepant1,Grallariidae
tepgol1,Trochilidae
tepgre1,Vireonidae
teppar1,Psittacidae
tepred1,Parulidae
tepspi1,Furnariidae
tepswi1,Apodidae
teptin1,Tinamidae
tepwre1,Troglodytidae
terbro1,Pycnonotidae
tersan,Scolopacidae
tesfly1,Muscicapidae
thamno2,Bernieridae
thbcou1,Glareolidae
thbcuc1,Cuculidae
thbeup1,Fringillidae
thbflo1,
thbgra1,Maluridae
thbgra4,Maluridae
thbkin,Tyrannidae
thblar1,Alaudidae
thbmin1,Furnariidae
thbmur,Alcidae
thbpar,Psittacidae
thbpig1,Columbidae
thbplo1,Charadriidae
thbrav1,Corvidae
thbros1,Fringillidae
thbsal1,Thraupidae
thbsee1,Fringillidae
thbsis1,Fringillidae
thbspi1,Nectariniidae
thbvir,Vireonidae
thbwar1,Acrocephalidae
thbwar2,Parulidae
thelar1,Alaudidae
thiant1,Grallariidae
thitin1,Tinamidae
thlant2,Grallariidae
thlant3,Grallariidae
thlsch2,Cotingidae
thlsch3,Cotingidae
thlsch4,Cotingidae
thlsch7,Cotingidae
thlsch8,Cotingidae
thlwre1,Troglodytidae
thrbab1,Pellorneidae
thrnig1,Muscicapidae
thsfly2,Tyrannidae
thshem1,Thraupidae
thstch1,Malaconotidae
thswar1,Parulidae
thswar2,Parulidae
thswar5,Parulidae
thswar9,Parulidae
thtjac1,Galbulidae
thtpar1,Sylviidae
thtray1,Furnariidae
thwbel,Cotingidae
tibbab1,Leiothrichidae
tibbla1,Turdidae
tibbun1,Emberizidae
tibfly2,Muscicapidae
tibfly3,Muscicapidae
tibfly4,Muscicapidae
tiblar1,Alaudidae
tibpar1,Phasianidae
tibros1,Fringillidae
tibsan1,Pteroclididae
tibser1,Fringillidae
tibsno1,Phasianidae
tibsno2,Passeridae
ticdor1,Tyrannidae
ticthr1,Turdidae
tigshr1,Laniidae
tiipig1,Columbidae
tildac2,Thraupidae
tildac3,Thraupidae
tilwar2,Phylloscopidae
timbus1,Muscicapidae
timcud1,Columbidae
timfri1,Meliphagidae
timgrp1,Columbidae
timnig1,Caprimulgidae
timori1,Oriolidae
timori3,Oriolidae
timspa4,Estrildidae
timstu1,Cettiidae
timwhe1,Zosteropidae
timwre1,Troglodytidae
tincis1,Cisticolidae
tincis3,Cisticolidae
tingre1,Pycnonotidae
tinhaw1,Accipitridae
tinmon1,Monarchidae
tinsun2,Nectariniidae
titber1,Paramythiidae
titgre1,Podicipedidae
tithyl1,Cettiidae
titman1,Pipridae
tobcat2,Ptilonorhynchidae
tobhum1,Trochilidae
tobpig1,Columbidae
tobwre1,Troglodytidae
tocspa1,Passerellidae
toctou1,Ramphastidae
todant1,Thamnophilidae
todmot1,Momotidae
todsir1,Tyrannidae
toggob1,Pycnonotidae
toghao1,Strigidae
togwhe1,Zosteropidae
tolblo1,Trochilidae
toldov1,Columbidae
tomtit1,Petroicidae
tonwhi1,Pachycephalidae
toogre1,Pycnonotidae
toppig1,Columbidae
topwhy1,Viduidae
torcro2,Corvidae
torcro3,Corvidae
torduc1,Anatidae
torfly1,Petroicidae
torimp1,Columbidae
torimp2,Columbidae
torlar1,Monarchidae
tortyr1,Tyrannidae
toubar1,Semnornithidae
tousun1,Trochilidae
towshe1,Procellariidae
towshe2,Procellariidae
towshe3,Procellariidae
towsol,Turdidae
towwar,Parulidae
tracha1,Muscicapidae
trbhor1,Bucerotidae
tremar2,Hirundinidae
trepip,Motacillidae
treswa,Hirundinidae
tribla,Icteridae
tribrf1,Passerellidae
tribrf2,Passerellidae
tribun1,Emberizidae
tricis1,Cisticolidae
trieup1,Fringillidae
triher,Ardeidae
trimoo2,Rallidae
trimoo3,Rallidae
trimot1,Momotidae
trimun,Estrildidae
tripar1,Estrildidae
tripet1,Procellariidae
trista1,Sturnidae
tritap1,Rhinocryptidae
trithr1,Turdidae
triwar1,Sylviidae
trobou1,Malaconotidae
trobou2,Malaconotidae
trogna1,Polioptilidae
trogna2,Polioptilidae
trogna3,Polioptilidae
trokin,Tyrannidae
tromoc,Mimidae
tropar,Parulidae
tropew2,Tyrannidae
tropew3,Tyrannidae
tropew4,Tyrannidae
tropig1,Columbidae
trosee1,Thraupidae
troshe4,Procellariidae
troshe5,Procellariidae
trpgua1,Cracidae
trsowl,Strigidae
trspet,Hydrobatidae
trufin2,Fringillidae
truhor1,Bucerotidae
truman1,Paradisaeidae
trumon1,Monarchidae
truswa,Anatidae
truter,Laridae
trweye1,Zosteropidae
tsasun1,Nectariniidae
tsctap1,Rhinocryptidae
tsiwor1,Sarothruridae
tstlar1,Alaudidae
tuakin2,Alcedinidae
tuasan1,Scolopacidae
tubmot1,Momotidae
tucpar1,Psittacidae
tufant1,Thamnophilidae
tufcoq1,Trochilidae
tufduc,Anatidae
tuffly,Tyrannidae
tufjay1,Corvidae
tufpuf,Alcidae
tuftit,Paridae
tugjay1,Corvidae
tui1,Meliphagidae
tuipar1,Psittacidae
tulwoo2,Picidae
tulwoo3,Picidae
tumfin1,Thraupidae
tumhum1,Trochilidae
tumspa1,Passerellidae
tumswa1,Hirundinidae
tumtyr2,Tyrannidae
tunbeg1,Anatidae
tunswa,Anatidae
tuqdov1,Columbidae
turbou1,Malaconotidae
turcot1,Cotingidae
turdac1,Thraupidae
turere1,Cisticolidae
turjay1,Corvidae
turpar1,Psittacidae
turtan1,Thraupidae
turtan3,Thraupidae
turvul,Cathartidae
turwar1,Acrocephalidae
tutbar1,Megalaimidae
tutpuf1,Trochilidae
tutspi1,Furnariidae
tuttyr1,Tyrannidae
twbplo1,
twbwar1,Parulidae
twite1,Fringillidae
twwbop1,Paradisaeidae
tylvan1,Vangidae
tylwar1,Phylloscopidae
tyrmet1,Trochilidae
tyrwoo1,Furnariidae
uapmon1,Monarchidae
udzpar1,Phasianidae
ugawow1,Phylloscopidae
ulahaw,Fringillidae
ultfly1,Muscicapidae
ultgro1,Cardinalidae
ultkin1,Alcedinidae
ultlor1,Psittacidae
ulubus1,Malaconotidae
unafly1,Tyrannidae
undant1,Grallariidae
undant2,Thamnophilidae
undtin1,Tinamidae
uniant1,Thamnophilidae
uniant2,Thamnophilidae
unibla2,Icteridae
unicra1,Rallidae
unifin1,Thraupidae
unijay1,Corvidae
uniswi1,Apodidae
unitap1,Rhinocryptidae
unithr1,Turdidae
unitre1,Furnariidae
uniwoo1,Furnariidae
unstit1,Tyrannidae
upcwar1,Acrocephalidae
uplant1,Thamnophilidae
uplbuz1,Accipitridae
uplgoo1,Anatidae
uplpip1,Motacillidae
uplsan,Scolopacidae
upmtap1,Rhinocryptidae
uraowl1,Strigidae
urityr1,Tyrannidae
urssun2,Nectariniidae
usaaka1,Muscicapidae
usabul1,Pycnonotidae
usahyl1,Hyliotidae
usathr1,Turdidae
usawea1,Ploceidae
ussfly1,
uswowl1,Strigidae
uvbsun1,Nectariniidae
vabtyr1,Tyrannidae
vadvan1,Vangidae
vahsun1,Nectariniidae
vanfly1,Monarchidae
vanist1,Turdidae
vanmon1,Monarchidae
vanscr1,Megapodiidae
vanwhe1,Zosteropidae
varant1,Thamnophilidae
varant2,Grallariidae
varbun,Cardinalidae
varcha1,Cracidae
varcha3,Cracidae
vardwk11,Alcedinidae
vardwk15,Alcedinidae
vardwk1,Alcedinidae
vardwk2,Alcedinidae
vardwk5,Alcedinidae
vardwk6,Alcedinidae
vardwk7,Alcedinidae
vardwk8,Alcedinidae
vardwk9,Alcedinidae
varfai1,Maluridae
varfai5,Maluridae
varfly,Tyrannidae
vargos1,
varhon1,Meliphagidae
varind1,Viduidae
varkin1,Alcedinidae
varlau1,Leiothrichidae
varlor1,Psittacidae
varoys1,Haematopodidae
varpic1,Picidae
varpit2,Oriolidae
varpit3,Oriolidae
varpit4,Oriolidae
varsch1,Cotingidae
varsee3,Thraupidae
varsit1,Neosittidae
varsit8,Neosittidae
varsol1,Turdidae
varsun2,Nectariniidae
varthr,Turdidae
vartin1,Tinamidae
vartit1,Paridae
vartit2,Paridae
vartit3,Paridae
vartit4,Paridae
vartri1,Campephagidae
vartri3,Campephagidae
varwhe1,Muscicapidae
vaspar1,Psittacidae
vauswi,Apodidae
vddhor1,Bucerotidae
vebbri1,Trochilidae
vebtyr1,Tyrannidae
vebtyr2,Tyrannidae
veeowl1,Strigidae
veery,Turdidae
vefeup1,Fringillidae
vefgra1,Icteridae
vefnut1,Sittidae
vefowl1,Strigidae
vegfin2,Thraupidae
veggul1,Laridae
vehpar1,Psittacidae
velasi1,Philepittidae
veldov1,Columbidae
velfly1,Monarchidae
velmon1,Monarchidae
vemdro6,Dicruridae
venflo1,Thraupidae
venfly1,Tyrannidae
vensyl1,Trochilidae
ventro1,Icteridae
venwoq1,Odontophoridae
vepcor1,Trochilidae
verbar1,Capitonidae
verbat1,Platysteiridae
vercar1,Cardinalidae
vercou1,Cuculidae
verdin,Remizidae
vereag1,Accipitridae
vereme1,Trochilidae
verfly4,Muscicapidae
verfly,Tyrannidae
verhum1,Trochilidae
verman1,Trochilidae
verpar1,Phasianidae
versco2,Strigidae
vertan1,Thraupidae
vesowl,Strigidae
vesspa,Passerellidae
vibhum1,Trochilidae
vibhyl1,Hyliotidae
vibspa1,
vibsta1,Sturnidae
vibsta2,Sturnidae
vibsta4,Sturnidae
vibsun2,Nectariniidae
vichum1,Trochilidae
vichum2,Trochilidae
vichum,Trochilidae
vicpig1,Columbidae
vicrif1,Paradisaeidae
vicwoo2,Trochilidae
viebar1,Lybiidae
viecut1,Leiothrichidae
viegre2,Fringillidae
viewax1,Estrildidae
viewea2,Ploceidae
viewea3,Ploceidae
vifbri1,Trochilidae
vigswa,Hirundinidae
vihhum1,Trochilidae
vilbrf1,Passerellidae
vilind,Viduidae
viltap1,Rhinocryptidae
vilthi2,Furnariidae
vilthi3,Furnariidae
vilwea1,Ploceidae
vimwea1,Ploceidae
vindov1,Columbidae
vinlor1,Psittacidae
vinpar1,Psittacidae
vinros2,Fringillidae
vinros3,Fringillidae
viocou1,Cuculidae
viocuc1,Cuculidae
vioeup1,Fringillidae
viojay1,Corvidae
viosab1,Trochilidae
viotro2,Trogonidae
viotro3,Trogonidae
viotur1,Musophagidae
viowoo1,Phoeniculidae
viqdov1,Columbidae
virdac1,Thraupidae
virmet1,Trochilidae
virrai1,Rallidae
virrai2,Rallidae
virwar,Parulidae
visblf1,Rhipiduridae
visbro1,Eurylaimidae
visbul1,Pycnonotidae
visfan1,Rhipiduridae
vispyb1,Zosteropidae
visrha1,Sturnidae
vissha1,Muscicapidae
viswar1,Macrosphenidae
vitmet1,Trochilidae
vitpar1,Sylviidae
vitsta1,Trochilidae
vitsun1,Nectariniidae
vitsyl1,Trochilidae
vitwar1,Parulidae
vivnil2,Muscicapidae
vivnil3,Muscicapidae
vogbow2,Ptilonorhynchidae
vogmel1,Meliphagidae
vogscr1,Acanthizidae
vogwhi1,Pachycephalidae
volhum1,Trochilidae
voljun1,Passerellidae
volswi1,Apodidae
vulgui1,Numididae
vulpar1,Psittacidae
wafdov1,Columbidae
waheag3,Accipitridae
wahhon1,Indicatoridae
wahpar1,Paradisaeidae
wahpar2,Psittacidae
waicis2,Cisticolidae
waicis3,Cisticolidae
wairai1,Rallidae
wakmyz1,Meliphagidae
walcus1,Campephagidae
waldra1,Threskiornithidae
waldro1,Dicruridae
walfai1,Maluridae
walhae1,Accipitridae
walist1,Turdidae
wallcr1,Tichodromidae
walsta1,Sturnidae
walsta2,Paradisaeidae
walwhi1,Pachycephalidae
wanalb1,Diomedeidae
wanalb3,Diomedeidae
wanalb5,Diomedeidae
wantat1,Scolopacidae
waonig1,Aegothelidae
wardor1,Tyrannidae
warfin1,Thraupidae
warfly1,Vangidae
warlin1,Fringillidae
wartro1,Trogonidae
warvir,Vireonidae
warwhe1,Zosteropidae
washon1,Meliphagidae
wasowl1,Strigidae
watant1,Grallariidae
watbro1,Eurylaimidae
watbrt1,Megapodiidae
watcra2,Gruidae
watcur1,Cracidae
waterc1,Rallidae
watgua1,Cracidae
watibi1,Threskiornithidae
watjac1,Jacanidae
watkne1,Burhinidae
watlap1,Charadriidae
watpip1,Motacillidae
watplo1,Neosittidae
watrai1,Rallidae
watsta1,Sturnidae
watswi1,Apodidae
wavalb,Diomedeidae
wavwoo5,Picidae
wawduc1,Anatidae
wawwhe1,Zosteropidae
wbbfly1,Muscicapidae
wbbwea1,Ploceidae
wbcfly1,Stenostiridae
wbctyr1,Tyrannidae
wbffly1,Muscicapidae
wbgbir1,Musophagidae
wbgdov1,Columbidae
wbgtyr1,Tyrannidae
wbhori1,Oriolidae
wbipig1,Columbidae
wbmgem1,Trochilidae
wbnher1,Ardeidae
wbopar1,Paradisaeidae
wbptyr1,Tyrannidae
wbrcha1,Muscicapidae
wbrcha2,Muscicapidae
wbsbab1,Timaliidae
wbsbab2,Vireonidae
wbseag1,Accipitridae
wbspet1,Hydrobatidae
wbswea1,Passeridae
wbtfan1,Rhipiduridae
wbtspi1,Furnariidae
wbtwar1,Aegithalidae
wbwbab1,Timaliidae
wbweye1,Zosteropidae
wbwwre1,Troglodytidae
wcfdov1,Columbidae
wcfgle1,Furnariidae
wcptit1,Remizidae
wcrcha1,Muscicapidae
wcttyr1,Tyrannidae
wcweye1,Zosteropidae
weabat1,Platysteiridae
weawae1,Platysteiridae
webcuc1,Cuculidae
webhum1,Trochilidae
webhum3,Trochilidae
webwar1,Phylloscopidae
webwoo1,Furnariidae
weclew1,Phylloscopidae
wecpig1,Columbidae
wecsun1,Nectariniidae
wectan1,Calyptophilidae
weebil1,Acanthizidae
wefgle1,Furnariidae
wegdov1,Columbidae
wehpit1,Pittidae
weiwoo1,Picidae
weka1,Rallidae
welswa1,Hirundinidae
wemcha1,Cracidae
wemhar1,Accipitridae
wenher1,Ardeidae
weowar1,Acrocephalidae
weowar2,Sylviidae
wepdov1,Columbidae
werher,Ardeidae
wermar2,Hirundinidae
wesant1,Thamnophilidae
wesbeg1,Pycnonotidae
wesblu1,Estrildidae
wesblu,Turdidae
wesbow1,Ptilonorhynchidae
wesbri1,Dasyornithidae
wescap1,Phasianidae
wescit1,Fringillidae
wescor1,Psittacidae
weseme1,Trochilidae
wesfie1,Thamnophilidae
wesfly,Tyrannidae
wesger1,Acanthizidae
wesgre,Podicipedidae
wesgul,Laridae
weskin,Tyrannidae
wesmea,Icteridae
wesmog1,Pycnonotidae
wesowl1,Strigidae
wespar1,Paradisaeidae
wespet1,Procellariidae
wesple1,Musophagidae
wespuf1,Bucconidae
wesros1,Psittacidae
wessan,Scolopacidae
wesspi1,Meliphagidae
wesspi,Spindalidae
westan,Cardinalidae
westho1,Acanthizidae
westin1,Lybiidae
westra1,Phasianidae
weswah1,Meliphagidae
weswhi1,Psophodidae
weteag1,Accipitridae
wetfig1,Oriolidae
wethil1,Trochilidae
wetjer2,Bernieridae
wetpig1,Columbidae
wetsab1,Trochilidae
wetshe,Procellariidae
wettyr1,Tyrannidae
wewpew,Tyrannidae
weywea1,Ploceidae
wfbcha1,Muscicapidae
wfbeat1,Meropidae
wfcdov1,Columbidae
wfgtyr1,Tyrannidae
wfqdov1,Columbidae
wfqdov,Columbidae
wfsowl2,Strigidae
wfspet,Hydrobatidae
wfwduc1,Anatidae
wfweye1,Platysteiridae
whbant1,Thamnophilidae
whbant2,Thamnophilidae
whbant3,Grallariidae
whbant4,Thamnophilidae
whbant5,Thamnophilidae
whbant6,Thamnophilidae
whbant7,Grallariidae
whbbab1,Timaliidae
whbbab2,Timaliidae
whbbab3,Pomatostomidae
whbbla2,Icteridae
whbblt1,Paridae
whbbul2,Pycnonotidae
whbbur3,Muscicapidae
whbbur4,Muscicapidae
whbbus2,Otididae
whbbus4,Muscicapidae
whbcan1,Fringillidae
whbcha1,Cracidae
whbcha2,Muscicapidae
whbcin1,Furnariidae
whbcon1,Thraupidae
whbcou2,Cuculidae
whbcou3,Cuculidae
whbcra1,Rallidae
whbcro2,Macrosphenidae
whbcus1,Campephagidae
whbcus2,Campephagidae
whbdac1,Thraupidae
whbdro1,Dicruridae
whbduc1,Anatidae
whbeme1,Trochilidae
whbfan1,Rhipiduridae
whbfan2,Rhipiduridae
whbfie9,Thamnophilidae
whbfin1,Passerellidae
whbflo1,Dicaeidae
whbfly1,Tyrannidae
whbfog1,Furnariidae
whbfrd1,Columbidae
whbful1,Sylviidae
whbgre1,Pycnonotidae
whbgua1,Cracidae
whbgui1,Numididae
whbhaw2,Accipitridae
whbhel1,Trochilidae
whbher1,Trochilidae
whbher2,Ardeidae
whbher3,Trochilidae
whbhum1,Trochilidae
whbkin1,Alcedinidae
whblau1,Leiothrichidae
whbman1,Pipridae
whbman2,Pipridae
whbmes2,Mesitornithidae
whbmin2,Campephagidae
whbmin3,Campephagidae
whbmoc1,Mimidae
whbmon1,Monarchidae
whbmou1,Coliidae
whbmun1,Estrildidae
whbneg2,Estrildidae
whbnot1,Tinamidae
whbnut1,Sittidae
whbnut,Sittidae
whbowl1,Strigidae
whbpar1,Psittacidae
whbpic1,Picidae
whbpic2,Picidae
whbpic3,Picidae
whbpig1,Columbidae
whbpit1,Pachycephalidae
whbpur1,Cotingidae
whbred1,Muscicapidae
whbrob1,Petroicidae
whbrob2,Petroicidae
whbros1,Fringillidae
whbscr1,Acanthizidae
whbscr3,Acanthizidae
whbsee1,Thraupidae
whbsee2,Thinocoridae
whbsha1,Muscicapidae
whbshb1,Vireonidae
whbsho10,Muscicapidae
whbsho11,Muscicapidae
whbsho1,Muscicapidae
whbsho3,Muscicapidae
whbsho4,Muscicapidae
whbsho5,Muscicapidae
whbsho6,Muscicapidae
whbsho7,Muscicapidae
whbsho8,Muscicapidae
whbsho9,Muscicapidae
whbspi1,Furnariidae
whbspi2,Furnariidae
whbsta1,Sturnidae
whbsun2,Nectariniidae
whbswa2,Hirundinidae
whbswa3,Hirundinidae
whbtai1,Cisticolidae
whbtan1,Thraupidae
whbtap1,Rhinocryptidae
whbtap2,Rhinocryptidae
whbthr2,Turdidae
whbthr3,Mimidae
whbthr4,Mimidae
whbtit4,Paridae
whbtit5,Paridae
whbtot1,Tyrannidae
whbtre1,Corvidae
whbtre2,Climacteridae
whbtri1,Campephagidae
whbtyr1,Tyrannidae
whbvul1,Accipitridae
whbwag1,Motacillidae
whbwar2,Parulidae
whbwat1,Rallidae
whbwea1,Ploceidae
whbwhe1,Zosteropidae
whbwhe3,Zosteropidae
whbwhi1,Pachycephalidae
whbwhi2,Pachycephalidae
whbwoo1,Picidae
whbwoo2,Picidae
whbwoo4,Artamidae
whbwoo5,Artamidae
whbwoo6,Trochilidae
whbwoo7,Picidae
whbwoo8,Artamidae
whbwre1,Troglodytidae
whbyuh1,Vireonidae
whcalb1,Diomedeidae
whcale1,Muscicapidae
whcant1,Thamnophilidae
whcbab1,Pellorneidae
whcbar1,Megalaimidae
whcbit1,Ardeidae
whcbla1,Turdidae
whcbul1,Fringillidae
whcbul2,Pycnonotidae
whccoq1,Trochilidae
whccot1,Cotingidae
whcdip1,Cinclidae
whcela1,Tyrannidae
whceme1,Trochilidae
whcfor1,Muscicapidae
whcfor3,Muscicapidae
whcgua1,Cracidae
whchon2,Meliphagidae
whchor1,Bucerotidae
whchor2,Bucerotidae
whchor4,Bucerotidae
whcjac1,Galbulidae
whcjay2,Corvidae
whckit1,Accipitridae
whckoe1,Cuculidae
whclau1,Leiothrichidae
whclau2,Leiothrichidae
whcman1,Pipridae
whcman2,Pipridae
whcmon1,Monarchidae
whcmon2,Monarchidae
whcmun1,Estrildidae
whcmyz1,Meliphagidae
whcnut1,Sittidae
whcoli1,Estrildidae
whcpar1,Phasianidae
whcpar,Psittacidae
whcpet1,Procellariidae
whcpig1,Columbidae
whcpig2,Columbidae
whcpin,Anatidae
whcpri2,Cisticolidae
whcpuf1,Bucconidae
whcred1,Muscicapidae
whcsap1,Trochilidae
whcsee1,Thraupidae
whcsee2,Thraupidae
whcshr1,Laniidae
whcspa1,Tyrannidae
whcspa,Passerellidae
whcsta1,Sturnidae
whcsta2,Sturnidae
whcsta3,Sturnidae
whcswi1,Apodidae
whcswi2,Apodidae
whcswi,Apodidae
whctan1,Thraupidae
whctap1,Rhinocryptidae
whcter1,Laridae
whcthi1,Furnariidae
whcthr1,Turdidae
whctit1,Aegithalidae
whctur1,Musophagidae
whctur2,Musophagidae
whcwoo1,Furnariidae
whcyuh1,Zosteropidae
wheant1,Thamnophilidae
whebar1,Lybiidae
whebul1,Pycnonotidae
whebuz1,Accipitridae
whecat1,Ptilonorhynchidae
whecon1,Thraupidae
whedov1,Columbidae
wheduc1,Anatidae
whegrs1,Passerellidae
whegrs2,Passerellidae
whegul2,Laridae
whehon1,Meliphagidae
whehum,Trochilidae
wheimp1,Columbidae
wheimp2,Columbidae
whejac1,Galbulidae
whemon1,Monarchidae
wheori1,Icteridae
whepar2,Psittacidae
whepuf1,Bucconidae
wherob1,Petroicidae
whesib1,Leiothrichidae
wheslf1,Muscicapidae
whesol1,Turdidae
whesta2,Sturnidae
whetai1,Cisticolidae
whethr1,Turdidae
whevir,Vireonidae
whfant2,Thamnophilidae
whfant3,Thamnophilidae
whfant4,Thamnophilidae
whfcha1,Meliphagidae
whfdov2,Columbidae
whffal1,Falconidae
whfher1,Ardeidae
whfhon1,Meliphagidae
whfibi,Threskiornithidae
whfman1,Pipridae
whfnun1,Bucconidae
whfnun2,Bucconidae
whfpar1,Psittacidae
whfplo1,
whfplo2,
whfred1,Parulidae
whfred2,Parulidae
whfrob1,Petroicidae
whfsta2,Sturnidae
whfsun1,Nectariniidae
whfswi1,Apodidae
whfter1,Laridae
whftit2,Paridae
whfwoo1,Picidae
whgfly1,Muscicapidae
whghon1,Meliphagidae
whgpig1,Columbidae
whhbab2,Pellorneidae
whhbar1,Lybiidae
whhbul1,Pycnonotidae
whhduc1,Anatidae
whhlap1,Charadriidae
whhmou1,Coliidae
whhmun1,Estrildidae
whhpet1,Procellariidae
whhpig1,Columbidae
whhsaw1,Hirundinidae
whhsta2,Sturnidae
whhstd1,Anatidae
whhvan1,Vangidae
whhvul1,Accipitridae
whhwoo1,Phoeniculidae
whhwoo,Picidae
whhwre1,Troglodytidae
whiant1,Thamnophilidae
whiauk,Alcidae
whibel2,Cotingidae
whibro1,Eurylaimidae
whicis1,Cisticolidae
whicoc1,Psittacidae
whieap1,Phasianidae
whieap2,Phasianidae
whiflo1,
whifly1,Tyrannidae
whihaw1,Accipitridae
whihel1,Prionopidae
whiher1,Ardeidae
whiibi,Threskiornithidae
whiimp1,Columbidae
whikit1,Accipitridae
whimbr3,Scolopacidae
whimbr5,Scolopacidae
whimon1,Tyrannidae
whinch1,Muscicapidae
whipit1,Pittidae
whispi1,Nectariniidae
whisto1,Ciconiidae
whiswi1,Apodidae
whiteh1,Acanthizidae
whiter2,Laridae
whiter3,Laridae
whiter4,Laridae
whiter5,Laridae
whitre1,Hemiprocnidae
whitro1,Trogonidae
whiwag,Motacillidae
whiwar1,Parulidae
whiwar2,Phylloscopidae
whiwoo1,Picidae
whiwre1,Troglodytidae
whiyuh1,Zosteropidae
whlant1,Thamnophilidae
whlant2,Grallariidae
whlgna2,Polioptilidae
whlgna3,Polioptilidae
whlhon1,Meliphagidae
whlori1,Oriolidae
whlspi1,Furnariidae
whlspi3,Furnariidae
whltan1,Thraupidae
whltyr1,Tyrannidae
whlwar1,Parulidae
whmant2,Thamnophilidae
whmbar1,Capitonidae
whmtyr1,Tyrannidae
whnbab1,Timaliidae
whncra1,Gruidae
whncro1,Corvidae
whnfri1,Meliphagidae
whnhaw2,Accipitridae
whnhon2,Meliphagidae
whnhon3,Meliphagidae
whnjac1,Trochilidae
whnjay1,Corvidae
whnlau1,Leiothrichidae
whnlor2,Psittacidae
whnmon1,Monarchidae
whnmyn1,Sturnidae
whnpar1,Psittacidae
whnpar2,Phasianidae
whnpet,Procellariidae
whnpig1,Columbidae
whnpuf2,Bucconidae
whnrav1,Corvidae
whnrob1,Turdidae
whnroc1,Picathartidae
whnsee1,Thraupidae
whnswi1,Apodidae
whnwoo1,Picidae
whnxen1,Cotingidae
whnyuh1,Zosteropidae
whocra,Gruidae
whoswa,Anatidae
whpant1,Thamnophilidae
whphon1,Meliphagidae
whqbus1,Otididae
whrbab2,Leiothrichidae
whrcha1,Muscicapidae
whrcus1,Campephagidae
whrfal1,Falconidae
whrfly,Tyrannidae
whrhaw1,Accipitridae
whrkin1,Alcedinidae
whrman1,Pipridae
whrmon2,Tyrannidae
whrmun,Estrildidae
whrnee1,Apodidae
whrrob2,Petroicidae
whrsan,Scolopacidae
whrsee,Fringillidae
whrsha11,Muscicapidae
whrsha16,Muscicapidae
whrsha17,Muscicapidae
whrsha5,Muscicapidae
whrsha,Muscicapidae
whrshr1,Laniidae
whrsir1,Tyrannidae
whrsno1,Passeridae
whrswa1,Hirundinidae
whrswi1,Apodidae
whrswi2,Apodidae
whrtan1,Thraupidae
whrtri1,Campephagidae
whrvul1,Accipitridae
whsant1,Thamnophilidae
whsant2,Thamnophilidae
whsant4,Thamnophilidae
whsblt1,Paridae
whsbul1,Pycnonotidae
whsfai1,Maluridae
whsflo1,Thraupidae
whsflu1,Rallidae
whsfri1,Meliphagidae
whshil1,Trochilidae
whshon1,Meliphagidae
whsibi1,Threskiornithidae
whsowl1,Strigidae
whsrob1,Muscicapidae
whssta2,Sturnidae
whstan1,Thraupidae
whswar1,Phylloscopidae
whswar2,Parulidae
whswoo1,Furnariidae
whswoo2,Picidae
whtant1,Thamnophilidae
whtant2,Grallariidae
whtbab1,Leiothrichidae
whtbar1,Furnariidae
whtblc1,Cacatuidae
whtbul1,Pycnonotidae
whtbus1,Muscicapidae
whtcac2,Furnariidae
whtcan1,Fringillidae
whtcar1,Falconidae
whtcis1,Cisticolidae
whtcot1,Cotingidae
whtcra1,Rallidae
whtdip1,Cinclidae
whtdov,Columbidae
whteag,Accipitridae
whtear1,Furnariidae
whteme1,Trochilidae
whtfan1,Rhipiduridae
whtflo1,
whtfly1,Tyrannidae
whtfly2,Muscicapidae
whtfra2,Phasianidae
whtger1,Acanthizidae
whtgol1,Trochilidae
whtgra1,Maluridae
whtgre1,Pycnonotidae
whtgre3,Podicipedidae
whtgre4,Pycnonotidae
whthaw1,Accipitridae
whthaw,Accipitridae
whthil2,Trochilidae
whthil3,Trochilidae
whthon1,Meliphagidae
whthon2,Meliphagidae
whthor1,Bucerotidae
whthum1,Trochilidae
whthum2,Trochilidae
whtior1,Aegithinidae
whtjac1,Galbulidae
whtjay1,Corvidae
whtjay2,Corvidae
whtkin1,Tyrannidae
whtkin2,Alcedinidae
whtkit,Accipitridae
whtlap1,Charadriidae
whtlar1,Alaudidae
whtlau1,Leiothrichidae
whtman1,Pipridae
whtmon1,Monarchidae
whtmon2,Monarchidae
whtnee,Apodidae
whtnig1,Caprimulgidae
whtnig3,Caprimulgidae
whtnut1,Sittidae
whtoxy1,Bernieridae
whtpew1,Tyrannidae
whtpla1,Cotingidae
whtpta1,Phasianidae
whtque1,Trogonidae
whtrai1,Rallidae
whtred1,Muscicapidae
whtrob2,Muscicapidae
whtrob3,Muscicapidae
whtsab1,Trochilidae
whtsco1,Strigidae
whtsee1,Thraupidae
whtshr1,Platysteiridae
whtsic1,Trochilidae
whtspa1,Tyrannidae
whtspa,Passerellidae
whtsta1,Trochilidae
whtsto2,Muscicapidae
whtsun1,Trochilidae
whtswa1,Hirundinidae
whtswa2,Hirundinidae
whtswa3,Hirundinidae
whtswi1,Apodidae
whtswi,Apodidae
whttap1,Rhinocryptidae
whtthr1,Turdidae
whtthr2,Turdidae
whttin1,Tinamidae
whttit1,Aegithalidae
whttit2,Cotingidae
whttou1,Ramphastidae
whttow1,Passerellidae
whttre2,Furnariidae
whttre3,Climacteridae
whttro1,Trogonidae
whttro,Phaethontidae
whttyr1,Tyrannidae
whttyr2,Tyrannidae
whtwar1,Cisticolidae
whtwhe1,Muscicapidae
whtwhi1,Pachycephalidae
whtwoo1,Furnariidae
whtwoo2,Picidae
whtwrb1,Pellorneidae
whveup1,Fringillidae
whvmyn1,Sturnidae
whvmyn,Sturnidae
whvplu1,Trochilidae
whvsha1,Muscicapidae
whvwhi1,Pachycephalidae
whwapa1,Cisticolidae
whwbec1,Cotingidae
whwblt1,Tyrannidae
whwblt2,Tyrannidae
whwblt3,Paridae
whwcho1,Corcoracidae
whwcin1,Furnariidae
whwcoo1,Rallidae
whwcot1,Cotingidae
whwcro,Fringillidae
whwcus1,Campephagidae
whwdov,Columbidae
whwduc1,Anatidae
whwfai1,Maluridae
whwfan1,Rhipiduridae
whwflu1,Rallidae
whwgro1,Fringillidae
whwgua1,Cracidae
whwher1,Trochilidae
whwlar1,Alaudidae
whwlau1,Leiothrichidae
whwmag1,Corvidae
whwnig1,Caprimulgidae
whwpar,Psittacidae
whwpic1,Picidae
whwpot1,Nyctibiidae
whwpuf1,Bucconidae
whwred2,Muscicapidae
whwrob2,Petroicidae
whwsan1,Scolopacidae
whwsco1,Anatidae
whwsco2,Anatidae
whwsco3,Anatidae
whwsno1,Passeridae
whwspi1,Furnariidae
whwswa1,Hirundinidae
whwtan1,Cardinalidae
whwtap1,Rhinocryptidae
whwter,Laridae
whwtit2,Paridae
whwtri1,Campephagidae
whwtri2,Campephagidae
whwwar1,Parulidae
whwwid1,Ploceidae
whwwoo1,Picidae
whybar1,Lybiidae
wibant1,Thamnophilidae
wibhor1,Furnariidae
wibpip1,Cotingidae
wibsee1,Thraupidae
wibwre1,Troglodytidae
wictho2,Trochilidae
wilant1,Thamnophilidae
wilfin3,Thraupidae
wilfly,Tyrannidae
wilhon2,Indicatoridae
willar1,Alaudidae
willet1,Scolopacidae
wilpha,Scolopacidae
wilplo,
wilpta1,Phasianidae
wilpta2,Phasianidae
wilsap,Picidae
wilsni1,Scolopacidae
wiltit1,Paridae
wiltur,Phasianidae
wilwag1,Rhipiduridae
wincis2,Cisticolidae
wincis3,Cisticolidae
wincis4,Cisticolidae
wincis5,Cisticolidae
wincis6,Cisticolidae
winwre3,Troglodytidae
winwre4,Troglodytidae
wisbou1,Malaconotidae
wiscis1,Cisticolidae
wispet,Hydrobatidae
withum1,Trochilidae
witman1,Pipridae
witman2,Pipridae
witswa1,Hirundinidae
wiwduc1,Anatidae
wlswar,Parulidae
wlwwar,Phylloscopidae
wnbfin1,Passerellidae
woewar1,Parulidae
wofdov1,Columbidae
wonpig1,Columbidae
wonsto1,Ciconiidae
wonsto2,Ciconiidae
wooant1,Estrildidae
woobat1,Platysteiridae
wooduc,Anatidae
woofin1,Thraupidae
wookin1,Alcedinidae
woolar1,Alaudidae
woopip1,Motacillidae
woorai1,Rallidae
woosan,Scolopacidae
wooscj2,Corvidae
wooshr1,Laniidae
woosni1,Scolopacidae
woosto,Ciconiidae
woothr,Turdidae
woowar,Phylloscopidae
worspa,Passerellidae
wqrpig1,Columbidae
wrbfin1,Passerellidae
wrbhor1,Bucerotidae
wrbhor2,Bucerotidae
wrehor1,Bucerotidae
wrenth1,Parulidae
wrenti,Sylviidae
wrihor1,Bucerotidae
wrihor2,Bucerotidae
wrlrus1,Furnariidae
wrspet,Hydrobatidae
wrybil1,Charadriidae
wsfeye1,Thamnophilidae
wsfrai1,Rallidae
wsweye1,Platysteiridae
wtathr1,Turdidae
wtbeat1,Meropidae
wtbfly1,Stenostiridae
wtbswa1,Hirundinidae
wtcfly1,Stenostiridae
wtfgle1,Furnariidae
wtgdov1,Columbidae
wtgfin1,Thraupidae
wtmbab1,Leiothrichidae
wtmgem1,Trochilidae
wtmjay1,Corvidae
wtqdov1,Columbidae
wtrcha1,Muscicapidae
wtrthr1,Muscicapidae
wtsfin1,Thraupidae
wtstan1,Thraupidae
wtstyr1,Tyrannidae
wtweye1,Zosteropidae
wvbsun1,Nectariniidae
wvspet1,Hydrobatidae
wvvear1,Trochilidae
wwbfin1,Passerellidae
wwccha1,Muscicapidae
wwcdov1,Columbidae
wwdfin1,Thraupidae
wwstan1,Thraupidae
wwswar1,Locustellidae
wynlau1,Leiothrichidae
xanhum,Trochilidae
xanmur1,Alcidae
xanmur2,Alcidae
xavgre1,Pycnonotidae
xigjay1,Corvidae
y00400,Indicatoridae
y00415,Alaudidae
y00427,Muscicapidae
y00475,Rallidae
y00478,Laridae
y00599,Thraupidae
y00621,Hirundinidae
y00678,Falconidae
y00731,Apodidae
y00743,Corvidae
y00824,Sturnidae
y00839,Accipitridae
y00989,Phylloscopidae
y01036,Tyrannidae
y01204,Tyrannidae
y01249,Tyrannidae
y01249,Tyrannidae
yaglor2,Psittacidae
yaglor3,Psittacidae
yapant1,Thamnophilidae
yapmon1,Monarchidae
yapwhe1,Zosteropidae
ybbwar1,Cettiidae
ybfdov2,Columbidae
ybsvir1,Vireonidae
ybtfly1,Tyrannidae
ybttyr1,Tyrannidae
ybweye1,Platysteiridae
ycnher,Ardeidae
ycppar1,Psittacidae
yebant1,Grallariidae
yebant2,Thamnophilidae
yebant3,Thamnophilidae
yebapa1,Cisticolidae
yebasi1,Philepittidae
yebbab1,Leiothrichidae
yebbar2,Lybiidae
yebbar5,Lybiidae
yebboa1,Machaerirhynchidae
yebbou1,Malaconotidae
yebbow1,Ptilonorhynchidae
yebbru1,Passerellidae
yebbru2,Passerellidae
yebbul2,Pycnonotidae
yebbul3,Pycnonotidae
yebbun1,Emberizidae
yebbun,Emberizidae
yebbuw2,Cettiidae
yebcac1,Icteridae
yebcam1,Cisticolidae
yebcar,Thraupidae
yebcha,Parulidae
yebcho1,Corvidae
yebcht1,Tyrannidae
yebcot1,Cotingidae
yebcra1,Rallidae
yebcuc,Cuculidae
yebdac1,Thraupidae
yebduc1,Anatidae
yebela1,Tyrannidae
yebere1,Cisticolidae
yebfan1,Stenostiridae
yebfin1,Thraupidae
yebflo1,
yebflo2,Dicaeidae
yebfly2,Muscicapidae
yebfly3,Tyrannidae
yebfly4,Tyrannidae
yebfly,Tyrannidae
yebfrd1,Columbidae
yebfrd2,Columbidae
yebger1,Acanthizidae
yebgre1,Pycnonotidae
yebgre3,Pycnonotidae
yebgre4,Fringillidae
yebgro1,Fringillidae
yebhyl1,Hyliotidae
yebjac1,Galbulidae
yebkin1,Alcedinidae
yeblon1,Melanocharitidae
yebloo,Gaviidae
yeblor1,Psittacidae
yeblor2,Psittacidae
yebmag1,Corvidae
yebmag,Corvidae
yebmal1,Cuculidae
yebmel1,Meliphagidae
yebnun1,Bucconidae
yebnut1,Sittidae
yebori1,Icteridae
yeboxp1,Buphagidae
yeboxy1,Bernieridae
yebpar1,Psittacidae
yebpin1,Anatidae
yebpip2,Motacillidae
yebpri1,Cisticolidae
yebrat1,Psittacidae
yebrob1,Petroicidae
yebsap,Picidae
yebsat1,Cnemophilidae
yebsee1,Thraupidae
yebsee2,Fringillidae
yebshr1,Laniidae
yebsis1,Fringillidae
yebspa1,Passerellidae
yebspo1,Threskiornithidae
yebsto1,Ciconiidae
yebtai1,Cisticolidae
yebtan1,Thraupidae
yebtan2,Thraupidae
yebtea1,Anatidae
yebter2,Laridae
yebtit3,Paridae
yebtit4,Paridae
yebtou1,Ramphastidae
yebtur1,Musophagidae
yebtyr1,Tyrannidae
yebtyr2,Tyrannidae
yebwaa1,Thamnophilidae
yebwar1,Cettiidae
yebwar2,Phylloscopidae
yebwar3,Phylloscopidae
yebwax2,Estrildidae
yebwhe1,Zosteropidae
yebwhi1,Pachycephalidae
yecbar1,Megalaimidae
yecbis,Ploceidae
yeccan1,Fringillidae
yecchl1,Fringillidae
yeccoc1,Psittacidae
yeccoc5,Psittacidae
yecela1,Tyrannidae
yeceup1,Fringillidae
yechel1,Prionopidae
yechor1,Bucerotidae
yeclov,Psittacidae
yecmac,Psittacidae
yecman2,Pipridae
yecpar,Psittacidae
yecred1,Parulidae
yecspi2,Furnariidae
yectan1,Thraupidae
yectit1,Paridae
yectyr1,Tyrannidae
yecwea1,Ploceidae
yecwoo1,Picidae
yeebab1,Sylviidae
yeebul1,Pycnonotidae
yeecus1,Campephagidae
yeehon1,Meliphagidae
yeejun2,Passerellidae
yeejun,Passerellidae
yeepar1,Psittacidae
yeepen1,Spheniscidae
yeespi1,Nectariniidae
yeesta1,Sturnidae
yeetou1,Ramphastidae
yeewoo1,Picidae
yefbar1,Megalaimidae
yefcan,Fringillidae
yeffla1,Picidae
yeffly1,Muscicapidae
yefgra1,Thraupidae
yefgul,Laridae
yefhon1,Meliphagidae
yefhon2,Indicatoridae
yefmyn1,Sturnidae
yefpar2,Psittacidae
yefpar3,Psittacidae
yefpar4,Psittacidae
yefpar5,Psittacidae
yefpig1,Columbidae
yefsis1,Fringillidae
yeftin1,Lybiidae
yefwoo1,Picidae
yegfin1,Passerellidae
yeggro1,Cardinalidae
yeghon1,Meliphagidae
yegtyr1,Tyrannidae
yegvir,Vireonidae
yehbla2,Icteridae
yehbla,Icteridae
yehbrf1,Passerellidae
yehcar1,Falconidae
yehman2,Pipridae
yehpar,Psittacidae
yehwar1,Parulidae
yekcur1,Cracidae
yelbis1,Ploceidae
yelbit,Ardeidae
yelbul1,Pycnonotidae
yelbul4,Pycnonotidae
yelbun1,Emberizidae
yelbut1,Turnicidae
yelcan1,Fringillidae
yelcar1,Thraupidae
yelcha1,Meliphagidae
yelfly1,Tyrannidae
yelfly2,Erythrocercidae
yelfly4,Petroicidae
yelgro,Cardinalidae
yelgul1,Laridae
yelhon1,Meliphagidae
yellon1,Macrosphenidae
yellow2,Emberizidae
yellow3,Acanthizidae
yellow5,Cuculidae
yellow6,Cuculidae
yelori1,Icteridae
yelpar1,Psittacidae
yelpig1,Columbidae
yelpip2,Motacillidae
yelpip3,Motacillidae
yelrai,Rallidae
yelrob1,Petroicidae
yeltho1,Acanthizidae
yelthr1,Turdidae
yeltin1,Tinamidae
yeltit2,Paridae
yeltyr1,Tyrannidae
yelwar1,Parulidae
yelwar,Parulidae
yelwat1,Meliphagidae
yelwea1,Ploceidae
yelwea2,Ploceidae
yelwhe1,Zosteropidae
yemfly1,Tyrannidae
yemfly2,Tyrannidae
yemlin1,Fringillidae
yemser1,Fringillidae
yemthr1,Turdidae
yemwar1,Sylviidae
yemwea1,Ploceidae
yenalb2,Diomedeidae
yenalb3,Diomedeidae
yengre1,Pycnonotidae
yenpar1,Psittacidae
yenspu1,Phasianidae
yeofly1,Tyrannidae
yephon1,Meliphagidae
yeptit1,Remizidae
yerant1,Thamnophilidae
yercac1,Icteridae
yerere1,Cisticolidae
yerflo1,Dicaeidae
yerhon1,Indicatoridae
yermar1,Icteridae
yermun1,Estrildidae
yerser1,Fringillidae
yersis1,Fringillidae
yertho1,Acanthizidae
yertin1,Lybiidae
yerwar,Parulidae
yesbar1,Lybiidae
yesbla1,Icteridae
yesbul1,Pycnonotidae
yesflo1,Dicaeidae
yesgra1,Thraupidae
yesgro2,Thraupidae
yeshon1,Meliphagidae
yeslor1,Psittacidae
yesnic1,Nicatoridae
yespar1,Psittacidae
yespet1,Passeridae
yestan1,Thraupidae
yeswar1,Phylloscopidae
yeswid2,Ploceidae
yetant1,Thamnophilidae
yetbul1,Pycnonotidae
yetbun1,Emberizidae
yetcuc1,Cuculidae
yeteup1,Fringillidae
yetfin1,Passerellidae
yetfly2,Tyrannidae
yetful1,Pellorneidae
yetgre2,Pycnonotidae
yethon1,Meliphagidae
yethon2,Meliphagidae
yethon3,Meliphagidae
yetlau1,Leiothrichidae
yetlea1,Chloropseidae
yetlon1,Motacillidae
yetmin1,Meliphagidae
yetnic1,Nicatoridae
yetori1,Icteridae
yetpet1,Passeridae
yetpip1,Motacillidae
yetsan1,Pteroclididae
yetscr1,Acanthizidae
yetser1,Fringillidae
yetspa1,Tyrannidae
yettan1,Thraupidae
yettin1,Lybiidae
yetvir,Vireonidae
yetwar3,Parulidae
yetwar,Parulidae
yetwhi2,Pachycephalidae
yetwhi6,
yetwoo1,Picidae
yetwoo2,Picidae
yetwow1,Phylloscopidae
yevbul1,Pycnonotidae
yevere1,Cisticolidae
yevflo1,
yevmyz1,Meliphagidae
yevpig1,Columbidae
yevwar1,Phylloscopidae
yevwoo1,Picidae
yewbla2,Icteridae
yewbul1,Aphididae
yewcac1,Icteridae
yewgre1,Pycnonotidae
yewlap2,Charadriidae
yewtan1,Thraupidae
yewvir1,Vireonidae
yfweye1,Zosteropidae
ygbtan1,Thraupidae
ysbfin1,Passerellidae
ysweye1,Zosteropidae
ytbcoc1,Cacatuidae
ytbtan1,Passerellidae
ythpar1,Psittacidae
ytweye1,Zosteropidae
yucfly1,Tyrannidae
yucjay1,Corvidae
yucnig1,Caprimulgidae
yucpoo1,Caprimulgidae
yucvir,Vireonidae
yucwoo,Picidae
yucwre1,Troglodytidae
yunman1,Pipridae
yunnut1,Sittidae
yuntyr1,Tyrannidae
yupowl1,Strigidae
yuttyr1,Tyrannidae
ywcpar,Psittacidae
zambul1,Pycnonotidae
zanbis1,Ploceidae
zanbou1,Malaconotidae
zapfly1,Muscicapidae
zaprai1,Rallidae
zapspa1,Passerellidae
zapwre1,Troglodytidae
zebdov,Columbidae
zebfin2,Estrildidae
zebwax2,Estrildidae
zelant1,Thamnophilidae
zendov,Columbidae
zenhon1,Indicatoridae
zigher1,Ardeidae
zimant1,Thamnophilidae
zimtap1,Rhinocryptidae
zimwoo2,Furnariidae
zitcis1,Cisticolidae
zittyr1,Tyrannidae
zoeimp1,Columbidae
zothaw,Accipitridae
