species_code,com_name,class_name
emchum1,Emerald-chinned Hummingbird,aves
rufwar1,Rufous-faced Warbler,aves
blfwar1,Black-faced Warbler,aves
yebwar1,Yellow-bellied Warbler,aves
watgua1,Wattled Guan,aves
spchon1,Spiny-cheeked Honeyeater,aves
pebfin1,Peg-billed Finch,aves
redpol1,Redpoll,aves
riflem1,Rifleman,aves
inltho1,Inland Thornbill,aves
yertho1,Yellow-rumped Thornbill,aves
mouger1,Gray Thornbill,aves
tastho1,Tasmanian Thornbill,aves
westho1,Western Thornbill,aves
slbtho2,Slender-billed Thornbill,aves
moutho1,Mountain Thornbill,aves
strtho1,Striated Thornbill,aves
paptho1,Papuan Thornbill,aves
yeltho1,Yellow Thornbill,aves
brotho1,Brown Thornbill,aves
burtho1,Buff-rumped Thornbill,aves
slbtho1,Slaty-backed Thornbill,aves
chrtho1,Chestnut-rumped Thornbill,aves
wesspi1,Western Spinebill,aves
easspi1,Eastern Spinebill,aves
scrubt2,Scrubtit,aves
1463115,Acanthoventris drewseni,insecta
madspa1,Madagascar Sparrowhawk,aves
eurspa1,Eurasian Sparrowhawk,aves
ovaspa2,Ovambo Sparrowhawk,aves
gybhaw1,Gray-bellied Hawk,aves
rucspa2,Rufous-breasted Sparrowhawk,aves
shshaw,Sharp-shinned Hawk,aves
runhor1,Rufous-necked Hornbill,aves
damroc1,Rockrunner,aves
133220,House Cricket,insecta
917175,Spanish House-Cricket,insecta
41955,Cheetah,mammalia
colmyn1,Collared Myna,aves
vibsta1,Burmese Myna,aves
pabmyn1,Pale-bellied Myna,aves
cremyn,Crested Myna,aves
junmyn1,Jungle Myna,aves
banmyn1,Bank Myna,aves
whvmyn1,Great Myna,aves
whvmyn,Javan Myna,aves
vibsta4,Vinous-breasted Myna,aves
bkwsta1,Black-winged Myna,aves
commyn,Common Myna,aves
70421,Blanchard's Cricket Frog,amphibia
24230,Northern Cricket Frog,amphibia
24233,Southern Cricket Frog,amphibia
yebbul3,Yellow-browed Bulbul,aves
42715,Narrow-toed Feather-tailed Glider,mammalia
pilgra1,Pink-legged Graveteiro,aves
chiwar1,Kiritimati Reed Warbler,aves
padwar1,Paddyfield Warbler,aves
grrwar1,Great Reed Warbler,aves
manrew2,Mangareva Reed Warbler,aves
turwar1,Tuamotu Reed Warbler,aves
aurwar1,Australian Reed Warbler,aves
bbrwar1,Black-browed Reed Warbler,aves
cvswar1,Cape Verde Swamp Warbler,aves
tahrew1,Tahiti Reed Warbler,aves
blwwar1,Blunt-winged Warbler,aves
blrwar1,Blyth's Reed Warbler,aves
miller,Millerbird,aves
leswar1,Lesser Swamp Warbler,aves
barwar2,Basra Reed Warbler,aves
sairew1,Saipan Reed Warbler,aves
cirwar2,Cook Islands Reed Warbler,aves
moorew1,Moorea Reed Warbler,aves
nigrew1,Nightingale Reed Warbler,aves
mouwar1,Moustached Warbler,aves
marwar2,Southern Marquesan Reed Warbler,aves
soirew1,Society Islands Reed Warbler,aves
maswar1,Madagascar Swamp Warbler,aves
agurew1,Aguiguan Reed Warbler,aves
orrwar1,Oriental Reed Warbler,aves
labrew1,Large-billed Reed Warbler,aves
aquwar1,Aquatic Warbler,aves
marwar3,Marsh Warbler,aves
marrew2,Northern Marquesan Reed Warbler,aves
narwar1,Nauru Reed Warbler,aves
rimrew1,Rimatara Reed Warbler,aves
rodbrw1,Rodrigues Warbler,aves
grswar2,Greater Swamp Warbler,aves
sedwar1,Sedge Warbler,aves
eurwar1,Common Reed Warbler,aves
sebwar1,Seychelles Warbler,aves
strwar1,Streaked Reed Warbler,aves
clrwar1,Clamorous Reed Warbler,aves
carrew1,Caroline Reed Warbler,aves
hirwar1,Henderson Island Reed Warbler,aves
manrew1,Manchurian Reed Warbler,aves
pirwar2,Pitcairn Reed Warbler,aves
pagrew1,Pagan Reed Warbler,aves
roltyr3,Rough-legged Tyrannulet,aves
roltyr1,White-fronted Tyrannulet,aves
ocetap1,Ocellated Tapaculo,aves
vulgui1,Vulturine Guineafowl,aves
moukin2,Moustached Kingfisher,aves
ruckin1,Rufous-collared Kingfisher,aves
blckin2,Blue-capped Kingfisher,aves
spokin1,Spotted Kingfisher,aves
grbkin1,Green-backed Kingfisher,aves
scakin1,Scaly-breasted Kingfisher,aves
blwmin1,Blue-winged Minla,aves
rufbar1,Rusty-fronted Barwing,aves
taibar1,Taiwan Barwing,aves
hotbar1,Hoary-throated Barwing,aves
spebar1,Spectacled Barwing,aves
bkcbar1,Black-crowned Barwing,aves
strbar1,Streaked Barwing,aves
chtmin1,Chestnut-tailed Minla,aves
sttbar1,Streak-throated Barwing,aves
comsan,Common Sandpiper,aves
sposan,Spotted Sandpiper,aves
afrjac1,African Jacana,aves
madjac1,Madagascar Jacana,aves
spehum1,Speckled Hummingbird,aves
22084,Tusked Frog,amphibia
135011,Cocha Chirping Frog,amphibia
135012,Paraná Tropical Bullfrog,amphibia
135018,Forest Chirping Frog,amphibia
135020,Marbled Tropical Bullfrog,amphibia
135022,Santa Catarina Tropical Bullfrog,amphibia
clagre,Clark's Grebe,aves
wesgre,Western Grebe,aves
lottit1,Long-tailed Tit,aves
blttit2,Black-throated Tit,aves
pygtit1,Pygmy Tit,aves
sootit1,Sooty Tit,aves
lottit5,Silver-throated Tit,aves
bkbtit3,Black-browed Tit,aves
whctit1,White-cheeked Tit,aves
whttit1,White-throated Tit,aves
greior1,Great Iora,aves
whtior1,White-tailed Iora,aves
comior1,Common Iora,aves
greior2,Green Iora,aves
nswowl,Northern Saw-whet Owl,aves
borowl,Boreal Owl,aves
bswowl1,Bermuda Saw-whet Owl,aves
bufowl1,Buff-fronted Owl,aves
uswowl1,Unspotted Saw-whet Owl,aves
barown2,Vogelkop Owlet-nightjar,aves
moonig1,Mountain Owlet-nightjar,aves
barown1,Barred Owlet-nightjar,aves
molown1,Moluccan Owlet-nightjar,aves
auonig1,Australian Owlet-nightjar,aves
feonig1,Feline Owlet-nightjar,aves
nconig1,New Caledonian Owlet-nightjar,aves
spaown1,Starry Owlet-nightjar,aves
barown5,Karimui Owlet-nightjar,aves
waonig1,Wallace's Owlet-nightjar,aves
cinvul1,Cinereous Vulture,aves
strcra1,Striped Crake,aves
42278,Impala,mammalia
546428,Giant Elephant Bird,aves
watbrt1,Wattled Brushturkey,aves
brubrt1,Waigeo Brushturkey,aves
43000,Rufous Bettong,mammalia
palswi2,Ameline Swiftlet,aves
marswi,Mariana Swiftlet,aves
himswi2,Himalayan Swiftlet,aves
seyswi1,Seychelles Swiftlet,aves
masswi1,Mascarene Swiftlet,aves
y00731,White-nest Swiftlet,aves
mouswi2,Mountain Swiftlet,aves
molswi3,Moluccan Swiftlet,aves
caiswi1,Caroline Islands Swiftlet,aves
polswi1,Tahiti Swiftlet,aves
blnswi1,Black-nest Swiftlet,aves
phiswi1,Philippine Swiftlet,aves
balswi1,Bare-legged Swiftlet,aves
marswi2,Marquesan Swiftlet,aves
mayswi1,Mayr's Swiftlet,aves
papswi1,Three-toed Swiftlet,aves
palswi1,Palau Swiftlet,aves
monswi2,Mossy-nest Swiftlet,aves
atiswi1,Atiu Swiftlet,aves
whrswi2,White-rumped Swiftlet,aves
ausswi1,Australian Swiftlet,aves
indswi1,Indian Swiftlet,aves
uniswi1,Uniform Swiftlet,aves
volswi1,Volcano Swiftlet,aves
whiswi1,Whitehead's Swiftlet,aves
andswi1,Andean Swift,aves
whtswi1,White-tipped Swift,aves
whtswi,White-throated Swift,aves
chfspa1,Chestnut-flanked Sparrowhawk,aves
afrgos1,African Goshawk,aves
creauk,Crested Auklet,aves
parauk,Parakeet Auklet,aves
leaauk,Least Auklet,aves
whiauk,Whiskered Auklet,aves
gygscr1,Gray-green Scrubwren,aves
bimwar1,Bicolored Mouse-Warbler,aves
papscr1,Papuan Scrubwren,aves
bufscr1,Buff-faced Scrubwren,aves
vogscr1,Vogelkop Scrubwren,aves
pabscr1,Pale-billed Scrubwren,aves
hansun1,Handsome Sunbird,aves
moasun1,Apo Sunbird,aves
fotsun1,Fork-tailed Sunbird,aves
elesun1,Elegant Sunbird,aves
whfsun1,White-flanked Sunbird,aves
flasun1,Flaming Sunbird,aves
gousun1,Mrs. Gould's Sunbird,aves
mansun1,Maroon-naped Sunbird,aves
fitsun1,Fire-tailed Sunbird,aves
linsun1,Lina's Sunbird,aves
magsun1,Magnificent Sunbird,aves
scasun1,Javan Sunbird,aves
grtsun1,Green-tailed Sunbird,aves
gyhsun2,Gray-hooded Sunbird,aves
mewsun3,Metallic-winged Sunbird,aves
bltsun1,Black-throated Sunbird,aves
lovsun1,Lovely Sunbird,aves
eacsun1,Crimson Sunbird,aves
temsun1,Temminck's Sunbird,aves
tbosun1,Tboli Sunbird,aves
wecsun1,Vigors's Sunbird,aves
23450,Delicate Spiny Reed Frog,amphibia
23470,Brown Banana Frog,amphibia
23455,Fornasini's Spiny Reed Frog,amphibia
23466,Banded Banana Frog,amphibia
1431034,Banana Serotine,mammalia
conpea1,Congo Peacock,aves
blabus3,Black Bustard,aves
whqbus1,White-quilled Bustard,aves
23702,Red-eyed Tree Frog,amphibia
135027,Mexican Giant Tree Frog,amphibia
agaher1,Agami Heron,aves
gyhlov1,Gray-headed Lovebird,aves
fislov1,Fischer's Lovebird,aves
lillov1,Lilian's Lovebird,aves
blclov1,Black-cheeked Lovebird,aves
yeclov,Yellow-collared Lovebird,aves
rehlov1,Red-headed Lovebird,aves
peflov,Rosy-faced Lovebird,aves
blclov2,Black-collared Lovebird,aves
blwlov1,Black-winged Lovebird,aves
bawcow4,Grayish Baywing,aves
bawcow3,Pale Baywing,aves
resbla1,Red-shouldered Blackbird,aves
tasbla,Tawny-shouldered Blackbird,aves
rewbla,Red-winged Blackbird,aves
tribla,Tricolored Blackbird,aves
yesbla1,Yellow-shouldered Blackbird,aves
whbgui1,White-breasted Guineafowl,aves
blagui1,Black Guineafowl,aves
unibla2,Unicolored Blackbird,aves
yewbla2,Yellow-winged Blackbird,aves
paebla2,Pale-eyed Blackbird,aves
pubsun1,Purple-backed Sunbeam,aves
whtsun1,White-tufted Sunbeam,aves
shisun1,Shining Sunbeam,aves
blhsun1,Black-hooded Sunbeam,aves
vensyl1,Venezuelan Sylph,aves
vitsyl1,Violet-tailed Sylph,aves
lotsyl1,Long-tailed Sylph,aves
1501031,Ovate Shieldback,insecta
blaros1,Blanford's Rosefinch,aves
chafly2,Chat Flycatcher,aves
palfly2,Pale Flycatcher,aves
wtstyr1,White-tailed Shrike-Tyrant,aves
gresht1,Great Shrike-Tyrant,aves
gybsht1,Gray-bellied Shrike-Tyrant,aves
bkbsht1,Black-billed Shrike-Tyrant,aves
lessht1,Lesser Shrike-Tyrant,aves
chcsta1,Chestnut-cheeked Starling,aves
dausta1,Daurian Starling,aves
whecat1,White-eared Catbird,aves
grecat1,Green Catbird,aves
taccat1,Tan-capped Catbird,aves
spocat2,Spotted Catbird,aves
spocat1,Black-eared Catbird,aves
ocbcat1,Ochre-breasted Catbird,aves
41659,Giant Panda,mammalia
oaxspa1,Oaxaca Sparrow,aves
russpa1,Rusty Sparrow,aves
rucspa,Rufous-crowned Sparrow,aves
manduc,Mandarin Duck,aves
wooduc,Wood Duck,aves
greaki2,Oahu Akialoa,aves
greaki3,Maui-nui Akialoa,aves
lesaki,Lesser Akialoa,aves
greaki4,Kauai Akialoa,aves
goeant1,Goeldi's Antbird,aves
whsant1,White-shouldered Antbird,aves
grhlar1,Greater Hoopoe-Lark,aves
lehlar1,Lesser Hoopoe-Lark,aves
skylar,Eurasian Skylark,aves
orisky1,Oriental Skylark,aves
whwlar1,White-winged Lark,aves
razsky1,Raso Skylark,aves
lstlar2,Asian Short-toed Lark,aves
tstlar1,Turkestan Short-toed Lark,aves
sanlar1,Sand Lark,aves
mstlar1,Mediterranean Short-toed Lark,aves
sstlar1,Somali Short-toed Lark,aves
razorb,Razorbill,aves
comkin1,Common Kingfisher,aves
smbkin1,Small Blue Kingfisher,aves
bubkin2,Javan Blue-banded Kingfisher,aves
blykin1,Blyth's Kingfisher,aves
blekin1,Blue-eared Kingfisher,aves
bubkin1,Malaysian Blue-banded Kingfisher,aves
shbkin1,Shining-blue Kingfisher,aves
hackin1,Half-collared Kingfisher,aves
42418,Hartebeest,mammalia
522193,Moose,mammalia
broful1,Brown Fulvetta,aves
gycful3,David's Fulvetta,aves
gycful4,Yunnan Fulvetta,aves
bkbful1,Black-browed Fulvetta,aves
gycful5,Huet's Fulvetta,aves
gycful1,Morrison's Fulvetta,aves
nepful1,Nepal Fulvetta,aves
mouful1,Mountain Fulvetta,aves
brcful1,Brown-cheeked Fulvetta,aves
javful1,Javan Fulvetta,aves
strbul2,Striated Bulbul,aves
runwhi1,Rufous-naped Bellbird,aves
barpar2,Barbary Partridge,aves
chukar,Chukar,aves
rocpar2,Rock Partridge,aves
przpar1,Przevalski's Partridge,aves
arapar1,Arabian Partridge,aves
phipar1,Philby's Partridge,aves
relpar1,Red-legged Partridge,aves
mabpig1,Madagascar Blue-Pigeon,aves
mabpig2,Mauritius Blue-Pigeon,aves
sebpig1,Seychelles Blue-Pigeon,aves
cobpig1,Comoro Blue-Pigeon,aves
stttyr1,Strange-tailed Tyrant,aves
cottyr1,Cock-tailed Tyrant,aves
ausbrt1,Australian Brushturkey,aves
338899,Floury Baker,insecta
ficale2,Fire-crested Alethe,aves
ficale3,White-tailed Alethe,aves
yefpar5,Yellow-faced Parrot,aves
mokpar1,Moluccan King-Parrot,aves
pakpar1,Papuan King-Parrot,aves
aukpar1,Australian King-Parrot,aves
doveki,Dovekie,aves
scbthr,Scaly-breasted Thrasher,aves
43464,Allen's Swamp Monkey,mammalia
26159,American Alligator,reptilia
21211,Spotted-thighed Poison Frog,amphibia
64873,Striped Rocket Frog,amphibia
129244,Allard's Ground Cricket,insecta
143387,Striped Ground Cricket,insecta
205857,Gray Ground Cricket,insecta
1424274,Choctaw ground cricket,insecta
485770,Southern Ground Cricket,insecta
1270650,Salt-Marsh Ground Cricket,insecta
213029,Tinkling Ground Cricket,insecta
501403,Walker's Ground Cricket,insecta
gycbul3,Brown-cheeked Bulbul,aves
whtbul1,White-throated Bulbul,aves
gytbul1,Gray-throated Bulbul,aves
ochbul2,Ochraceous Bulbul,aves
putbul1,Puff-throated Bulbul,aves
yebbul2,Yellow-bellied Bulbul,aves
ochbul3,Penan Bulbul,aves
gycbul2,Gray-cheeked Bulbul,aves
tahswa2,Tawny-headed Swallow,aves
egygoo,Egyptian Goose,aves
reushe1,Reunion Shelduck,aves
maushe1,Mauritius Shelduck,aves
74051,Ursine Howler Monkey,mammalia
43441,Red-handed Howler Monkey,mammalia
43435,Black-and-gold Howler Monkey,mammalia
74052,Spix's Red-handed Howler Monkey,mammalia
74053,Brown Howler Monkey,mammalia
74055,Guianan Red Howler Monkey,mammalia
43436,Mantled Howler Monkey,mammalia
43439,Yucatán Black Howler Monkey,mammalia
43438,Bolivian Red Howler Monkey,mammalia
566513,Colombian Red Howler Monkey,mammalia
74058,Maranhao Red-handed Howler Monkey,mammalia
1629047,Catalonian Midwife Toad,amphibia
24475,Iberian Midwife Toad,amphibia
24473,Common Midwife Toad,amphibia
rehfin1,Red-headed Finch,aves
cutthr1,Cut-throat,aves
legrob1,Lesser Ground-Robin,aves
grgrob1,Greater Ground-Robin,aves
redava,Red Avadavat,aves
grnava1,Green Avadavat,aves
zebwax2,Zebra Waxbill,aves
unicra1,Uniform Crake,aves
isabuh1,Isabelline Bush-hen,aves
talbuh1,Talaud Bush-hen,aves
rutbuh1,Pale-vented Bush-hen,aves
plabuh1,Plain Bush-hen,aves
whbwat1,White-breasted Waterhen,aves
blusee4,Ecuadorian Seedeater,aves
carsee1,Carrizal Seedeater,aves
blusee1,Blue Seedeater,aves
blbsee3,Blackish-blue Seedeater,aves
honeme1,Honduran Emerald,aves
cinhum1,Cinnamon Hummingbird,aves
rtlhum,Rufous-tailed Hummingbird,aves
bubhum,Buff-bellied Hummingbird,aves
amahum1,Amazilia Hummingbird,aves
bufpar,Turquoise-fronted Amazon,aves
blbpar1,Black-billed Amazon,aves
whfpar1,White-fronted Amazon,aves
orwpar,Orange-winged Amazon,aves
renpar1,Red-necked Amazon,aves
yenpar1,Yellow-naped Amazon,aves
relpar10,Red-lored Amazon,aves
yespar1,Yellow-shouldered Amazon,aves
retpar1,Red-tailed Amazon,aves
yebpar1,Yellow-billed Amazon,aves
relpar4,Diademed Amazon,aves
blcpar2,Blue-cheeked Amazon,aves
meapar,Mealy Amazon,aves
fespar1,Festive Amazon,aves
licpar,Lilac-crowned Amazon,aves
stvpar1,St. Vincent Amazon,aves
imppar1,Imperial Amazon,aves
kawpar1,Kawall's Amazon,aves
cubpar1,Cuban Amazon,aves
relpar9,Lilacine Amazon,aves
scnpar1,Scaly-naped Amazon,aves
ywcpar,Yellow-crowned Amazon,aves
yehpar,Yellow-headed Amazon,aves
respar2,Red-spectacled Amazon,aves
rebpar7,Red-browed Amazon,aves
tucpar1,Tucuman Amazon,aves
hispar1,Hispaniolan Amazon,aves
stlpar1,St. Lucia Amazon,aves
vinpar1,Vinaceous-breasted Amazon,aves
recpar,Red-crowned Amazon,aves
purpar1,Puerto Rican Amazon,aves
yelpar1,Yellow-lored Amazon,aves
bratea1,Brazilian Teal,aves
yebcac1,Yellow-billed Cacique,aves
362371,Clicker Round-winged Katydid,insecta
130354,Florida Oblong-winged Katydid,insecta
256584,Texas false katydid,insecta
213322,Oblong-winged Katydid,insecta
213323,Rattler Round-winged Katydid,insecta
gofbow1,Golden-fronted Bowerbird,aves
vogbow2,Vogelkop Bowerbird,aves
macbow2,MacGregor's Bowerbird,aves
strbow1,Streaked Bowerbird,aves
growea1,Grosbeak Weaver,aves
schbla1,Scarlet-headed Blackbird,aves
64906,Three-striped Poison Frog,amphibia
517357,Common River Frog,amphibia
64912,Cape River Frog,amphibia
464495,Poynton's River Frog,amphibia
anglar1,Angola Lark,aves
collar1,Collared Lark,aves
flalar1,Flappet Lark,aves
yebspa1,Yellow-browed Sparrow,aves
graspa1,Grassland Sparrow,aves
graspa,Grasshopper Sparrow,aves
batlar1,Bar-tailed Lark,aves
deslar1,Desert Lark,aves
rutlar2,Rufous-tailed Lark,aves
gralar2,Gray's Lark,aves
gybant1,Gray-bellied Antbird,aves
sespar1,See-see Partridge,aves
sanpar1,Sand Partridge,aves
46256,Harris' Antelope Squirrel,mammalia
46253,Texas Antelope Squirrel,mammalia
46255,White-tailed Antelope Squirrel,mammalia
46254,Nelson's Antelope Squirrel,mammalia
sstspa,Saltmarsh Sparrow,aves
lecspa,LeConte's Sparrow,aves
seaspa,Seaside Sparrow,aves
nstspa,Nelson's Sparrow,aves
42422,Aoudad,mammalia
gocmyn1,Golden-crested Myna,aves
scafru1,Scaled Fruiteater,aves
reccot1,Red-crested Cotinga,aves
chccot1,Chestnut-crested Cotinga,aves
gyhant1,Gray-headed Antbird,aves
342370,Clapping Cicada,insecta
342372,Chirping Cicada,insecta
81881,Chorus Cicada,insecta
bktspa,Black-throated Sparrow,aves
fisspa,Five-striped Sparrow,aves
kalgra1,Kalkadoon Grasswren,aves
grygra1,Gray Grasswren,aves
cargra2,Carpentarian Grasswren,aves
eyrgra1,Eyrean Grasswren,aves
blagra1,Black Grasswren,aves
shtgra1,Short-tailed Grasswren,aves
thbgra4,Thick-billed Grasswren,aves
sangra1,Sandhill Grasswren,aves
dusgra1,Dusky Grasswren,aves
rusgra1,Opalton Grasswren,aves
strgra2,Striated Grasswren,aves
thbgra1,Western Grasswren,aves
strgra4,Pilbara Grasswren,aves
whtgra1,White-throated Grasswren,aves
whbfog1,White-browed Foliage-gleaner,aves
obfgle2,Ochre-breasted Foliage-gleaner,aves
rutfog1,Rufous-tailed Foliage-gleaner,aves
mofgle1,Montane Foliage-gleaner,aves
stfgle1,Scaly-throated Foliage-gleaner,aves
prisun2,Principe Sunbird,aves
newsun2,Newton's Sunbird,aves
reisun2,Reichenbach's Sunbird,aves
ducfog1,Dusky-cheeked Foliage-gleaner,aves
wcfgle1,White-collared Foliage-gleaner,aves
143905,Mormon Cricket,insecta
abttyr1,Ash-breasted Tit-Tyrant,aves
jfttyr1,Juan Fernandez Tit-Tyrant,aves
ybttyr1,Yellow-billed Tit-Tyrant,aves
bkctit1,Black-crested Tit-Tyrant,aves
tuttyr1,Tufted Tit-Tyrant,aves
pcttyr1,Pied-crested Tit-Tyrant,aves
rehwea3,Red Weaver,aves
rehwea1,Red-headed Weaver,aves
208191,Golden Emperor,insecta
kenplo1,Kentish Plover,aves
punplo1,Puna Plover,aves
casplo1,Caspian Plover,aves
lessap1,Tibetan Sand-Plover,aves
dobplo1,Double-banded Plover,aves
colplo1,Collared Plover,aves
whfplo2,White-faced Plover,aves
twbplo1,Two-banded Plover,aves
wrybil1,Wrybill,aves
javplo1,Javan Plover,aves
grsplo,Greater Sand-Plover,aves
whfplo1,White-fronted Plover,aves
lessap2,Siberian Sand-Plover,aves
mouplo,Mountain Plover,aves
snoplo5,Snowy Plover,aves
rebdot1,Red-breasted Dotterel,aves
chbplo1,Chestnut-banded Plover,aves
kitplo1,Kittlitz's Plover,aves
malplo1,Malaysian Plover,aves
recplo1,Red-capped Plover,aves
sthplo1,St. Helena Plover,aves
madplo1,Madagascar Plover,aves
oriplo1,Oriental Plover,aves
wilplo,Wilson's Plover,aves
norpin,Northern Pintail,aves
andtea1,Andaman Teal,aves
spetea3,Andean Teal,aves
auitea1,Auckland Islands Teal,aves
whcpin,White-cheeked Pintail,aves
bertea1,Bernier's Teal,aves
captea1,Cape Teal,aves
chetea1,Chestnut Teal,aves
brotea1,Brown Teal,aves
gnwtea,Green-winged Teal,aves
mexduc,Mexican Duck,aves
eatpin1,Eaton's Pintail,aves
rebduc1,Red-billed Duck,aves
yebtea1,Yellow-billed Teal,aves
motduc,Mottled Duck,aves
yebpin1,Yellow-billed Pintail,aves
suntea1,Sunda Teal,aves
gretea1,Gray Teal,aves
layduc,Laysan Duck,aves
phiduc1,Philippine Duck,aves
melduc1,Meller's Duck,aves
caitea1,Campbell Islands Teal,aves
mallar3,Mallard,aves
isbduc1,Indian Spot-billed Duck,aves
ambduc,American Black Duck,aves
afbduc1,African Black Duck,aves
pabduc1,Pacific Black Duck,aves
mauduc1,Mauritius Duck,aves
yebduc1,Yellow-billed Duck,aves
hawduc,Hawaiian Duck,aves
spbduc,Eastern Spot-billed Duck,aves
afrope1,African Openbill,aves
asiope1,Asian Openbill,aves
46302,Madras Treeshrew,mammalia
638953,Chirping Trig,insecta
213545,Say's Trig,insecta
765756,Fulton's Trig,insecta
460377,Pink-spotted Trig,insecta
936357,Fast-tinkling Trig,insecta
960384,Slow-tinkling Trig,insecta
466774,Spring Trig,insecta
64968,American Toad,amphibia
64970,Western Toad,amphibia
64973,Great Plains Toad,amphibia
64975,Chihuahuan Green Toad,amphibia
64977,Fowler's Toad,amphibia
64978,Canadian Toad,amphibia
64984,Red-spotted Toad,amphibia
64985,Oak Toad,amphibia
64987,Texas Toad,amphibia
64988,Southern Toad,amphibia
64989,Woodhouse's Toad,amphibia
chwhoo1,Chestnut-winged Hookbill,aves
homtou1,Hooded Mountain-Toucan,aves
gybmot1,Gray-breasted Mountain-Toucan,aves
pbmtou1,Plate-billed Mountain-Toucan,aves
bbmtou1,Black-billed Mountain-Toucan,aves
135045,Andean Poison Frog,amphibia
tobhum1,Tooth-billed Hummingbird,aves
somgre1,Sombre Greenbul,aves
papwhi1,Papuan Whipbird,aves
1603483,Angustitrella roosevelti,insecta
horscr1,Horned Screamer,aves
anhing,Anhinga,aves
darter2,Oriental Darter,aves
darter4,Australasian Darter,aves
darter3,African Darter,aves
sbmtan1,Scarlet-bellied Mountain Tanager,aves
lamtan1,Lacrimose Mountain Tanager,aves
bkcmot1,Black-cheeked Mountain Tanager,aves
bcmtan2,Black-chinned Mountain Tanager,aves
bwmtan1,Blue-winged Mountain Tanager,aves
glamac1,Glaucous Macaw,aves
hyamac1,Hyacinth Macaw,aves
indmac1,Indigo Macaw,aves
parwea1,Parasitic Weaver,aves
brther2,Broad-tipped Hermit,aves
brnhor1,Brown Hornbill,aves
buchor1,Bushy-crested Hornbill,aves
ruchor1,Rusty-cheeked Hornbill,aves
grynod1,Gray Noddy,aves
bugnod,Blue-gray Noddy,aves
blknod,Black Noddy,aves
brnnod,Brown Noddy,aves
lesnod1,Lesser Noddy,aves
gwfgoo,Greater White-fronted Goose,aves
gragoo,Graylag Goose,aves
pifgoo,Pink-footed Goose,aves
snogoo,Snow Goose,aves
empgoo,Emperor Goose,aves
swagoo1,Swan Goose,aves
lwfgoo,Lesser White-fronted Goose,aves
taibeg1,Taiga Bean-Goose,aves
bahgoo,Bar-headed Goose,aves
rosgoo,Ross's Goose,aves
tunbeg1,Tundra Bean-Goose,aves
maggoo1,Magpie Goose,aves
1402636,Nornalup Frog,amphibia
40187,Yellow-footed Antechinus,mammalia
whgfly1,White-gorgeted Flycatcher,aves
rubfly3,Rufous-browed Flycatcher,aves
orbsun2,Orange-breasted Sunbird,aves
tolblo1,Tolima Blossomcrown,aves
samblo1,Santa Marta Blossomcrown,aves
redwat1,Red Wattlebird,aves
bruwat1,Little Wattlebird,aves
litwat1,Western Wattlebird,aves
yelwat1,Yellow Wattlebird,aves
reghon1,Regent Honeyeater,aves
chibel1,Chatham Islands Bellbird,aves
nezbel1,New Zealand Bellbird,aves
afptit1,African Penduline-Tit,aves
foptit1,Forest Penduline-Tit,aves
soptit1,Southern Penduline-Tit,aves
mcptit1,Mouse-colored Penduline-Tit,aves
yeptit1,Yellow Penduline-Tit,aves
septit1,Sennar Penduline-Tit,aves
orphor1,Oriental Pied-Hornbill,aves
maphor1,Malabar Pied-Hornbill,aves
blahor1,Black Hornbill,aves
palhor1,Palawan Hornbill,aves
sulhor2,Sulu Hornbill,aves
antman3,Puerto Rican Mango,aves
antman2,Hispaniolan Mango,aves
jamman1,Jamaican Mango,aves
bltman1,Black-throated Mango,aves
gnbman,Green-breasted Mango,aves
verman1,Veraguan Mango,aves
grtman1,Green-throated Mango,aves
greman1,Green Mango,aves
ancsun1,Anchieta's Sunbird,aves
vitsun1,Violet-tailed Sunbird,aves
mobsun1,Mouse-brown Sunbird,aves
pltsun3,Gray-throated Sunbird,aves
wvbsun1,Western Violet-backed Sunbird,aves
pltsun2,Brown-throated Sunbird,aves
uvbsun1,Uluguru Violet-backed Sunbird,aves
kvbsun1,Eastern Violet-backed Sunbird,aves
grnsun1,Yellow-chinned Sunbird,aves
plbsun1,Plain-backed Sunbird,aves
retsun3,Red-throated Sunbird,aves
bansun1,Banded Sunbird,aves
ligsun2,Little Green Sunbird,aves
plasun1,Plain Sunbird,aves
grnsun2,Gray-chinned Sunbird,aves
sogpip1,South Georgia Pipit,aves
auspip2,Australian Pipit,aves
berpip1,Berthelot's Pipit,aves
parpip1,Paramo Pipit,aves
shtpip1,Short-tailed Pipit,aves
shbpip3,Puna Pipit,aves
buspip1,Bush Pipit,aves
tawpip1,Tawny Pipit,aves
retpip,Red-throated Pipit,aves
chapip1,Pampas Pipit,aves
yelpip2,Yellowish Pipit,aves
afrpip1,African Pipit,aves
corpip1,Correndera Pipit,aves
yetpip1,Yellow-tufted Pipit,aves
shbpip1,Short-billed Pipit,aves
blypip1,Blyth's Pipit,aves
pecpip,Pechora Pipit,aves
alppip1,Alpine Pipit,aves
helpip1,Hellmayr's Pipit,aves
olbpip,Olive-backed Pipit,aves
moupip1,Mountain Pipit,aves
sibpip1,Siberian Pipit,aves
plbpip1,Plain-backed Pipit,aves
strpip1,Striped Pipit,aves
malpip1,Malindi Pipit,aves
ocbpip1,Ochre-breasted Pipit,aves
lobpip7,Nicholson's Pipit,aves
nilpip1,Nilgiri Pipit,aves
auspip3,New Zealand Pipit,aves
woopip1,Woodland Pipit,aves
lolpip1,Long-legged Pipit,aves
yelpip3,Peruvian Pipit,aves
rocpip1,Rock Pipit,aves
meapip1,Meadow Pipit,aves
ricpip1,Richard's Pipit,aves
rospip1,Rosy Pipit,aves
amepip2,American Pipit,aves
rtweye1,Madanga,aves
oripip1,Paddyfield Pipit,aves
lobpip1,Long-billed Pipit,aves
sokpip1,Sokoke Pipit,aves
watpip1,Water Pipit,aves
sprpip,Sprague's Pipit,aves
uplpip1,Upland Pipit,aves
trepip,Tree Pipit,aves
bufpip1,Buffy Pipit,aves
sarcra1,Sarus Crane,aves
sancra,Sandhill Crane,aves
brolga1,Brolga,aves
whncra1,White-naped Crane,aves
42429,Pronghorn,mammalia
sptnig1,Spot-tailed Nightjar,aves
souwpw1,Mexican Whip-poor-will,aves
yucnig1,Yucatan Nightjar,aves
chwwid,Chuck-will's-widow,aves
granig2,Cuban Nightjar,aves
granig3,Hispaniolan Nightjar,aves
purnig1,Puerto Rican Nightjar,aves
bucnig,Buff-collared Nightjar,aves
rufnig1,Rufous Nightjar,aves
tacnig1,Tawny-collared Nightjar,aves
dusnig1,Dusky Nightjar,aves
sitnig1,Silky-tailed Nightjar,aves
easwpw1,Eastern Whip-poor-will,aves
40614,Pallid Bat,mammalia
forbla1,Forbes's Blackbird,aves
firgat1,Firewood-gatherer,aves
322919,Common Short-tailed Cricket,insecta
322920,Indies Short-tailed Cricket,insecta
chhcra1,Chestnut-headed Crake,aves
74066,Azara’s Night Monkey,mammalia
43417,Colombian Night Monkey,mammalia
43418,Andean Night Monkey,mammalia
43414,Black-headed Night Monkey,mammalia
43422,Spix's Night Monkey,mammalia
sumtro1,Sumatran Trogon,aves
javtro1,Javan Trogon,aves
brhapa1,Brown-headed Apalis,aves
kunapa1,Kungwe Apalis,aves
bamapa1,Bamenda Apalis,aves
masapa1,Masked Apalis,aves
chaapa1,Chapin's Apalis,aves
whwapa1,White-winged Apalis,aves
chiapa1,Chirinda Apalis,aves
gryapa1,Gray Apalis,aves
yebapa1,Yellow-breasted Apalis,aves
batapa3,Yellow-throated Apalis,aves
batapa4,Taita Apalis,aves
gosapa1,Gosling's Apalis,aves
bltapa1,Black-throated Apalis,aves
chtapa2,Kabobo Apalis,aves
karapa2,Karamoja Apalis,aves
batapa5,Namuli Apalis,aves
blhapa1,Black-headed Apalis,aves
blcapa1,Black-capped Apalis,aves
blfapa1,Black-faced Apalis,aves
chtapa3,Chestnut-throated Apalis,aves
rudapa1,Rudd's Apalis,aves
butapa1,Buff-throated Apalis,aves
shaapa2,Sharpe's Apalis,aves
karapa3,Maasai Apalis,aves
batapa2,Bar-throated Apalis,aves
bactro1,Bare-cheeked Trogon,aves
nartro1,Narina Trogon,aves
battro1,Bar-tailed Trogon,aves
bonhon1,Bonin White-eye,aves
redrai1,Red Rail,aves
sthcra1,St. Helena Rail,aves
blbfly1,Black-billed Flycatcher,aves
tacfly1,Tawny-chested Flycatcher,aves
souwhi1,Southern Whiteface,aves
banwhi1,Banded Whiteface,aves
chbwhi1,Chestnut-breasted Whiteface,aves
cowscj1,California Scrub-Jay,aves
flsjay,Florida Scrub-Jay,aves
issjay,Island Scrub-Jay,aves
mexjay3,Transvolcanic Jay,aves
unijay1,Unicolored Jay,aves
mexjay4,Mexican Jay,aves
wooscj2,Woodhouse's Scrub-Jay,aves
masray1,Masafuera Rayadito,aves
thtray1,Thorn-tailed Rayadito,aves
kerpet2,Kerguelen Petrel,aves
338194,Asian Honey Bee,insecta
47219,Western Honey Bee,insecta
65021,Bocaina Tree Frog,amphibia
65029,Guinle Tree Frog,amphibia
24443,Canebrake Tree Frog,amphibia
samsta1,Samoan Starling,aves
whesta2,White-eyed Starling,aves
sinsta1,Singing Starling,aves
rarsta1,Rarotonga Starling,aves
kossta1,Kosrae Starling,aves
tansta1,Tanimbar Starling,aves
sacsta1,Makira Starling,aves
atosta1,Atoll Starling,aves
norsta1,Tasman Starling,aves
brwsta1,Brown-winged Starling,aves
rensta1,Rennell Starling,aves
lotsta1,Long-tailed Starling,aves
myssta1,Mysterious Starling,aves
metsta1,Metallic Starling,aves
shtsta1,Short-tailed Starling,aves
molsta1,Moluccan Starling,aves
yeesta1,Yellow-eyed Starling,aves
micsta1,Micronesian Starling,aves
asgsta1,Asian Glossy Starling,aves
pohsta1,Pohnpei Starling,aves
mousta1,Mountain Starling,aves
strsta1,Striated Starling,aves
polsta1,Polynesian Starling,aves
ruwsta1,Rusty-winged Starling,aves
lemdov2,Lemon Dove,aves
45562,European Wood Mouse,mammalia
yapant1,Yapacana Antbird,aves
rewpar1,Red-winged Parrot,aves
olspar1,Olive-shouldered Parrot,aves
emppen1,Emperor Penguin,aves
kinpen1,King Penguin,aves
sobkiw1,Southern Brown Kiwi,aves
nibkiw1,North Island Brown Kiwi,aves
grskiw1,Great Spotted Kiwi,aves
liskiw1,Little Spotted Kiwi,aves
okbkiw1,Okarito Brown Kiwi,aves
darswi1,Dark-rumped Swift,aves
litswi1,Little Swift,aves
aleswi1,Cape Verde Swift,aves
comswi,Common Swift,aves
madswi1,Malagasy Swift,aves
afrswi1,African Swift,aves
batswi1,Bates's Swift,aves
fowswi1,Forbes-Watson's Swift,aves
braswi1,Bradfield's Swift,aves
whrswi1,White-rumped Swift,aves
cooswi1,Cook's Swift,aves
horswi1,Horus Swift,aves
blyswi1,Blyth's Swift,aves
nyaswi1,Nyanza Swift,aves
houswi1,House Swift,aves
fotswi1,Pacific Swift,aves
palswi3,Pallid Swift,aves
saaswi1,Salim Ali's Swift,aves
plaswi1,Plain Swift,aves
spaeag1,Spanish Eagle,aves
cashae1,Cassin's Hawk-Eagle,aves
weteag1,Wedge-tailed Eagle,aves
goleag,Golden Eagle,aves
boneag2,Bonelli's Eagle,aves
gureag1,Gurney's Eagle,aves
impeag1,Imperial Eagle,aves
steeag1,Steppe Eagle,aves
taweag1,Tawny Eagle,aves
afrhae1,African Hawk-Eagle,aves
vereag1,Verreaux's Eagle,aves
grgmac,Great Green Macaw,aves
baymac,Blue-and-yellow Macaw,aves
ragmac1,Red-and-green Macaw,aves
bltmac1,Blue-throated Macaw,aves
scamac1,Scarlet Macaw,aves
milmac,Military Macaw,aves
refmac1,Red-fronted Macaw,aves
chfmac1,Chestnut-fronted Macaw,aves
cubmac1,Cuban Macaw,aves
stbspi2,Streaky-breasted Spiderhunter,aves
yeespi1,Yellow-eared Spiderhunter,aves
nafspi1,Naked-faced Spiderhunter,aves
thbspi1,Thick-billed Spiderhunter,aves
palspi2,Pale Spiderhunter,aves
borspi1,Bornean Spiderhunter,aves
ortspi1,Orange-tufted Spiderhunter,aves
spespi2,Spectacled Spiderhunter,aves
whispi1,Whitehead's Spiderhunter,aves
litspi1,Little Spiderhunter,aves
strspi1,Streaked Spiderhunter,aves
gybspi2,Gray-breasted Spiderhunter,aves
lobspi1,Long-billed Spiderhunter,aves
runwor1,Russet-naped Wood-Rail,aves
rnwrai1,Rufous-necked Wood-Rail,aves
gycwor1,Gray-cowled Wood-Rail,aves
rwwrai1,Red-winged Wood-Rail,aves
liwrai1,Little Wood-Rail,aves
sbwrai1,Slaty-breasted Wood-Rail,aves
brwrai1,Brown Wood-Rail,aves
giwrai1,Giant Wood-Rail,aves
plarai1,Snoring Rail,aves
limpki,Limpkin,aves
gocpar2,Golden-capped Parakeet,aves
janpar1,Jandaya Parakeet,aves
subpar1,Sulphur-breasted Parakeet,aves
bkhpar,Nanday Parakeet,aves
sunpar1,Sun Parakeet,aves
duhpar,Dusky-headed Parakeet,aves
haipar1,Hainan Partridge,aves
whcpar1,White-cheeked Partridge,aves
babpar1,Bar-backed Partridge,aves
chhpar1,Chestnut-headed Partridge,aves
gybpar3,Malayan Partridge,aves
taipar1,Taiwan Partridge,aves
ornpar1,Orange-necked Partridge,aves
whnpar2,White-necklaced Partridge,aves
rebpar5,Red-breasted Partridge,aves
chbpar1,Chestnut-bellied Partridge,aves
chbpar2,Chestnut-breasted Partridge,aves
gybpar4,Gray-breasted Partridge,aves
gybpar5,Roll's Partridge,aves
rebpar3,Red-billed Partridge,aves
sicpar1,Sichuan Partridge,aves
rutpar1,Rufous-throated Partridge,aves
gybpar6,Sumatran Partridge,aves
hilpar1,Hill Partridge,aves
dapthr1,Dapple-throat,aves
arcbow1,Archbold's Bowerbird,aves
bkchum,Black-chinned Hummingbird,aves
rthhum,Ruby-throated Hummingbird,aves
41752,Long-nosed Fur Seal,mammalia
41751,Antarctic Fur Seal,mammalia
41742,Brown Fur Seal,mammalia
465117,Large Banded Grasshopper,insecta
greegr,Great Egret,aves
integr3,Yellow-billed Egret,aves
graher1,Gray Heron,aves
cocher1,Cocoi Heron,aves
categr2,Eastern Cattle-Egret,aves
golher1,Goliath Heron,aves
grbher3,Great Blue Heron,aves
humher1,Humblot's Heron,aves
categr1,Western Cattle-Egret,aves
whbher2,White-bellied Heron,aves
integr1,Medium Egret,aves
blhher1,Black-headed Heron,aves
pacher1,Pacific Heron,aves
integr2,Plumed Egret,aves
purher1,Purple Heron,aves
grbher2,Great-billed Heron,aves
bulshe,Buller's Shearwater,aves
flfshe,Flesh-footed Shearwater,aves
pifshe,Pink-footed Shearwater,aves
greshe,Great Shearwater,aves
sooshe,Sooty Shearwater,aves
wetshe,Wedge-tailed Shearwater,aves
shtshe,Short-tailed Shearwater,aves
chpher1,Chinese Pond-Heron,aves
inpher1,Indian Pond-Heron,aves
mapher1,Malagasy Pond-Heron,aves
squher1,Squacco Heron,aves
rubher2,Rufous-bellied Heron,aves
japher1,Javan Pond-Heron,aves
arabus1,Arabian Bustard,aves
ausbus1,Australian Bustard,aves
korbus1,Kori Bustard,aves
indbus1,Great Indian Bustard,aves
rudtur,Ruddy Turnstone,aves
blktur,Black Turnstone,aves
grearg1,Great Argus,aves
yebbab1,Yellow-billed Babbler,aves
irabab1,Iraq Babbler,aves
scacha1,Scaly Chatterer,aves
combab3,Common Babbler,aves
ashlau1,Ashy-headed Laughingthrush,aves
strbab1,Striated Babbler,aves
fulcha1,Fulvous Chatterer,aves
whtbab1,White-throated Babbler,aves
combab1,Afghan Babbler,aves
slbbab1,Slender-billed Babbler,aves
lagbab2,Large Gray Babbler,aves
rufcha2,Rufous Chatterer,aves
orbbab1,Orange-billed Babbler,aves
arabab1,Arabian Babbler,aves
junbab2,Jungle Babbler,aves
rufbab3,Rufous Babbler,aves
easmog3,Yellow-throated Mountain Greenbul,aves
easmog4,Black-browed Mountain Greenbul,aves
easmog5,Kikuyu Mountain Greenbul,aves
shegre1,Shelley's Greenbul,aves
stcgre2,Stripe-cheeked Greenbul,aves
camgre2,Cameroon Mountain Greenbul,aves
easmog6,Uluguru Mountain Greenbul,aves
easmog2,Black-headed Mountain Greenbul,aves
542299,Olive-headed Greenbul,aves
wesmog1,Western Mountain Greenbul,aves
abbsta2,Abbott's Starling,aves
bkcspa1,Black-capped Sparrow,aves
sthbrf8,Gray-browed Brushfinch,aves
sthbrf1,Black-headed Brushfinch,aves
orbspa1,Orange-billed Sparrow,aves
pecspa2,Yellow-mandibled Sparrow,aves
sthbrf4,Sierra Nevada Brushfinch,aves
ccbfin,Chestnut-capped Brushfinch,aves
olifin1,Olive Finch,aves
sthbrf3,Costa Rican Brushfinch,aves
soffin1,Sooty-faced Finch,aves
sabspa4,Moss-backed Sparrow,aves
sabspa1,Saffron-billed Sparrow,aves
safspa1,Sao Francisco Sparrow,aves
bkcspa2,Marañon Sparrow,aves
sthbrf5,Perija Brushfinch,aves
sthbrf6,Caracas Brushfinch,aves
sthbrf7,Paria Brushfinch,aves
gowspa1,Golden-winged Sparrow,aves
hacspa1,Half-collared Sparrow,aves
pecspa3,Pectoral Sparrow,aves
sthbrf2,White-browed Brushfinch,aves
gsbfin1,Green-striped Brushfinch,aves
grbspa1,Green-backed Sparrow,aves
blsspa1,Black-striped Sparrow,aves
olispa,Olive Sparrow,aves
tocspa1,Tocuyo Sparrow,aves
rucmon1,Ochre-collared Monarch,aves
piemon1,Pied Monarch,aves
frnmon1,Frill-necked Monarch,aves
frimon1,Frilled Monarch,aves
whhvan1,White-headed Vanga,aves
blfwoo1,Black-faced Woodswallow,aves
duswoo1,Dusky Woodswallow,aves
ashwoo2,Ashy Woodswallow,aves
biswoo1,Bismarck Woodswallow,aves
whbwoo4,White-breasted Woodswallow,aves
grewoo1,Great Woodswallow,aves
fijwoo1,Fiji Woodswallow,aves
litwoo4,Little Woodswallow,aves
whbwoo8,Ivory-backed Woodswallow,aves
maswoo1,Masked Woodswallow,aves
whbwoo5,White-browed Woodswallow,aves
belspa2,Bell's Sparrow,aves
sagspa1,Sagebrush Sparrow,aves
555251,Riviersonderend Moss Frog,amphibia
555252,Drakenstein Moss Frog,amphibia
25321,Drewes' moss frog,amphibia
555253,Kogelberg Moss Frog,amphibia
25322,Landdross Moss frog,amphibia
25324,Peninsula Moss Frog,amphibia
70455,Rough Moss Frog,amphibia
25328,Northern Moss Frog,amphibia
25325,De Villiers's Moss Frog,amphibia
326305,Common Squeaker,amphibia
24583,Bush Squeaker,amphibia
65061,Dwarf Squeaker,amphibia
41005,Jamaican Fruit-eating Bat,mammalia
41006,Great Fruit-eating Bat,mammalia
afrtai2,African Tailorbird,aves
lobtai1,Long-billed Tailorbird,aves
soofly1,Sooty Flycatcher,aves
ussfly1,Ussher's Flycatcher,aves
thbwar1,Thick-billed Warbler,aves
whmtyr1,White-headed Marsh Tyrant,aves
208181,mangrove cicada,insecta
208182,White Drummer,insecta
67819,European Water Vole,mammalia
whwduc1,White-winged Duck,aves
183176,Geoffroy's Trident Leaf-nosed Bat,mammalia
soogra2,Sooty Grassquit,aves
ducgra2,Dull-colored Grassquit,aves
descha1,Gibberbird,aves
1669874,Brown Speckled Cicada,insecta
aleowl1,Abyssinian Owl,aves
marowl2,Marsh Owl,aves
strowl1,Striped Owl,aves
sheowl,Short-eared Owl,aves
jamowl1,Jamaican Owl,aves
mleowl1,Madagascar Owl,aves
loeowl,Long-eared Owl,aves
feaowl1,Fearful Owl,aves
styowl1,Stygian Owl,aves
bltmot1,Blue-throated Motmot,aves
25240,Pouched Frog,amphibia
auscan1,Austral Canastero,aves
crbcan4,Dark-winged Canastero,aves
vilthi3,Ayacucho Thistletail,aves
shbcan1,Short-billed Canastero,aves
bercan1,Berlepsch's Canastero,aves
ocbthi1,Ochre-browed Thistletail,aves
crbcan2,Rusty-vented Canastero,aves
mascan1,Many-striped Canastero,aves
whcthi1,White-chinned Thistletail,aves
mocthi1,Mouse-colored Thistletail,aves
bltthi1,Black-throated Thistletail,aves
punthi1,Puna Thistletail,aves
maqcan1,Maquis Canastero,aves
crbcan3,Pale-tailed Canastero,aves
hudcan1,Hudson's Canastero,aves
sttcan1,Streak-throated Canastero,aves
cipcan1,Cipo Canastero,aves
sctcan1,Scribble-tailed Canastero,aves
corcan1,Cordilleran Canastero,aves
itaspi1,Itatiaia Spinetail,aves
rufcan1,Rusty-fronted Canastero,aves
eyrthi1,Eye-ringed Thistletail,aves
perthi1,Perija Thistletail,aves
cancan1,Canyon Canastero,aves
shbcan2,Sharp-billed Canastero,aves
lifcan1,Line-fronted Canastero,aves
vilthi2,Vilcabamba Thistletail,aves
juncan1,Junin Canastero,aves
stbcan9,Streak-backed Canastero,aves
ritast1,Ribbon-tailed Astrapia,aves
arfast1,Arfak Astrapia,aves
huoast1,Huon Astrapia,aves
splast1,Splendid Astrapia,aves
prsast1,Stephanie's Astrapia,aves
norgos,American Goshawk,aves
bichaw1,Bicolored Hawk,aves
bichaw4,Chilean Hawk,aves
coohaw,Cooper's Hawk,aves
norgos1,Eurasian Goshawk,aves
gunhaw1,Gundlach's Hawk,aves
hengos1,Henst's Goshawk,aves
blagos1,Black Goshawk,aves
meygos1,Meyer's Goshawk,aves
peptyr1,Pale-eyed Pygmy-Tyrant,aves
43406,White-bellied Spider Monkey,mammalia
43410,Black-faced Black Spider Monkey,mammalia
43409,Brown-headed Spider Monkey,mammalia
43411,Central American Spider Monkey,mammalia
74091,Long-haired spider monkey,mammalia
43407,White-cheeked Spider Monkey,mammalia
43408,Guiana Spider Monkey,mammalia
42097,Short-eared Dog,mammalia
rhgrol1,Rufous-headed Ground-Roller,aves
plgrol1,Pitta-like Ground-Roller,aves
forowl1,Forest Owlet,aves
spoowl1,Spotted Owlet,aves
burowl,Burrowing Owl,aves
solboo2,Guadalcanal Owl,aves
solboo1,West Solomons Owl,aves
solboo3,Malaita Owl,aves
litowl1,Little Owl,aves
solboo4,Makira Owl,aves
whbowl1,White-browed Owl,aves
41919,Marsh Mongoose,mammalia
yetgre2,Yellow-gorgeted Greenbul,aves
patgre1,Pale-throated Greenbul,aves
214585,Protean Shieldback,insecta
46241,Barbary Ground Squirrel,mammalia
whbfin1,White-headed Brushfinch,aves
wnbfin1,White-naped Brushfinch,aves
mobfin1,Moustached Brushfinch,aves
antbrf1,Antioquia Brushfinch,aves
cuzbrf1,Cuzco Brushfinch,aves
ysbfin1,Yellow-striped Brushfinch,aves
tribrf1,Choco Brushfinch,aves
yehbrf1,Yellow-headed Brushfinch,aves
apubrf1,Apurimac Brushfinch,aves
fhbfin1,Fulvous-headed Brushfinch,aves
dhbfin1,Dusky-headed Brushfinch,aves
yebbru2,Yellow-breasted Brushfinch,aves
wrbfin1,White-rimmed Brushfinch,aves
wwbfin1,White-winged Brushfinch,aves
yegfin1,Yellow-green Brushfinch,aves
smbfin1,Santa Marta Brushfinch,aves
bkfbrf1,Black-faced Brushfinch,aves
bksbrf1,Black-spectacled Brushfinch,aves
rbbfin1,Rusty-bellied Brushfinch,aves
yebbru1,Black-fronted Brushfinch,aves
phbfin1,Pale-headed Brushfinch,aves
pnbfin1,Pale-naped Brushfinch,aves
tebfin1,Tepui Brushfinch,aves
rcbfin1,Rufous-capped Brushfinch,aves
rebfin1,Rufous-eared Brushfinch,aves
rnbfin1,Bolivian Brushfinch,aves
slabru1,Northern Slaty Brushfinch,aves
bcbfin1,Bay-crowned Brushfinch,aves
obbfin1,Ochre-breasted Brushfinch,aves
slabru2,Peruvian Slaty Brushfinch,aves
vilbrf1,Vilcabamba Brushfinch,aves
yetfin1,Yellow-thighed Brushfinch,aves
tribrf2,Golden-crowned Brushfinch,aves
1579517,Adelaide Black Squeaker,insecta
525676,Sandstone Squeaker,insecta
900533,Bark Squeaker,insecta
1158197,South-western Bark Squeaker,insecta
525672,Black Squeaker,insecta
525677,Southern Mountain Squeaker,insecta
1038868,Small Bark Squeaker,insecta
nosbir1,Noisy Scrub-bird,aves
rusbir1,Rufous Scrub-bird,aves
forswa2,Forest Swallow,aves
rubsee2,Rufous-bellied Seedsnipe,aves
whbsee2,White-bellied Seedsnipe,aves
whbswa2,White-banded Swallow,aves
blcswa1,Black-capped Swallow,aves
whtswa1,White-thighed Swallow,aves
ducatt1,Dull-capped Attila,aves
cinatt1,Cinnamon Attila,aves
cibatt1,Citron-bellied Attila,aves
rutatt1,Rufous-tailed Attila,aves
gyhatt1,Gray-hooded Attila,aves
brratt1,Bright-rumped Attila,aves
ochatt1,Ochraceous Attila,aves
hoovis2,Hooded Visorbearer,aves
hyavis1,Hyacinth Visorbearer,aves
souemt1,Southern Emerald-Toucanet,aves
blbtou1,Blue-banded Toucanet,aves
chttou3,Chestnut-tipped Toucanet,aves
crrtou1,Crimson-rumped Toucanet,aves
yebtou1,Yellow-browed Toucanet,aves
noremt1,Northern Emerald-Toucanet,aves
grbtou1,Groove-billed Toucanet,aves
chttou2,Tepui Toucanet,aves
verdin,Verdin,aves
740142,Auritibicen japonicus,insecta
525681,Creaking Branch Cicada,insecta
765537,White-striped Free-tailed Bat,mammalia
410758,Olive-green Coastal Katydid,insecta
butfog9,Fawn-throated Foliage-gleaner,aves
butfog4,Chiriqui Foliage-gleaner,aves
obfgle3,Olive-backed Foliage-gleaner,aves
perfog1,Pernambuco Foliage-gleaner,aves
wefgle1,White-eyed Foliage-gleaner,aves
brfgle1,Brown-rumped Foliage-gleaner,aves
btfgle1,Ochre-throated Foliage-gleaner,aves
parfog1,Para Foliage-gleaner,aves
ccfgle2,Chestnut-crowned Foliage-gleaner,aves
strwoo4,Eastern Woodhaunter,aves
strwoo5,Western Woodhaunter,aves
43606,Gmelin's Woolly Lemur,mammalia
afrcuh1,African Cuckoo-Hawk,aves
jerbaz1,Jerdon's Baza,aves
blabaz1,Black Baza,aves
madcuh1,Madagascar Cuckoo-Hawk,aves
pacbaz1,Pacific Baza,aves
fitawl1,Fiery-tailed Awlbill,aves
42166,Chital,mammalia
lessca,Lesser Scaup,aves
redhea,Redhead,aves
wheduc1,Hardhead,aves
baepoc1,Baer's Pochard,aves
rinduc,Ring-necked Duck,aves
compoc,Common Pochard,aves
tufduc,Tufted Duck,aves
madpoc1,Madagascar Pochard,aves
gresca,Greater Scaup,aves
nezsca1,New Zealand Scaup,aves
ferduc,Ferruginous Duck,aves
canvas,Canvasback,aves
blctit4,Black-crested Titmouse,aves
tuftit,Tufted Titmouse,aves
oaktit,Oak Titmouse,aves
juntit1,Juniper Titmouse,aves
britit,Bridled Titmouse,aves
sjogre1,Sjöstedt's Greenbul,aves
hongre1,Honeyguide Greenbul,aves
74103,Bowhead Whale,mammalia
shoebi1,Shoebill,aves
41549,Antarctic Minke Whale,mammalia
41562,Fin Whale,mammalia
41387,Gray Sac-winged Bat,mammalia
blccra1,Black Crowned-Crane,aves
grccra1,Gray Crowned-Crane,aves
mobpar1,Mountain Bamboo-Partridge,aves
taibap1,Taiwan Bamboo-Partridge,aves
chbpar3,Chinese Bamboo-Partridge,aves
45665,Lesser Bandicoot-rat,mammalia
bagtan1,Blue-and-gold Tanager,aves
gortan1,Gold-ringed Tanager,aves
mobtan1,Moss-backed Tanager,aves
ygbtan1,Yellow-green Tanager,aves
bagtan2,Black-and-gold Tanager,aves
goctan1,Golden-chested Tanager,aves
40581,Western Barbastelle,mammalia
473905,Common Saw Bush-cricket,insecta
polpar1,Australian Ringneck,aves
uplsan,Upland Sandpiper,aves
rufmot1,Rufous Motmot,aves
rucmot2,Rufous-capped Motmot,aves
gobwar1,Golden-browed Warbler,aves
gcrwar,Golden-crowned Warbler,aves
rucwar4,Chestnut-capped Warbler,aves
pirwar1,Pirre Warbler,aves
blcwar1,Black-cheeked Warbler,aves
thswar5,Costa Rican Warbler,aves
thswar2,Yungas Warbler,aves
rucwar,Rufous-capped Warbler,aves
thswar9,Tacarcuna Warbler,aves
thbwar2,Three-banded Warbler,aves
thswar1,Three-striped Warbler,aves
whehum,White-eared Hummingbird,aves
xanhum,Xantus's Hummingbird,aves
sulmyn1,Sulawesi Myna,aves
locmyn1,Long-crested Myna,aves
helmyn1,Helmeted Myna,aves
569557,Eastern Lowland Olingo,mammalia
569556,Western Lowland Olingo,mammalia
325998,Olinguito,mammalia
41676,Ringtail,mammalia
41675,Cacomistle,mammalia
giaant2,Giant Antshrike,aves
bkcruw1,Black-capped Rufous-Warbler,aves
bkfruw1,Black-faced Rufous-Warbler,aves
capbat10,Cape Batis,aves
darbat1,Dark Batis,aves
capbat2,Malawi Batis,aves
ruwbat1,Rwenzori Batis,aves
bkhbat1,Western Black-headed Batis,aves
woobat1,Woodwards' Batis,aves
itubat1,Ituri Batis,aves
boubat1,Boulton's Batis,aves
verbat1,Verreaux's Batis,aves
bkhbat2,Eastern Black-headed Batis,aves
angbat1,Angola Batis,aves
shtbat1,Short-tailed Batis,aves
chibat1,Chinspot Batis,aves
weabat1,West African Batis,aves
gyhbat1,Gray-headed Batis,aves
pygbat1,Pygmy Batis,aves
fepbat1,Bioko Batis,aves
pribat1,Pririt Batis,aves
senbat1,Senegal Batis,aves
palbat1,Pale Batis,aves
javfro2,Blyth's Frogmouth,aves
larfro1,Large Frogmouth,aves
palfro1,Palawan Frogmouth,aves
sunfro1,Sunda Frogmouth,aves
dulfro1,Dulit Frogmouth,aves
hodfro1,Hodgson's Frogmouth,aves
javfro3,Javan Frogmouth,aves
shtfro2,Bornean Frogmouth,aves
ceyfro1,Sri Lanka Frogmouth,aves
shtfro3,Sumatran Frogmouth,aves
phifro1,Philippine Frogmouth,aves
goufro1,Gould's Frogmouth,aves
23201,Marbled Wood Frog,amphibia
23202,Gray Wood Frog,amphibia
23203,Banded Wood Frog,amphibia
74106,Van Gelder's bat,mammalia
214956,Aridland Cicada,insecta
whchor2,White-crowned Hornbill,aves
potpal1,Point-tailed Palmcreeper,aves
berhaw1,Bermuda Hawk,aves
lobber1,Long-billed Bernieria,aves
bawfly1,Black-and-white Shrike-flycatcher,aves
whbant2,White-bearded Antshrike,aves
467020,Bicolour Meadow Bush-cricket,insecta
541377,Red Tree-ticker,insecta
470173,Black Tree-ticker,insecta
42408,American Bison,mammalia
musduc1,Musk Duck,aves
63113,Northern Short-tailed Shrew,mammalia
gyhbri1,Gray-headed Bristlebill,aves
gntbri1,Green-tailed Bristlebill,aves
lesbri1,Yellow-lored Bristlebill,aves
combri2,Red-tailed Bristlebill,aves
lesbri3,Yellow-eyed Bristlebill,aves
baywoo1,Bay Woodpecker,aves
marwoo1,Maroon Woodpecker,aves
555074,White-edged Tree Frog,amphibia
555076,Yellow-spotted Tree Frog,amphibia
555085,Bischoff's Tree Frog,amphibia
555086,Rusty Tree Frog,amphibia
555094,Rough-skinned Green Tree Frog,amphibia
555104,Blacksmith Tree Frog,amphibia
555117,Basin Tree Frog,amphibia
555123,Usina Tree Frog,amphibia
555134,Leopard Tree Frog,amphibia
1251425,Banana Tree Dwelling Frog,amphibia
555141,Burmeister's Tree Frog,amphibia
555142,Chirique-Flusse Tree Frog,amphibia
555143,Montevideo Tree Frog,amphibia
555145,Polka-dot Tree Frog,amphibia
555146,Chaco Tree Frog,amphibia
555148,Rioja Tree Frog,amphibia
555150,Rosenberg's Gladiator Frog,amphibia
martch2,Marsh Tchagra,aves
butcor1,Buff-tailed Coronet,aves
vepcor1,Velvet-purple Coronet,aves
chbcor1,Chestnut-breasted Coronet,aves
65100,Atlantic Forest Tree Frog,amphibia
guaiab1,Guaiabero,aves
rufpar1,Rufous-fronted Parakeet,aves
barpar1,Barred Parakeet,aves
andpar1,Andean Parakeet,aves
brihon1,Bridled Honeyeater,aves
eunhon1,Eungella Honeyeater,aves
24495,European Fire-Bellied Toad,amphibia
24501,Oriental Fire-bellied Toad,amphibia
556621,Yellow-bellied Toad,amphibia
118970,Common Eastern Bumble Bee,insecta
57516,Buff-tailed Bumble Bee,insecta
cedwax,Cedar Waxwing,aves
bohwax,Bohemian Waxwing,aves
japwax1,Japanese Waxwing,aves
rufgro,Ruffed Grouse,aves
74111,Gaur,mammalia
74113,Domestic Cattle,mammalia
oliibi3,Sao Tome Ibis,aves
watibi1,Wattled Ibis,aves
hadibi1,Hadada Ibis,aves
oliibi2,Olive Ibis,aves
spbibi1,Spot-breasted Ibis,aves
cinbit1,Cinnamon Bittern,aves
bkbbit1,Black-backed Bittern,aves
schbit1,Schrenck's Bittern,aves
leabit,Least Bittern,aves
blabit1,Black Bittern,aves
stbbit1,Stripe-backed Bittern,aves
amebit,American Bittern,aves
litbit1,Little Bittern,aves
nezbit1,New Zealand Bittern,aves
pinbit1,Pinnated Bittern,aves
ausbit1,Australasian Bittern,aves
yelbit,Yellow Bittern,aves
grebit1,Eurasian Bittern,aves
dwabit1,Dwarf Bittern,aves
1357183,Short-legged Horned Toad,amphibia
botwea1,Bob-tailed Weaver,aves
whtjac1,White-throated Jacamar,aves
pahjac1,Pale-headed Jacamar,aves
brojac2,Brown Jacamar,aves
dubjac1,Dusky-backed Jacamar,aves
41171,Antillean Fruit-eating Bat,mammalia
slgrol1,Short-legged Ground-Roller,aves
whbsho4,Himalayan Shortwing,aves
whbsho8,Bornean Shortwing,aves
whbsho11,Flores Shortwing,aves
whbsho6,Taiwan Shortwing,aves
rubsho1,Rusty-bellied Shortwing,aves
lessho1,Lesser Shortwing,aves
whbsho10,Javan Shortwing,aves
whbsho7,Philippine Shortwing,aves
whbsho9,Sumatran Shortwing,aves
whbsho5,Chinese Shortwing,aves
kitmur,Kittlitz's Murrelet,aves
marmur,Marbled Murrelet,aves
lobmur,Long-billed Murrelet,aves
43404,Southern Muriqui,mammalia
74115,Northern Muriqui,mammalia
dubfly2,Dusky-blue Flycatcher,aves
marfly1,Marico Flycatcher,aves
afgfly1,African Gray Flycatcher,aves
afbwar1,Little Rush Warbler,aves
banscw1,Bangwa Warbler,aves
afswar1,Barratt's Warbler,aves
bretai1,Brown Emutail,aves
wwswar1,White-winged Swamp Warbler,aves
hirwar2,Highland Rush Warbler,aves
cibwar1,Cinnamon Bracken-Warbler,aves
jrswar1,Dja River Swamp Warbler,aves
grswar1,Grauer's Swamp Warbler,aves
camscw1,Evergreen-forest Warbler,aves
gryemt1,Gray Emutail,aves
knswar1,Knysna Warbler,aves
47067,Brown-throated Three-toed Sloth,mammalia
brant,Brant,aves
cangoo,Canada Goose,aves
cacgoo1,Cackling Goose,aves
bargoo,Barnacle Goose,aves
rebgoo1,Red-breasted Goose,aves
hawgoo,Hawaiian Goose,aves
25000,Strawberry Rain Frog,amphibia
25001,Common Rain Frog,amphibia
25003,Black Rain Frog,amphibia
24999,Giant Rain Frog,amphibia
24994,Mountain Rain Frog,amphibia
25002,Mozambique Rain Frog,amphibia
24992,Rose's Rain Frog,amphibia
24990,Forest Rain Frog,amphibia
24998,Plaintive Rain Frog,amphibia
yecpar,Yellow-chevroned Parakeet,aves
gowpar2,Golden-winged Parakeet,aves
cowpar1,Cobalt-winged Parakeet,aves
orcpar,Orange-chinned Parakeet,aves
gycpar1,Gray-cheeked Parakeet,aves
tuipar1,Tui Parakeet,aves
plapar1,Plain Parakeet,aves
whwpar,White-winged Parakeet,aves
rerwax1,Black-cheeked Waxbill,aves
blcwax1,Black-faced Waxbill,aves
wbbwea1,White-billed Buffalo-Weaver,aves
rbbwea1,Red-billed Buffalo-Weaver,aves
81925,Domestic Water Buffalo,mammalia
spoeao2,Spotted Eagle-Owl,aves
pheowl1,Pharaoh Eagle-Owl,aves
roeowl1,Rock Eagle-Owl,aves
eueowl1,Eurasian Eagle-Owl,aves
caeowl1,Cape Eagle-Owl,aves
graeao1,Grayish Eagle-Owl,aves
grhowl2,Lesser Horned Owl,aves
speowl2,Arabian Eagle-Owl,aves
snoowl1,Snowy Owl,aves
grhowl,Great Horned Owl,aves
trufin2,Trumpeter Finch,aves
monfin2,Mongolian Finch,aves
yesbar1,Yellow-spotted Barbet,aves
colpuf1,Collared Puffbird,aves
chcpuf1,Chestnut-capped Puffbird,aves
socpuf1,Sooty-capped Puffbird,aves
spopuf1,Spotted Puffbird,aves
buffle,Bufflehead,aves
comgol,Common Goldeneye,aves
bargol,Barrow's Goldeneye,aves
grehor1,Great Hornbill,aves
rufhor1,Rufous Hornbill,aves
rhihor1,Rhinoceros Hornbill,aves
noghor1,Abyssinian Ground-Hornbill,aves
soghor1,Southern Ground-Hornbill,aves
363972,Cattail Conehead,insecta
1431007,Chinese Takin,mammalia
26608,Kajika Frog,amphibia
1125828,Yaeyama Kajika Frog,amphibia
710315,Ota's stream tree frog,amphibia
326296,European Toad,amphibia
134693,Spiny Toad,amphibia
992054,African Green Toad,amphibia
135060,Xinjiang toad,amphibia
1453013,Green Toad,amphibia
sshpet1,Small St. Helena Petrel,aves
bulpet,Bulwer's Petrel,aves
joupet,Jouanin's Petrel,aves
yeboxp1,Yellow-billed Oxpecker,aves
reboxp1,Red-billed Oxpecker,aves
208185,Queensland Bark Cicada,insecta
sptkne1,Spotted Thick-knee,aves
butkne1,Bush Thick-knee,aves
indthk1,Indian Thick-knee,aves
eutkne1,Eurasian Thick-knee,aves
setkne1,Senegal Thick-knee,aves
watkne1,Water Thick-knee,aves
blchaw1,Black-collared Hawk,aves
gyfbuz1,Gray-faced Buzzard,aves
ruwbuz1,Rufous-winged Buzzard,aves
grabuz1,Grasshopper Buzzard,aves
whebuz1,White-eyed Buzzard,aves
whthaw1,White-throated Hawk,aves
zothaw,Zone-tailed Hawk,aves
augbuz2,Augur Buzzard,aves
renbuz1,Red-necked Buzzard,aves
madbuz1,Madagascar Buzzard,aves
shthaw,Short-tailed Hawk,aves
combuz1,Common Buzzard,aves
galhaw1,Galapagos Hawk,aves
uplbuz1,Upland Buzzard,aves
rethaw,Red-tailed Hawk,aves
combuz6,Eastern Buzzard,aves
rolhaw,Rough-legged Hawk,aves
reshaw,Red-shouldered Hawk,aves
gryhaw3,Gray-lined Hawk,aves
moubuz2,Mountain Buzzard,aves
gryhaw2,Gray Hawk,aves
brwhaw,Broad-winged Hawk,aves
combuz9,Himalayan Buzzard,aves
ferhaw,Ferruginous Hawk,aves
ridhaw1,Ridgway's Hawk,aves
lolbuz1,Long-legged Buzzard,aves
jacbuz1,Jackal Buzzard,aves
socbuz1,Socotra Buzzard,aves
hawhaw,Hawaiian Hawk,aves
swahaw,Swainson's Hawk,aves
moubuz3,Forest Buzzard,aves
ruthaw1,Rufous-tailed Hawk,aves
ruchaw1,Rufous Crab Hawk,aves
comblh1,Common Black Hawk,aves
croeag1,Chaco Eagle,aves
cubblh1,Cuban Black Hawk,aves
whnhaw2,White-necked Hawk,aves
savhaw1,Savanna Hawk,aves
slchaw2,Slate-colored Hawk,aves
soleag1,Solitary Eagle,aves
grbhaw1,Great Black Hawk,aves
homtan1,Hooded Mountain Tanager,aves
strher1,Little Heron,aves
strher2,Striated Heron,aves
strher3,Lava Heron,aves
grnher,Green Heron,aves
whthor1,White-thighed Hornbill,aves
sichor1,Silvery-cheeked Hornbill,aves
truhor1,Trumpeter Hornbill,aves
bnchor1,Brown-cheeked Hornbill,aves
piphor1,Piping Hornbill,aves
bawhor2,Black-and-white-casqued Hornbill,aves
47093,Southern Naked-tailed Armadillo,mammalia
1431305,Ucayali Bald Uacari,mammalia
243991,Coastal Cactus Dodger,insecta
243987,Moore's Cactus Dodger,insecta
243957,Common Cactus Dodger,insecta
whicoc1,White Cockatoo,aves
yeccoc5,Citron-crested Cockatoo,aves
duccoc1,Solomons Corella,aves
succoc,Sulphur-crested Cockatoo,aves
tancoc1,Tanimbar Corella,aves
phicoc1,Philippine Cockatoo,aves
pincoc1,Pink Cockatoo,aves
saccoc,Salmon-crested Cockatoo,aves
blecoc1,Blue-eyed Cockatoo,aves
wescor1,Western Corella,aves
litcor2,Little Corella,aves
yeccoc1,Yellow-crested Cockatoo,aves
lobcor1,Long-billed Corella,aves
yercac1,Yellow-rumped Cacique,aves
moucac1,Mountain Cacique,aves
gowcac1,Golden-winged Cacique,aves
rercac1,Red-rumped Cacique,aves
selcac1,Selva Cacique,aves
batoro1,Band-tailed Cacique,aves
casoro2,Casqued Cacique,aves
ecucac1,Ecuadorian Cacique,aves
sobcac1,Solitary Black Cacique,aves
scrcac1,Scarlet-rumped Cacique,aves
brucuc13,Solomons Brush Cuckoo,aves
molcuc1,Moluccan Brush Cuckoo,aves
brucuc10,Manus Brush Cuckoo,aves
chbcuc3,Chestnut-breasted Cuckoo,aves
fatcuc1,Fan-tailed Cuckoo,aves
placuc1,Plaintive Cuckoo,aves
placuc3,Gray-bellied Cuckoo,aves
brucuc2,Sunda Brush Cuckoo,aves
babcuc2,Banded Bay Cuckoo,aves
brucuc1,Sahul Brush Cuckoo,aves
brucuc5,Sulawesi Brush Cuckoo,aves
476924,Klipheuwel Dainty Frog,amphibia
476925,Southern Dainty Frog,amphibia
25411,Boettger's dainty frog,amphibia
25415,Cape Caco,amphibia
25408,Namaqua Caco,amphibia
25413,Bronze Caco,amphibia
120785,Mountain caco,amphibia
25409,Flat Dainty frog,amphibia
476926,Rhythmic Dainty Frog,amphibia
210942,Australian Common Garden Katydid,insecta
musduc,Muscovy Duck,aves
ruffie2,Rufous Fieldwren,aves
strfie1,Striated Fieldwren,aves
ruffie3,Western Fieldwren,aves
bawwar1,Barred Wren-Warbler,aves
grywrw1,Gray Wren-Warbler,aves
miowrw3,Stierling's Wren-Warbler,aves
miowrw2,Miombo Wren-Warbler,aves
paywar1,Papyrus Yellow-Warbler,aves
larbun,Lark Bunting,aves
humlar1,Hume's Lark,aves
blalar2,Blanford's Lark,aves
gstlar1,Greater Short-toed Lark,aves
reclar1,Red-capped Lark,aves
sstlar4,Mongolian Short-toed Lark,aves
blalar4,Rufous-capped Lark,aves
laplon,Lapland Longspur,aves
chclon,Chestnut-collared Longspur,aves
smilon,Smith's Longspur,aves
faclar8,Fawn-colored Lark,aves
karlar2,Karoo Lark,aves
ferlar2,Red Lark,aves
dunlar5,Dune Lark,aves
gillar1,Gillett's Lark,aves
piblar3,Pink-breasted Lark,aves
ruslar1,Rusty Lark,aves
sablar2,Sabota Lark,aves
wbnher1,White-backed Night Heron,aves
retvan1,Red-tailed Vanga,aves
resvan1,Red-shouldered Vanga,aves
shtsan,Sharp-tailed Sandpiper,aves
sander,Sanderling,aves
dunlin,Dunlin,aves
baisan,Baird's Sandpiper,aves
redkno,Red Knot,aves
brbsan,Broad-billed Sandpiper,aves
cursan,Curlew Sandpiper,aves
whrsan,White-rumped Sandpiper,aves
stisan,Stilt Sandpiper,aves
pursan,Purple Sandpiper,aves
wessan,Western Sandpiper,aves
pecsan,Pectoral Sandpiper,aves
litsti,Little Stint,aves
leasan,Least Sandpiper,aves
rocsan,Rock Sandpiper,aves
ruff,Ruff,aves
semsan,Semipalmated Sandpiper,aves
spbsan1,Spoon-billed Sandpiper,aves
rensti,Red-necked Stint,aves
lotsti,Long-toed Stint,aves
bubsan,Buff-breasted Sandpiper,aves
temsti,Temminck's Stint,aves
grekno,Great Knot,aves
surfbi,Surfbird,aves
whckoe1,White-crowned Cuckoo,aves
yefhon1,Yellow-faced Honeyeater,aves
obshon1,Obscure Honeyeater,aves
blthon1,Black-throated Honeyeater,aves
spefin1,Spectacled Finch,aves
kokako4,South Island Kokako,aves
kokako3,North Island Kokako,aves
43662,Blonde Titi,mammalia
43676,Coimbra's Titi,mammalia
43657,Coastal Black-handed Titi,mammalia
43658,Black-fronted Titi,mammalia
43683,Northern Masked Titi,mammalia
sibrub,Siberian Rubythroat,aves
btbrob1,Blackthroat,aves
fireth1,Firethroat,aves
himrub1,Himalayan Rubythroat,aves
chirub1,Chinese Rubythroat,aves
calqua,California Quail,aves
elequa,Elegant Quail,aves
gamqua,Gambel's Quail,aves
scaqua,Scaled Quail,aves
amewoo1,Amethyst Woodstar,aves
43375,Buffy-tufted-ear Marmoset,mammalia
1621324,Callithrix aurita × penicillata,mammalia
43378,Buffy-headed Marmoset,mammalia
43372,Geoffroy’s Tufted-ear Marmoset,mammalia
43373,Common Marmoset,mammalia
855883,Common × Black-tufted-ear Marmoset,mammalia
43377,Wied's Black-tufted-ear Marmoset,mammalia
43374,Black-tufted-ear Marmoset,mammalia
gagcoc1,Gang-gang Cockatoo,aves
rintea1,Ringed Teal,aves
41757,Northern Fur Seal,mammalia
45941,Northern Gray-bellied Squirrel,mammalia
1619039,Southern Gray-bellied Squirrel,mammalia
45952,Pallas' Squirrel,mammalia
45949,Finlayson's Squirrel,mammalia
45947,Inornate Squirrel,mammalia
45948,Black-striped Squirrel,mammalia
45945,Plantain Squirrel,mammalia
45955,Prevost's Squirrel,mammalia
45953,Irrawaddy Squirrel,mammalia
45942,Stripe-bellied Squirrel,mammalia
180010,Common Golden-mantled Ground Squirrel,mammalia
vertan1,Vermilion Tanager,aves
spgpig1,Spotted Green Pigeon,aves
nicpig1,Nicobar Pigeon,aves
corshe1,Cory's Shearwater,aves
scoshe1,Scopoli's Shearwater,aves
cavshe1,Cape Verde Shearwater,aves
strshe,Streaked Shearwater,aves
ferpar2,Ferruginous Partridge,aves
brnbar2,Brown Barbet,aves
soobar2,Sooty Barbet,aves
luchum,Lucifer Hummingbird,aves
beahum1,Beautiful Hummingbird,aves
42550,Derby's Woolly Opossum,mammalia
42543,Brown-eared Woolly Opossum,mammalia
42557,Bare-tailed Woolly Opossum,mammalia
annhum,Anna's Hummingbird,aves
coshum,Costa's Hummingbird,aves
65148,Helmeted Water Toad,amphibia
golgre1,Golden Greenbul,aves
hosbro1,Hose's Broadbill,aves
grebro1,Green Broadbill,aves
whibro1,Whitehead's Broadbill,aves
eactan1,Eastern Chat-Tanager,aves
wectan1,Western Chat-Tanager,aves
rtbcoc1,Red-tailed Black-Cockatoo,aves
glbcoc1,Glossy Black-Cockatoo,aves
kincal1,Kinglet Calyptura,aves
manfin1,Mangrove Finch,aves
woofin1,Woodpecker Finch,aves
smtfin1,Small Tree-Finch,aves
metfin1,Medium Tree-Finch,aves
latfin1,Large Tree-Finch,aves
grbcam1,Green-backed Camaroptera,aves
olgcam1,Olive-green Camaroptera,aves
gnbcam3,Hartert's Camaroptera,aves
yebcam1,Yellow-browed Camaroptera,aves
81542,Dromedary Camel,mammalia
blkcus1,Black Cuckooshrike,aves
petcus1,Petit's Cuckooshrike,aves
rescus1,Red-shouldered Cuckooshrike,aves
putcus1,Purple-throated Cuckooshrike,aves
guawoo2,Guayaquil Woodpecker,aves
pabwoo1,Pale-billed Woodpecker,aves
crbwoo5,Crimson-bellied Woodpecker,aves
impwoo1,Imperial Woodpecker,aves
crbwoo2,Cream-backed Woodpecker,aves
magwoo1,Magellanic Woodpecker,aves
crcwoo1,Crimson-crested Woodpecker,aves
powwoo1,Powerful Woodpecker,aves
ivbwoo,Ivory-billed Woodpecker,aves
robwoo1,Robust Woodpecker,aves
renwoo1,Red-necked Woodpecker,aves
crbwoo4,Splendid Woodpecker,aves
gotwoo1,Golden-tailed Woodpecker,aves
benwoo1,Bennett's Woodpecker,aves
grbwoo2,Green-backed Woodpecker,aves
momwoo1,Mombasa Woodpecker,aves
knywoo1,Knysna Woodpecker,aves
nubwoo1,Nubian Woodpecker,aves
fiswoo1,Fine-spotted Woodpecker,aves
reiwoo1,Speckle-throated Woodpecker,aves
tulwoo3,Fine-banded Woodpecker,aves
tulwoo2,Tullberg's Woodpecker,aves
busbus1,Buff-streaked Chat,aves
golcus1,Golden Cuckooshrike,aves
whtfra2,White-throated Francolin,aves
coqfra2,Coqui Francolin,aves
schfra2,Schlegel's Francolin,aves
labduc,Labrador Duck,aves
nobtyr,Northern Beardless-Tyrannulet,aves
sobtyr1,Southern Beardless-Tyrannulet,aves
gybsab4,Outcrop Sabrewing,aves
gybsab5,Diamantina Sabrewing,aves
bubsab1,Buff-breasted Sabrewing,aves
whtsab1,White-tailed Sabrewing,aves
lazsab1,Lazuline Sabrewing,aves
viosab1,Violet Sabrewing,aves
rubsab1,Rufous-breasted Sabrewing,aves
gybsab1,Gray-breasted Sabrewing,aves
samsab1,Santa Marta Sabrewing,aves
napsab1,Napo Sabrewing,aves
blbscy1,Black-billed Scythebill,aves
cubscy5,Xingu Scythebill,aves
tapscy2,Tapajos Scythebill,aves
cubscy1,Curve-billed Scythebill,aves
brbscy1,Brown-billed Scythebill,aves
rebscy1,Red-billed Scythebill,aves
whhwre1,White-headed Wren,aves
cacwre,Cactus Wren,aves
runwre4,Rufous-backed Wren,aves
giawre1,Giant Wren,aves
faswre1,Fasciated Wren,aves
bicwre1,Bicolored Wren,aves
spowre1,Spotted Wren,aves
runwre3,Russet-naped Wren,aves
bouwre1,Boucard's Wren,aves
grbwre1,Gray-barred Wren,aves
stbwre2,Stripe-backed Wren,aves
runwre2,Veracruz Wren,aves
thlwre1,Thrush-like Wren,aves
yucwre1,Yucatan Wren,aves
babwre1,Band-backed Wren,aves
sprgro,Spruce Grouse,aves
gytrai1,Gray-throated Rail,aves
851014,Golden Jackal,mammalia
47144,Domestic Dog,mammalia
42051,Coyote,mammalia
825289,African Wolf,mammalia
42048,Gray Wolf,mammalia
853952,Eastern Wolf,mammalia
42052,Red Wolf,mammalia
istwre1,Isthmian Wren,aves
grywre1,Gray Wren,aves
fabwre1,Fawn-breasted Wren,aves
sttwre1,Stripe-throated Wren,aves
bubwre1,Buff-breasted Wren,aves
lobwre1,Long-billed Wren,aves
plawre1,Cabanis's Wren,aves
baywre1,Bay Wren,aves
rivwre1,Riverside Wren,aves
supwre1,Superciliated Wren,aves
stbwre1,Stripe-breasted Wren,aves
plawre3,Canebrake Wren,aves
gilbar1,Gilded Barbet,aves
sccbar1,Scarlet-crowned Barbet,aves
brcbar1,Brown-chested Barbet,aves
blgbar1,Black-girdled Barbet,aves
sirbar1,Sira Barbet,aves
whmbar1,White-mantled Barbet,aves
spcbar1,Spot-crowned Barbet,aves
blsbar1,Black-spotted Barbet,aves
ficbar1,Five-colored Barbet,aves
orfbar1,Orange-fronted Barbet,aves
scbbar2,Scarlet-banded Barbet,aves
568742,Bruner Longwing,insecta
123070,Domestic Goat,mammalia
42357,Alpine Ibex,mammalia
42350,Iberian Ibex,mammalia
42184,Western Roe Deer,mammalia
42183,Eastern Roe Deer,mammalia
74144,Taiwan Serow,mammalia
egynig1,Egyptian Nightjar,aves
savnig1,Savanna Nightjar,aves
andnig1,Andaman Nightjar,aves
indnig1,Indian Nightjar,aves
jernig1,Jerdon's Nightjar,aves
batnig2,Bates's Nightjar,aves
sulnig1,Sulawesi Nightjar,aves
sltnig1,Slender-tailed Nightjar,aves
lotnig1,Long-tailed Nightjar,aves
bonnig1,Bonaparte's Nightjar,aves
dosnig1,Donaldson Smith's Nightjar,aves
eurnig1,Eurasian Nightjar,aves
golnig1,Golden Nightjar,aves
sqtnig1,Square-tailed Nightjar,aves
somnig1,Sombre Nightjar,aves
kaynig1,Chirruping Nightjar,aves
grynig2,Jungle Nightjar,aves
planig1,Plain Nightjar,aves
grynig1,Gray Nightjar,aves
stwnig1,Standard-winged Nightjar,aves
latnig2,Large-tailed Nightjar,aves
madnig1,Madagascar Nightjar,aves
syknig1,Sykes's Nightjar,aves
phinig1,Philippine Nightjar,aves
meenig1,Mees's Nightjar,aves
swanig1,Swamp Nightjar,aves
nubnig1,Nubian Nightjar,aves
finnig1,Fiery-necked Nightjar,aves
palnig1,Palau Nightjar,aves
monnig1,Montane Nightjar,aves
itonig1,Itombwe Nightjar,aves
salnig1,Salvadori's Nightjar,aves
timnig1,Timor Nightjar,aves
rennig1,Red-necked Nightjar,aves
rucnig1,Rufous-cheeked Nightjar,aves
necnig1,Nechisar Nightjar,aves
stsnig1,Star-spotted Nightjar,aves
frenig1,Freckled Nightjar,aves
pewnig1,Pennant-winged Nightjar,aves
43769,Cuban Ground Hutia,mammalia
yeltyr1,Yellow Tyrannulet,aves
guacar2,Guadalupe Caracara,aves
y00678,Crested Caracara,aves
canwar,Canada Warbler,aves
wlswar,Wilson's Warbler,aves
redwar1,Red Warbler,aves
refwar,Red-faced Warbler,aves
pihwar1,Pink-headed Warbler,aves
norcar,Northern Cardinal,aves
vercar1,Vermilion Cardinal,aves
pyrrhu,Pyrrhuloxia,aves
eurgol2,Gray-crowned Goldfinch,aves
eurgol1,European Goldfinch,aves
citfin1,Citril Finch,aves
corfin1,Corsican Finch,aves
relser1,Red-legged Seriema,aves
1632436,Northern Dwarf Tree Frog,amphibia
whrkin1,White-rumped Kingfisher,aves
41110,Seba's Short-tailed Bat,mammalia
bogcuc1,Bornean Ground-Cuckoo,aves
cbgcuc1,Coral-billed Ground-Cuckoo,aves
sugcuc1,Sumatran Ground-Cuckoo,aves
chbros1,Chinese Beautiful Rosefinch,aves
cwbros1,Chinese White-browed Rosefinch,aves
darros1,Dark-rumped Rosefinch,aves
comros,Common Rosefinch,aves
bongro1,Bonin Grosbeak,aves
vinros3,Taiwan Rosefinch,aves
blyros1,Blyth's Rosefinch,aves
bearos1,Himalayan Beautiful Rosefinch,aves
refros1,Red-fronted Rosefinch,aves
remros1,Red-mantled Rosefinch,aves
tibros1,Tibetan Rosefinch,aves
pibros2,Pink-browed Rosefinch,aves
spwros2,Spot-winged Rosefinch,aves
palros2,Pallas's Rosefinch,aves
greros1,Great Rosefinch,aves
strros1,Streaked Rosefinch,aves
lotros1,Long-tailed Rosefinch,aves
tahmof1,Sillem's Rosefinch,aves
scafin1,Scarlet Finch,aves
palros3,Pale Rosefinch,aves
crbfin3,Crimson-browed Finch,aves
sinros1,Sinai Rosefinch,aves
whbros1,Himalayan White-browed Rosefinch,aves
thbros1,Three-banded Rosefinch,aves
spwros3,Sharpe's Rosefinch,aves
vinros2,Vinaceous Rosefinch,aves
pirros1,Pink-rumped Rosefinch,aves
yebcot1,Yellow-billed Cotinga,aves
bltcot1,Black-tipped Cotinga,aves
snocot1,Snowy Cotinga,aves
hoober2,Hooded Berryeater,aves
bkhber1,Black-headed Berryeater,aves
palroc1,Pale Rockfinch,aves
loemon1,Tanimbar Monarch,aves
golmon1,Golden Monarch,aves
whemon1,White-eared Monarch,aves
whnmon1,White-naped Monarch,aves
yeggro1,Yellow-green Grosbeak,aves
blfgro1,Black-faced Grosbeak,aves
astcas2,Ash-throated Casiornis,aves
rufcas2,Rufous Casiornis,aves
yewcac1,Yellow-winged Cacique,aves
bcwfin1,Bay-chested Warbling Finch,aves
43794,American Beaver,mammalia
43793,Eurasian Beaver,mammalia
dwacas1,Dwarf Cassowary,aves
soucas1,Southern Cassowary,aves
norcas1,Northern Cassowary,aves
plushc1,Plushcap,aves
batsee1,Band-tailed Seedeater,aves
parsee1,Paramo Seedeater,aves
plcsee1,Plain-colored Seedeater,aves
whiwar1,Whistling Warbler,aves
turvul,Turkey Vulture,aves
lyhvul1,Lesser Yellow-headed Vulture,aves
gyhvul1,Greater Yellow-headed Vulture,aves
obnthr1,Orange-billed Nightingale-Thrush,aves
bicthr,Bicknell's Thrush,aves
spnthr1,Yellow-throated Nightingale-Thrush,aves
rcnthr1,Ruddy-capped Nightingale-Thrush,aves
sbnthr1,Slaty-backed Nightingale-Thrush,aves
veery,Veery,aves
bbnthr1,Black-billed Nightingale-Thrush,aves
herthr,Hermit Thrush,aves
sponit2,Speckled Nightingale-Thrush,aves
bhnthr1,Black-headed Nightingale-Thrush,aves
gycthr,Gray-cheeked Thrush,aves
runthr1,Russet Nightingale-Thrush,aves
swathr,Swainson's Thrush,aves
canwre,Canyon Wren,aves
chephe1,Cheer Pheasant,aves
fatgra1,Fan-tailed Grassbird,aves
43813,Brazilian Guinea Pig,mammalia
119405,Domestic Guinea Pig,mammalia
grycus1,Gray Cuckooshrike,aves
ashcus2,Madagascar Cuckooshrike,aves
ashcus3,Comoro Cuckooshrike,aves
gracus1,Grauer's Cuckooshrike,aves
whbcus2,White-breasted Cuckooshrike,aves
1418842,Western Pygmy Marmoset,mammalia
1369301,Ecuadorian White-fronted Capuchin,mammalia
43432,Colombian White-throated Capuchin,mammalia
1369297,Shock-headed Capuchin,mammalia
1369296,Central American White-faced Capuchin,mammalia
74155,Ka’apor Capuchin,mammalia
1369292,Varied Capuchin,mammalia
1369291,Marañón white-fronted capuchin,mammalia
lessts1,Lesser Striped Swallow,aves
rubswa1,Rufous-bellied Swallow,aves
grests1,Greater Striped Swallow,aves
y00621,Eastern Red-rumped Swallow,aves
srlswa1,Sri Lanka Swallow,aves
rerswa12,African Red-rumped Swallow,aves
rerswa8,European Red-rumped Swallow,aves
rucswa2,Rufous-chested Swallow,aves
mosswa2,Mosque Swallow,aves
pygcus1,Pygmy Cuckooshrike,aves
chcwoo1,Chestnut-colored Woodpecker,aves
chewoo2,Chestnut Woodpecker,aves
blcwoo4,Blond-crested Woodpecker,aves
crcwoo2,Cream-colored Woodpecker,aves
helwoo1,Helmeted Woodpecker,aves
cinwoo1,Cinnamon Woodpecker,aves
pacwoo1,Pale-crested Woodpecker,aves
caawoo1,Kaempfer's Woodpecker,aves
blcwoo5,Ochre-backed Woodpecker,aves
ruhwoo1,Rufous-headed Woodpecker,aves
rinwoo1,Ringed Woodpecker,aves
wavwoo5,Waved Woodpecker,aves
gusgro,Gunnison Sage-Grouse,aves
saggro,Greater Sage-Grouse,aves
74161,Thomas's Shaggy Bat,mammalia
41394,Shaggy Bat,mammalia
baispa,Baird's Sparrow,aves
henspa,Henslow's Sparrow,aves
andcou1,Andaman Coucal,aves
gabcou1,Gabon Coucal,aves
piecou1,Pied Coucal,aves
lescou1,Lesser Coucal,aves
lebcou1,Lesser Black Coucal,aves
whbcou3,Burchell's Coucal,aves
baycou1,Bay Coucal,aves
biacou1,Biak Coucal,aves
grbcou2,Green-billed Coucal,aves
cotcou1,Coppery-tailed Coucal,aves
golcou1,Goliath Coucal,aves
blacou1,Black Coucal,aves
bltcou1,Black-throated Coucal,aves
blfcou1,Black-faced Coucal,aves
grbcou1,Greater Black Coucal,aves
buhcou1,Buff-headed Coucal,aves
blhcou2,Blue-headed Coucal,aves
suncou1,Sunda Coucal,aves
phecou2,Pheasant Coucal,aves
shtcou1,Short-toed Coucal,aves
sencou1,Senegal Coucal,aves
grecou1,Greater Coucal,aves
blhcou1,Black-hooded Coucal,aves
whbcou2,White-browed Coucal,aves
madcou1,Malagasy Coucal,aves
rufcou1,Rufous Coucal,aves
viocou1,Violaceous Coucal,aves
phicou1,Philippine Coucal,aves
1431331,Harvey's Duiker,mammalia
banumb1,Bare-necked Umbrellabird,aves
amaumb1,Amazonian Umbrellabird,aves
lowumb1,Long-wattled Umbrellabird,aves
fictit1,Fire-capped Tit,aves
spegui1,Spectacled Guillemot,aves
piggui,Pigeon Guillemot,aves
blkgui,Black Guillemot,aves
blchor1,Black-casqued Hornbill,aves
yechor1,Yellow-casqued Hornbill,aves
22849,Bell's Horned Frog,amphibia
rotman1,Round-tailed Manakin,aves
schman1,Scarlet-horned Manakin,aves
gohman1,Golden-headed Manakin,aves
recman1,Red-capped Manakin,aves
rehman1,Red-headed Manakin,aves
43348,White Rhinoceros,mammalia
shtibi1,Sharp-tailed Ibis,aves
43466,Agile Mangabey,mammalia
dltcuc1,Dusky Long-tailed Cuckoo,aves
bltcuc1,Barred Long-tailed Cuckoo,aves
oltcuc1,Olive Long-tailed Cuckoo,aves
rdjant1,Rio de Janeiro Antbird,aves
ribant1,Rio Branco Antbird,aves
gryant2,Gray Antbird,aves
banant1,Bananal Antbird,aves
manant1,Manu Antbird,aves
magant1,Mato Grosso Antbird,aves
jetant1,Jet Antbird,aves
blaant5,Riparian Antbird,aves
wilant1,Willis's Antbird,aves
blaant4,Blackish Antbird,aves
parant2,Parker's Antbird,aves
blaant2,Black Antbird,aves
dusant1,Dusky Antbird,aves
43480,Red-tailed Monkey,mammalia
566529,Campbell's Monkey,mammalia
43477,Moustached Monkey,mammalia
566528,Lowe's Monkey,mammalia
43486,Blue Monkey,mammalia
43474,Mona Monkey,mammalia
43473,De Brazza's Monkey,mammalia
43485,Putty-nosed Monkey,mammalia
43488,Lesser Spot-nosed Monkey,mammalia
883395,Crowned Monkey,mammalia
rutscr1,Rufous-tailed Scrub-Robin,aves
bbsrob1,Brown-backed Scrub-Robin,aves
rbsrob1,White-browed Scrub-Robin,aves
kasrob1,Kalahari Scrub-Robin,aves
blsrob1,Black Scrub-Robin,aves
42087,Crab-eating Fox,mammalia
cabgoo1,Cape Barren Goose,aves
rhiauk,Rhinoceros Auklet,aves
brncre,Brown Creeper,aves
shttre1,Short-toed Treecreeper,aves
bnttre1,Sikkim Treecreeper,aves
eurtre1,Eurasian Treecreeper,aves
battre1,Bar-tailed Treecreeper,aves
eurtre3,Hodgson's Treecreeper,aves
bnttre2,Hume's Treecreeper,aves
ruftre4,Rusty-flanked Treecreeper,aves
sictre1,Sichuan Treecreeper,aves
sptwoo1,Spot-throated Woodcreeper,aves
yecspi2,Yellow-chinned Spinetail,aves
rawspi2,Red-and-white Spinetail,aves
grywaf1,Gray Warbler-Finch,aves
warfin1,Green Warbler-Finch,aves
shclar1,Short-clawed Lark,aves
y00415,Cape Long-billed Lark,aves
elblar1,Eastern Long-billed Lark,aves
klblar6,Karoo Long-billed Lark,aves
piehon1,Pied Honeyeater,aves
204114,Wapiti,mammalia
204113,Red Deer,mammalia
42210,Sika Deer,mammalia
piekin1,Pied Kingfisher,aves
gysbuw1,Gray-sided Bush Warbler,aves
chhtes1,Chestnut-headed Tesia,aves
cetwar1,Cetti's Warbler,aves
ccbwar1,Chestnut-crowned Bush Warbler,aves
yellow5,Blue Malkoha,aves
yellow6,Green Malkoha,aves
silkin1,Southern Silvery-Kingfisher,aves
azukin1,Azure Kingfisher,aves
vardwk5,Buru Dwarf-Kingfisher,aves
vardwk11,New Georgia Dwarf-Kingfisher,aves
inbkin2,Indigo-banded Kingfisher,aves
vardwk7,Manus Dwarf-Kingfisher,aves
bkbkin1,Black-backed Dwarf-Kingfisher,aves
sulkin1,Sulawesi Dwarf-Kingfisher,aves
norsik1,Northern Silvery-Kingfisher,aves
vardwk15,Makira Dwarf-Kingfisher,aves
varkin1,Moluccan Dwarf-Kingfisher,aves
vardwk1,Dimorphic Dwarf-Kingfisher,aves
nosdwk1,North Solomons Dwarf-Kingfisher,aves
phikin1,Philippine Dwarf-Kingfisher,aves
vardwk8,New Ireland Dwarf-Kingfisher,aves
guadwk1,Guadalcanal Dwarf-Kingfisher,aves
litkin1,Little Kingfisher,aves
rubkin1,Rufous-backed Dwarf-Kingfisher,aves
vardwk9,New Britain Dwarf-Kingfisher,aves
suldwk1,Sangihe Dwarf-Kingfisher,aves
vardwk6,Papuan Dwarf-Kingfisher,aves
vardwk2,Sula Dwarf-Kingfisher,aves
biskin1,Bismarck Kingfisher,aves
samwoo2,Santa Marta Woodstar,aves
esmwoo2,Esmeraldas Woodstar,aves
litwoo5,Little Woodstar,aves
gorwoo2,Gorgeted Woodstar,aves
ruswoo1,Rufous-shafted Woodstar,aves
whbwoo6,White-bellied Woodstar,aves
44093,California Pocket Mouse,mammalia
47088,Large Hairy Armadillo,mammalia
orbroc1,Drakensberg Rockjumper,aves
rufroc1,Cape Rockjumper,aves
kioea,Kioea,aves
papdro1,Drongo Fantail,aves
astswi1,Ashy-tailed Swift,aves
shtswi1,Short-tailed Swift,aves
chaswi2,Chapman's Swift,aves
grrswi1,Gray-rumped Swift,aves
parswi1,Pale-rumped Swift,aves
corswi,Costa Rican Swift,aves
leaswi1,Lesser Antillean Swift,aves
sicswi1,Sick's Swift,aves
chiswi,Chimney Swift,aves
barswi,Band-rumped Swift,aves
vauswi,Vaux's Swift,aves
hobcuc1,Horsfield's Bronze-Cuckoo,aves
litbrc5,Pied Bronze-Cuckoo,aves
shbcuc1,Shining Bronze-Cuckoo,aves
lobcuc1,Long-billed Cuckoo,aves
webcuc1,White-eared Bronze-Cuckoo,aves
369157,Little Bronze Cuckoo,aves
blecuc1,Black-eared Cuckoo,aves
rtbcuc1,Rufous-throated Bronze-Cuckoo,aves
butsun2,Buff-throated Sunbird,aves
amesun2,Amethyst Sunbird,aves
socsun2,Socotra Sunbird,aves
carsun2,Carmelite Sunbird,aves
hunsun2,Hunter's Sunbird,aves
gntsun1,Green-throated Sunbird,aves
sccsun2,Scarlet-chested Sunbird,aves
rucsun2,Ruby-cheeked Sunbird,aves
emedov2,Asian Emerald Dove,aves
emedov3,Pacific Emerald Dove,aves
stedov1,Stephan's Dove,aves
blalor1,Black Lory,aves
carlor1,Cardinal Lory,aves
brolor1,Brown Lory,aves
duslor1,Dusky Lory,aves
yeslor1,Yellow-streaked Lory,aves
rabtho1,Rainbow-bearded Thornbill,aves
brttho1,Bronze-tailed Thornbill,aves
olitho1,Olivaceous Thornbill,aves
ructho1,Rufous-capped Thornbill,aves
blmtho1,Blue-mantled Thornbill,aves
gontan1,Golden-naped Tanager,aves
40546,Large-eared Pied Bat,mammalia
40544,Gould's Wattled Bat,mammalia
40543,Chocolate Wattled Bat,mammalia
74174,New Caledonian Wattled Bat,mammalia
40552,Hoary Wattled Bat,mammalia
40540,Little Pied Bat,mammalia
40550,New Zealand Long-tailed Bat,mammalia
whvplu1,White-vented Plumeleteer,aves
brtplu1,Bronze-tailed Plumeleteer,aves
wrenti,Wrentit,aves
siwgua1,Sickle-winged Guan,aves
blagua1,Black Guan,aves
choale1,Thyolo Alethe,aves
whcale1,White-chested Alethe,aves
brcale1,Brown-chested Alethe,aves
retale1,Red-throated Alethe,aves
shtant1,Short-tailed Antthrush,aves
sucant1,Such's Antthrush,aves
barant2,Barred Antthrush,aves
strant3,Striated Antthrush,aves
rutant2,Rufous-tailed Antthrush,aves
schant1,Schwartz's Antthrush,aves
corplo,Common Ringed Plover,aves
pipplo,Piping Plover,aves
semplo,Semipalmated Plover,aves
killde,Killdeer,aves
cocfin2,Coal-crested Finch,aves
pyglor1,Pygmy Lorikeet,aves
joslor1,Josephine's Lorikeet,aves
strlor1,Striated Lorikeet,aves
paplor1,West Papuan Lorikeet,aves
paplor3,Stella's Lorikeet,aves
failor1,Fairy Lorikeet,aves
blflor1,Blue-fronted Lorikeet,aves
elepai4,Oahu Elepaio,aves
elepai,Hawaii Elepaio,aves
elepai5,Kauai Elepaio,aves
norscr1,Northern Screamer,aves
souscr1,Southern Screamer,aves
43549,Dwarf Lemurs,mammalia
74180,Lesser Naked Bat,mammalia
41292,Greater Naked Bat,mammalia
699201,Cassinia Cicada,insecta
sctkit1,Scissor-tailed Kite,aves
swwpuf1,Swallow-winged Puffbird,aves
yebfan1,Yellow-bellied Fairy-Fantail,aves
manduc1,Maned Duck,aves
brbfai2,Campbell's Fairywren,aves
brbfai1,Broad-billed Fairywren,aves
738197,Lucifer Titi,mammalia
738196,Black Titi,mammalia
738195,Yellow-handed Titi,mammalia
whbswa3,White-backed Swallow,aves
sphlar1,Spike-heeled Lark,aves
beelar1,Beesley's Lark,aves
duplar1,Dupont's Lark,aves
snoshe2,Snowy Sheathbill,aves
blfshe1,Black-faced Sheathbill,aves
glteme1,Glittering-throated Emerald,aves
saseme1,Sapphire-spangled Emerald,aves
1099566,Doria's Tree Frog,amphibia
26656,Grey Foam-nest Tree Frog,amphibia
1369287,Northern Bearded Saki Monkey,mammalia
43650,Black-bearded Saki,mammalia
1368498,Uta Hick's Bearded Saki,mammalia
araman1,Araripe Manakin,aves
yunman1,Yungas Manakin,aves
swtman1,Swallow-tailed Manakin,aves
helman1,Helmeted Manakin,aves
latman1,Lance-tailed Manakin,aves
lotman1,Long-tailed Manakin,aves
blbman1,Blue-backed Manakin,aves
fabbow1,Fawn-breasted Bowerbird,aves
wesbow1,Western Bowerbird,aves
yebbow1,Yellow-breasted Bowerbird,aves
spobow1,Spotted Bowerbird,aves
grebow1,Great Bowerbird,aves
fruith1,Fruit-hunter,aves
macbus1,Asian Houbara,aves
houbus1,African Houbara,aves
blfter1,Black-fronted Tern,aves
whiter2,Whiskered Tern,aves
whwter,White-winged Tern,aves
blkter,Black Tern,aves
216777,Rocky Mountain Sprinkled Locust,insecta
goufin3,Gouldian Finch,aves
kelgoo1,Kelp Goose,aves
uplgoo1,Upland Goose,aves
ashgoo1,Ashy-headed Goose,aves
ruhgoo1,Ruddy-headed Goose,aves
whbeme1,White-bellied Emerald,aves
whcsap1,White-chinned Sapphire,aves
bltgol1,Blue-throated Goldentail,aves
vibhum1,Violet-bellied Hummingbird,aves
bucsap1,Blue-chinned Sapphire,aves
kongro,Kona Grosbeak,aves
bkhgre1,Black-headed Greenfinch,aves
eurgre1,European Greenfinch,aves
viegre2,Vietnamese Greenfinch,aves
origre,Oriental Greenfinch,aves
yebgre4,Yellow-breasted Greenfinch,aves
1497661,Cotton-green Cicada,insecta
74188,Malbrouck,mammalia
68137,Vervet Monkey,mammalia
74191,Tantalus Monkey,mammalia
ampkin1,American Pygmy Kingfisher,aves
amakin1,Amazon Kingfisher,aves
grnkin,Green Kingfisher,aves
garkin1,Green-and-rufous Kingfisher,aves
oretan1,Orange-eared Tanager,aves
multan1,Multicolored Tanager,aves
glgtan1,Glistening-green Tanager,aves
yengre1,Yellow-necked Greenbul,aves
yebgre1,Yellow-bellied Greenbul,aves
joygre1,Joyful Greenbul,aves
prigre1,Prigogine's Greenbul,aves
simgre1,Simple Greenbul,aves
470174,Small Bottle Cicada,insecta
oahama,Oahu Amakihi,aves
kauama,Kauai Amakihi,aves
hawama,Hawaii Amakihi,aves
1632443,Red-eyed Tree Frog,amphibia
1632446,Dainty Tree Frog,amphibia
1632450,Orange-thighed Frog,amphibia
grehon1,Green Honeycreeper,aves
gygbus1,Gray-green Bushshrike,aves
mtkbus1,Mount Kupe Bushshrike,aves
macbus2,Many-colored Bushshrike,aves
blfbus1,Black-fronted Bushshrike,aves
olibus1,Olive Bushshrike,aves
subbus1,Sulphur-breasted Bushshrike,aves
gobchl1,Golden-browed Chlorophonia,aves
blnchl1,Blue-naped Chlorophonia,aves
goreup1,Golden-rumped Euphonia,aves
eleeup1,Elegant Euphonia,aves
anteup4,Lesser Antillean Euphonia,aves
yecchl1,Yellow-collared Chlorophonia,aves
anteup2,Hispaniolan Euphonia,aves
blcchl1,Blue-crowned Chlorophonia,aves
chbchl1,Chestnut-breasted Chlorophonia,aves
anteup3,Puerto Rican Euphonia,aves
beawoo1,Bearded Woodpecker,aves
fibwoo1,Fire-bellied Woodpecker,aves
gocwoo3,Golden-crowned Woodpecker,aves
yehman2,Yellow-headed Manakin,aves
jetman2,Jet Manakin,aves
goflea1,Golden-fronted Leafbird,aves
buwlea2,Javan Leafbird,aves
leglea1,Lesser Green Leafbird,aves
philea1,Philippine Leafbird,aves
orblea1,Orange-bellied Leafbird,aves
jerlea1,Jerdon's Leafbird,aves
borlea1,Bornean Leafbird,aves
sumlea1,Sumatran Leafbird,aves
blwlea1,Blue-winged Leafbird,aves
yetlea1,Yellow-throated Leafbird,aves
grglea1,Greater Green Leafbird,aves
blmlea1,Blue-masked Leafbird,aves
grgtan1,Grass-green Tanager,aves
atbtan1,Ashy-throated Chlorospingus,aves
ytbtan1,Yellow-throated Chlorospingus,aves
cobtan1,Common Chlorospingus,aves
pibtan1,Pirre Chlorospingus,aves
shbbut1,Short-billed Chlorospingus,aves
scbtan1,Sooty-capped Chlorospingus,aves
dubtan1,Dusky Chlorospingus,aves
tabtan1,Tacarcuna Chlorospingus,aves
grteme1,Green-tailed Emerald,aves
gareme1,Garden Emerald,aves
rebeme1,Red-billed Emerald,aves
glbeme1,Glittering-bellied Emerald,aves
weseme1,Western Emerald,aves
blteme1,Blue-tailed Emerald,aves
chieme1,Chiribiquete Emerald,aves
shteme1,Short-tailed Emerald,aves
copeme1,Coppery Emerald,aves
nateme2,Narrow-tailed Emerald,aves
olitan1,Carmiol's Tanager,aves
cartan2,Yellow-lored Tanager,aves
lestan,Lemon-spectacled Tanager,aves
ocbtan1,Ochre-breasted Tanager,aves
47099,Two-Toed Sloths,mammalia
larspa,Lark Sparrow,aves
hobkit,Hook-billed Kite,aves
hobkit2,Cuban Kite,aves
lesnig,Lesser Nighthawk,aves
antnig,Antillean Nighthawk,aves
comnig,Common Nighthawk,aves
nacnig1,Nacunda Nighthawk,aves
leanig1,Least Nighthawk,aves
sacnig1,Sand-colored Nighthawk,aves
335580,Lesser Marsh Grasshopper,insecta
496767,Locomotive Grasshopper,insecta
371315,Bow-winged Grasshopper,insecta
127308,Common Field Grasshopper,insecta
473189,Steppe Grasshopper,insecta
472562,Eisentraut's Bow-winged Grasshopper,insecta
541756,Iberian Field Grasshopper,insecta
467944,Maritime Grasshopper,insecta
473315,Lesser Grasshopper,insecta
747539,French Grasshopper,insecta
362312,Heath Grasshopper,insecta
338215,Peaceful Cicada,insecta
bnhgul1,Brown-headed Gull,aves
blbgul1,Black-billed Gull,aves
grhgul,Gray-hooded Gull,aves
slbgul1,Slender-billed Gull,aves
hargul1,Hartlaub's Gull,aves
brhgul2,Brown-hooded Gull,aves
silgul2,Silver Gull,aves
bongul,Bonaparte's Gull,aves
bkhgul,Black-headed Gull,aves
andgul1,Andean Gull,aves
465461,Gold Grasshopper,insecta
didcuc1,Dideric Cuckoo,aves
afecuc1,African Emerald Cuckoo,aves
yetcuc1,Yellow-throated Cuckoo,aves
klacuc1,Klaas's Cuckoo,aves
asecuc1,Asian Emerald Cuckoo,aves
viocuc1,Violet Cuckoo,aves
rehfla1,Red-headed Flameback,aves
whnwoo1,White-naped Woodpecker,aves
grefla1,Greater Flameback,aves
luzfla1,Luzon Flameback,aves
busfla1,Buff-spotted Flameback,aves
grefla4,Malabar Flameback,aves
crbfla1,Crimson-backed Flameback,aves
javfla1,Javan Flameback,aves
orbwoo1,Orange-backed Woodpecker,aves
yeffla1,Yellow-faced Flameback,aves
mouser2,Indonesian Serin,aves
mouser3,Mindanao Serin,aves
42091,Maned Wolf,mammalia
ruthum1,Ruby-topaz Hummingbird,aves
laaphe1,Lady Amherst's Pheasant,aves
golphe,Golden Pheasant,aves
jerbab1,Jerdon's Babbler,aves
yeebab1,Yellow-eyed Babbler,aves
yehbla2,Yellow-hooded Blackbird,aves
chcbla2,Chestnut-capped Blackbird,aves
greyel1,Greater Yellownape,aves
chtwoo1,Checker-throated Woodpecker,aves
banwoo2,Banded Woodpecker,aves
baytan2,Black-and-yellow Tanager,aves
sawtan1,Scarlet-and-white Tanager,aves
manhum1,Mangrove Hummingbird,aves
whceme1,White-chested Emerald,aves
sathum1,Sapphire-throated Hummingbird,aves
shghum1,Shining-green Hummingbird,aves
blhsap1,Blue-headed Sapphire,aves
humsap2,Humboldt's Sapphire,aves
plbeme1,Plain-bellied Emerald,aves
sabhum1,Sapphire-bellied Hummingbird,aves
gotsap1,Golden-tailed Sapphire,aves
vereme1,Versicolored Emerald,aves
bllser1,Black-legged Seriema,aves
362756,Cicada barbara,insecta
505825,Cretan Cicada,insecta
1119619,Cicada lodosi,insecta
904439,East Aegean Cicada,insecta
243961,Ash Cicada,insecta
82825,Black Sorrow Cicada,insecta
1120331,Cicadatra hyalina,insecta
941077,Cicadatra platyptera,insecta
739580,Cicadetta brevipennis,insecta
914357,Cicadetta cantilatrix,insecta
1474784,Cicadetta macedonica,insecta
362341,New Forest Cicada,insecta
1257169,Cicadetta petryi,insecta
1116723,Southern Grass Cicada,insecta
copthr1,Collared Palm-Thrush,aves
spmthr1,Spotted Morning-Thrush,aves
rtpthr1,Rufous-tailed Palm-Thrush,aves
pabtre1,Pale-browed Treehunter,aves
crytre1,Cryptic Treehunter,aves
rubsol1,Rufous-brown Solitaire,aves
kbopar1,King Bird-of-Paradise,aves
abdsto1,Abdim's Stork,aves
oristo1,Oriental Stork,aves
whisto1,White Stork,aves
wonsto1,Asian Woolly-necked Stork,aves
magsto1,Maguari Stork,aves
wonsto2,African Woolly-necked Stork,aves
blasto1,Black Stork,aves
stosto1,Storm's Stork,aves
blfrob1,Blue-fronted Robin,aves
gratre1,Gray Trembler,aves
brotre1,Brown Trembler,aves
chwcin1,Chestnut-winged Cinclodes,aves
crwcin1,Cream-winged Cinclodes,aves
blacin1,Blackish Cinclodes,aves
roycin1,Royal Cinclodes,aves
whwcin1,White-winged Cinclodes,aves
corcin1,Cordoba Cinclodes,aves
stbcin1,Stout-billed Cinclodes,aves
buwcin1,Buff-winged Cinclodes,aves
seacin1,Seaside Cinclodes,aves
olrcin1,Olrog's Cinclodes,aves
gyfcin1,Gray-flanked Cinclodes,aves
lotcin1,Long-tailed Cinclodes,aves
whbcin1,White-bellied Cinclodes,aves
dabcin1,Dark-bellied Cinclodes,aves
surcin1,Surf Cinclodes,aves
bubbus1,Buff-banded Bushbird,aves
broson1,Brown Songlark,aves
bisthi1,Bismarck Thicketbird,aves
bouthi1,Bougainville Thicketbird,aves
tawgra2,Papuan Grassbird,aves
necgra1,New Caledonian Thicketbird,aves
rufson1,Rufous Songlark,aves
rusthi1,Rusty Thicketbird,aves
lolwar1,Long-legged Thicketbird,aves
tawgra3,Tawny Grassbird,aves
guathi1,Guadalcanal Thicketbird,aves
guathi2,Santo Thicketbird,aves
paqthr1,Painted Quail-thrush,aves
nulqut1,Nullarbor Quail-thrush,aves
cbqthr1,Chestnut-breasted Quail-thrush,aves
chequt1,Chestnut Quail-thrush,aves
ciqthr1,Cinnamon Quail-thrush,aves
copqut1,Copperback Quail-thrush,aves
chbqut1,Western Quail-thrush,aves
spqthr1,Spotted Quail-thrush,aves
whtdip1,White-throated Dipper,aves
whcdip1,White-capped Dipper,aves
amedip,American Dipper,aves
brodip1,Brown Dipper,aves
rutdip1,Rufous-throated Dipper,aves
fulwre1,Fulvous Wren,aves
shawre1,Sharpe's Wren,aves
perwre1,Peruvian Wren,aves
rufwre1,Rufous Wren,aves
vibsta2,Violet-backed Starling,aves
gdcsun2,Greater Double-collared Sunbird,aves
pursun4,Purple Sunbird,aves
olbsun6,Palawan Sunbird,aves
batsun2,Bates's Sunbird,aves
pubsun4,Purple-banded Sunbird,aves
ortsun3,Orange-tufted Sunbird,aves
apbsun2,Apricot-breasted Sunbird,aves
vibsun2,Violet-breasted Sunbird,aves
sdcsun3,Southern Double-collared Sunbird,aves
olbsun3,Olive-bellied Sunbird,aves
olbsun1,South Moluccan Sunbird,aves
splsun2,Splendid Sunbird,aves
anjsun2,Anjouan Sunbird,aves
consun2,Congo Sunbird,aves
maysun2,Mayotte Sunbird,aves
copsun2,Copper Sunbird,aves
seysun2,Seychelles Sunbird,aves
recsun2,Red-chested Sunbird,aves
olbsun2,Sahul Sunbird,aves
edcsun1,Forest Double-collared Sunbird,aves
dussun2,Dusky Sunbird,aves
miosun2,Western Miombo Sunbird,aves
shisun2,Abyssinian Sunbird,aves
shisun4,Arabian Sunbird,aves
humsun2,Humblot's Sunbird,aves
olbsun9,Mamberamo Sunbird,aves
olbsun23,Tukangbesi Sunbird,aves
johsun2,Johanna's Sunbird,aves
olbsun31,Garden Sunbird,aves
lobsun2,Loten's Sunbird,aves
lovsun3,Loveridge's Sunbird,aves
mdcsun1,Montane Double-collared Sunbird,aves
miosun3,Eastern Miombo Sunbird,aves
marsun2,Marico Sunbird,aves
edcsun3,Eastern Double-collared Sunbird,aves
beasun3,Gorgeous Sunbird,aves
tinsun2,Tiny Sunbird,aves
morsun2,Moreau's Sunbird,aves
bkbsun1,Black-bellied Sunbird,aves
neesun2,Neergaard's Sunbird,aves
madsun1,Malagasy Sunbird,aves
olbsun4,Ornate Sunbird,aves
palsun2,Palestine Sunbird,aves
oussun2,Oustalet's Sunbird,aves
pemsun2,Pemba Sunbird,aves
prisun3,Prigogine's Sunbird,aves
beasun1,Beautiful Sunbird,aves
regsun2,Regal Sunbird,aves
ndcsun2,Northern Double-collared Sunbird,aves
rocsun2,Rockefeller's Sunbird,aves
ruwsun2,Rufous-winged Sunbird,aves
shesun2,Shelley's Sunbird,aves
flbsun2,Flame-breasted Sunbird,aves
sousun2,Souimanga Sunbird,aves
stusun1,Stuhlmann's Sunbird,aves
supsun2,Superb Sunbird,aves
whbsun2,White-bellied Sunbird,aves
olbsun8,Flores Sea Sunbird,aves
tsasun1,Tsavo Sunbird,aves
urssun2,Ursula's Sunbird,aves
edcsun4,Usambara Double-collared Sunbird,aves
varsun2,Variable Sunbird,aves
beasne1,Beaudouin's Snake-Eagle,aves
baseag1,Western Banded Snake-Eagle,aves
brseag1,Brown Snake-Eagle,aves
faseag1,Southern Banded Snake-Eagle,aves
shteag1,Short-toed Snake-Eagle,aves
bkbsne1,Black-chested Snake-Eagle,aves
coseag1,Congo Snake-Eagle,aves
153391,Undulant-Winged Grasshopper,insecta
wemhar1,Western Marsh Harrier,aves
swahar1,Swamp Harrier,aves
spohar1,Spotted Harrier,aves
lowhar1,Long-winged Harrier,aves
cinhar1,Cinereous Harrier,aves
norhar1,Hen Harrier,aves
norhar2,Northern Harrier,aves
reuhar3,Malagasy Harrier,aves
palhar1,Pallid Harrier,aves
reuhar2,Reunion Harrier,aves
blahar1,Black Harrier,aves
piehar1,Pied Harrier,aves
monhar1,Montagu's Harrier,aves
afmhar1,African Marsh Harrier,aves
easmah1,Eastern Marsh Harrier,aves
easmah2,Papuan Harrier,aves
ulahaw,Ula-ai-hawane,aves
gremag1,Common Green-Magpie,aves
yebmag1,Indochinese Green-Magpie,aves
borgrm1,Bornean Green-Magpie,aves
shtmag1,Javan Green-Magpie,aves
banhon1,Banded Honeyeater,aves
magtan2,Magpie Tanager,aves
abecis1,Aberdare Cisticola,aves
rolcis2,Rock-loving Cisticola,aves
whtcis1,White-tailed Cisticola,aves
tabcis1,Tabora Cisticola,aves
chacis1,Chattering Cisticola,aves
descis1,Desert Cisticola,aves
wiscis1,Wing-snapping Cisticola,aves
rolcis4,Huambo Cisticola,aves
kilcis1,Kilombero Cisticola,aves
borcis1,Boran Cisticola,aves
sifcis1,Siffling Cisticola,aves
pepcis1,Pectoral-patch Cisticola,aves
bubcis1,Bubbling Cisticola,aves
sincis1,Singing Cisticola,aves
carcis1,Carruthers's Cisticola,aves
madcis2,Madagascar Cisticola,aves
ratcis1,Rattling Cisticola,aves
chucis1,Chubb's Cisticola,aves
ashcis1,Ashy Cisticola,aves
paccis1,Pale-crowned Cisticola,aves
clscis1,Dambo Cisticola,aves
waicis2,Lynes's Cisticola,aves
refcis1,Red-faced Cisticola,aves
gohcis1,Golden-headed Cisticola,aves
blncis1,Black-backed Cisticola,aves
pipcis2,Piping Cisticola,aves
wincis2,Rufous-winged Cisticola,aves
dorcis1,Dorst's Cisticola,aves
wincis4,Coastal Cisticola,aves
soccis1,Socotra Cisticola,aves
huncis1,Hunter's Cisticola,aves
zitcis1,Zitting Cisticola,aves
waicis3,Wailing Cisticola,aves
whicis1,Whistling Cisticola,aves
wincis5,Luapula Cisticola,aves
wincis6,Ethiopian Cisticola,aves
wincis3,Winding Cisticola,aves
sltcis1,Slender-tailed Cisticola,aves
tincis3,Tiny Cisticola,aves
crocis1,Croaking Cisticola,aves
bllcis1,Black-lored Cisticola,aves
chucis2,Churring Cisticola,aves
chicis1,Chirping Cisticola,aves
tarcis1,Tana River Cisticola,aves
stocis1,Stout Cisticola,aves
repcis1,Red-pate Cisticola,aves
grycis1,Tinkling Cisticola,aves
rufcis1,Rufous Cisticola,aves
rehcis2,Gray-backed Cisticola,aves
clocis1,Cloud Cisticola,aves
tincis1,Levaillant's Cisticola,aves
foxcis1,Foxy Cisticola,aves
tricis1,Trilling Cisticola,aves
apowre1,Apolinar's Wren,aves
merwre1,Merida Wren,aves
marwre,Marsh Wren,aves
sedwre,Grass Wren,aves
sedwre1,Sedge Wren,aves
74195,Lesueur's hairy bat,mammalia
lickin2,Sulawesi Lilac Kingfisher,aves
lickin1,Sangihe Lilac Kingfisher,aves
bansti1,Banded Stilt,aves
chwcuc1,Chestnut-winged Cuckoo,aves
grscuc1,Great Spotted Cuckoo,aves
piecuc1,Pied Cuckoo,aves
levcuc1,Levaillant's Cuckoo,aves
grseag1,Greater Spotted Eagle,aves
inseag1,Indian Spotted Eagle,aves
leseag1,Lesser Spotted Eagle,aves
lotduc,Long-tailed Duck,aves
blgdov1,Blue Ground Dove,aves
goweye1,Golden White-eye,aves
1431274,Southern Red-backed Vole,mammalia
cangro1,Canebrake Groundcreeper,aves
hhfgle1,Henna-hooded Foliage-gleaner,aves
ccfgle1,Chestnut-capped Foliage-gleaner,aves
rufgle1,Ruddy Foliage-gleaner,aves
samfog1,Santa Marta Foliage-gleaner,aves
whbtre2,White-browed Treecreeper,aves
rebtre1,Red-browed Treecreeper,aves
bkttre1,Black-tailed Treecreeper,aves
brotre2,Brown Treecreeper,aves
ruftre3,Rufous Treecreeper,aves
792832,Murray Acacia Cicada,insecta
560370,Ferny Acacia Cicada,insecta
rebbus1,Recurve-billed Bushbird,aves
ronbus1,Rondonia Bushbird,aves
orcfai1,Orange-crowned Fairywren,aves
renshr1,Rennell Shrikebill,aves
bktshr1,Black-throated Shrikebill,aves
soushr2,Southern Shrikebill,aves
bktshr2,Santa Cruz Shrikebill,aves
fijshr1,Fiji Shrikebill,aves
brotwi1,Brown Twinspot,aves
rrbtyr1,Red-rumped Bush-Tyrant,aves
rwbtyr1,Rufous-webbed Bush-Tyrant,aves
gbmtan1,Golden-backed Mountain Tanager,aves
bcmtan1,Black-chested Mountain Tanager,aves
lorsat1,Loria's Satinbird,aves
cresat1,Crested Satinbird,aves
1651012,Black-billed Cnemoscopus,aves
gyhbut1,Pink-billed Cnemoscopus,aves
fusfly1,Fuscous Flycatcher,aves
1596137,Gobi Serotine,mammalia
1596136,Long-tailed Serotine,mammalia
1596135,Meridional Serotine,mammalia
1596132,Northern Serotine,mammalia
1596130,Oriental Serotine,mammalia
1596127,Eurasian Serotine,mammalia
brofly1,Brownish Twistwing,aves
ruftwi1,Rufous Twistwing,aves
swewax1,Angola Waxbill,aves
swewax3,Swee Waxbill,aves
yebwax2,Yellow-bellied Waxbill,aves
hawfin,Hawfinch,aves
asccuc1,Ash-colored Cuckoo,aves
litcuc2,Little Cuckoo,aves
dwacuc1,Dwarf Cuckoo,aves
yebcuc,Yellow-billed Cuckoo,aves
bkbcuc,Black-billed Cuckoo,aves
pebcuc1,Pearly-breasted Cuckoo,aves
coccuc1,Cocos Cuckoo,aves
gyccuc,Gray-capped Cuckoo,aves
hislic1,Hispaniolan Lizard-Cuckoo,aves
dabcuc1,Dark-billed Cuckoo,aves
grelic1,Great Lizard-Cuckoo,aves
mancuc,Mangrove Cuckoo,aves
chbcuc4,Chestnut-bellied Cuckoo,aves
babcuc4,Bay-breasted Cuckoo,aves
jamlic1,Jamaican Lizard-Cuckoo,aves
purlic1,Puerto Rican Lizard-Cuckoo,aves
bobher1,Boat-billed Heron,aves
javcoc1,Javan Cochoa,aves
sumcoc1,Sumatran Cochoa,aves
purcoc1,Purple Cochoa,aves
grecoc1,Green Cochoa,aves
21277,Granular Glass Frog,amphibia
gobsta1,Golden-bellied Starfrontlet,aves
broinc1,Bronzy Inca,aves
colinc4,Green Inca,aves
gobsta2,Perija Starfrontlet,aves
gobsta4,Merida Starfrontlet,aves
bltsta1,Blue-throated Starfrontlet,aves
colinc3,Gould's Inca,aves
raista1,Rainbow Starfrontlet,aves
buwsta1,Buff-winged Starfrontlet,aves
dussta1,Dusky Starfrontlet,aves
whtsta1,White-tailed Starfrontlet,aves
blainc1,Black Inca,aves
colinc1,Collared Inca,aves
vitsta1,Violet-throated Starfrontlet,aves
broinc2,Brown Inca,aves
197791,Mexican Hairy Dwarf Porcupine,mammalia
552456,Orange-spined Hairy Dwarf Porcupine,mammalia
subsni1,Subantarctic Snipe,aves
noisni1,North Island Snipe,aves
snisni1,Snares Snipe,aves
soisni1,South Island Snipe,aves
chisni1,Chatham Islands Snipe,aves
banana,Bananaquit,aves
1632452,Slender Tree Frog,amphibia
blnwoo1,Black-necked Woodpecker,aves
norfli,Northern Flicker,aves
grcwoo1,Gray-crowned Woodpecker,aves
camfli1,Campo Flicker,aves
gilfli,Gilded Flicker,aves
ferfli1,Fernandina's Flicker,aves
grbwoo3,Green-barred Woodpecker,aves
norfli1,Guatemalan Flicker,aves
berfli1,Bermuda Flicker,aves
chifli1,Chilean Flicker,aves
spbwoo1,Spot-breasted Woodpecker,aves
crmwoo2,Crimson-mantled Woodpecker,aves
goowoo1,Golden-olive Woodpecker,aves
andfli1,Andean Flicker,aves
41392,Seychelles Sheath-tailed Bat,mammalia
spvear1,Sparkling Violetear,aves
lesvio1,Lesser Violetear,aves
brvear1,Brown Violetear,aves
wvvear1,White-vented Violetear,aves
grnvie1,Mexican Violetear,aves
crebob3,Crested Bobwhite,aves
crebob2,Spot-bellied Bobwhite,aves
bltbob1,Black-throated Bobwhite,aves
norbob,Northern Bobwhite,aves
rebmou1,Red-backed Mousebird,aves
whbmou1,White-backed Mousebird,aves
whhmou1,White-headed Mousebird,aves
spemou2,Speckled Mousebird,aves
1632550,Slender bleating tree frog,amphibia
1632554,Bleating Tree Frog,amphibia
1658277,Ruddy Tree Frog,amphibia
1632558,screaming tree frog,amphibia
1632559,Desert Tree Frog,amphibia
pltswi1,Plume-toed Swiftlet,aves
cavswi3,Bornean Swiftlet,aves
gloswi1,Glossy Swiftlet,aves
ridswi1,Ridgetop Swiftlet,aves
cavswi2,Cave Swiftlet,aves
gyrswi5,Gray-rumped Swiftlet,aves
chiswi1,Christmas Island Swiftlet,aves
draswi1,Drab Swiftlet,aves
tenswi1,Tenggara Swiftlet,aves
pygswi2,Pygmy Swiftlet,aves
satswi1,Satin Swiftlet,aves
bowsht1,Bower's Shrikethrush,aves
grysht1,Gray Shrikethrush,aves
rufsht1,Little Shrikethrush,aves
soosht1,Sooty Shrikethrush,aves
sansht2,Sandstone Shrikethrush,aves
1075514,Mantled Guereza,mammalia
43526,King Colobus,mammalia
daujac1,Daurian Jackdaw,aves
eurjac,Eurasian Jackdaw,aves
lottyr1,Long-tailed Tyrant,aves
pattyr2,Patagonian Tyrant,aves
65194,Panama Rocket Frog,amphibia
21108,Pratt's Rocket Frog,amphibia
whnpig1,White-naped Pigeon,aves
whcpig1,White-collared Pigeon,aves
siwpig1,Silvery Wood-Pigeon,aves
rampig1,Rameron Pigeon,aves
bolpig1,Bolle's Pigeon,aves
delpig1,Eastern Bronze-naped Pigeon,aves
niwpig1,Nilgiri Wood-Pigeon,aves
pabpig1,Yellow-eyed Pigeon,aves
spepig1,Speckled Pigeon,aves
spwpig1,Speckled Wood-Pigeon,aves
brnpig1,Western Bronze-naped Pigeon,aves
jawpig1,Black Wood-Pigeon,aves
ryupig1,Ryukyu Pigeon,aves
laupig1,Laurel Pigeon,aves
whhpig1,White-headed Pigeon,aves
snopig1,Snow Pigeon,aves
rocpig,Rock Pigeon,aves
satpig1,Sao Tome Pigeon,aves
stodov1,Stock Dove,aves
sompig1,Somali Pigeon,aves
yelpig1,Yellow-legged Pigeon,aves
anwpig1,Andaman Wood-Pigeon,aves
cowpig1,Common Wood-Pigeon,aves
compig1,Comoro Pigeon,aves
aswpig1,Ashy Wood-Pigeon,aves
pacpig1,Pale-capped Pigeon,aves
hilpig1,Hill Pigeon,aves
campig1,Cameroon Pigeon,aves
marpig1,Maroon Pigeon,aves
ceywop1,Sri Lanka Wood-Pigeon,aves
tropig1,Trocaz Pigeon,aves
afepig1,Afep Pigeon,aves
bonpig1,Bonin Pigeon,aves
metpig1,Metallic Pigeon,aves
ecgdov1,Ecuadorian Ground Dove,aves
crgdov1,Croaking Ground Dove,aves
begdov2,Blue-eyed Ground Dove,aves
incdov,Inca Dove,aves
pbgdov1,Plain-breasted Ground Dove,aves
cogdov,Common Ground Dove,aves
pigdov1,Picui Ground Dove,aves
scadov1,Scaled Dove,aves
rugdov,Ruddy Ground Dove,aves
scttan1,Scarlet-throated Tanager,aves
1596110,Amazon Hog-nosed Skunk,mammalia
925950,Molina's Hog-nosed Skunk,mammalia
41877,American Hog-nosed Skunk,mammalia
blfcot1,Black-faced Cotinga,aves
capcon1,Capped Conebill,aves
biccon1,Bicolored Conebill,aves
giacon1,Giant Conebill,aves
cincon1,Cinereous Conebill,aves
whbcon1,White-browed Conebill,aves
whecon1,White-eared Conebill,aves
pebcon1,Pearly-breasted Conebill,aves
rubcon1,Rufous-browed Conebill,aves
blbcon1,Blue-backed Conebill,aves
chvcon1,Chestnut-vented Conebill,aves
tamcon1,Tamarugo Conebill,aves
42280,Common Wildebeest,mammalia
387844,whitish meadow katydid,insecta
118961,Short-winged Meadow Katydid,insecta
499199,Conocephalus exemptus,insecta
129261,Slender Meadow Katydid,insecta
466317,Long-winged Conehead,insecta
372673,Black-kneed Meadow Katydid,insecta
371757,Woodland Meadow Katydid,insecta
460870,Blackish Meadow Katydid,insecta
whrfly,White-ringed Flycatcher,aves
lebfly2,Lemon-browed Flycatcher,aves
yetfly2,Yellow-throated Flycatcher,aves
thsfly2,Three-striped Flycatcher,aves
slagna1,Slaty Gnateater,aves
chbgna1,Chestnut-belted Gnateater,aves
chcgna1,Chestnut-crowned Gnateater,aves
rufgna2,Ceara Gnateater,aves
rufgna3,Rufous Gnateater,aves
blbgna1,Black-bellied Gnateater,aves
blcgna1,Black-cheeked Gnateater,aves
astgna1,Ash-throated Gnateater,aves
hoogna1,Hooded Gnateater,aves
chbgna3,Black-breasted Gnateater,aves
rubhon2,Rufous-banded Honeyeater,aves
ruthon1,Rufous-throated Honeyeater,aves
gryhon1,Gray Honeyeater,aves
cobtan2,Cone-billed Tanager,aves
bawtan1,Black-and-white Tanager,aves
whtpew1,White-throated Pewee,aves
tropew4,Northern Tropical Pewee,aves
cubpew1,Cuban Pewee,aves
tropew3,Southern Tropical Pewee,aves
olsfly,Olive-sided Flycatcher,aves
smcpew1,Smoke-colored Pewee,aves
hispew1,Hispaniolan Pewee,aves
leapew1,Lesser Antillean Pewee,aves
darpew1,Dark Pewee,aves
blapew1,Blackish Pewee,aves
ochpew1,Ochraceous Pewee,aves
jampew1,Jamaican Pewee,aves
grepew,Greater Pewee,aves
tropew2,Tumbes Pewee,aves
wewpew,Western Wood-Pewee,aves
eawpew,Eastern Wood-Pewee,aves
carpar,Carolina Parakeet,aves
134841,Southern Ornate Nursery Frog,amphibia
24771,Northern Ornate Nursery Frog,amphibia
andsha1,Andaman Shama,aves
mamrob1,Madagascar Magpie-Robin,aves
whrsha17,Maratua Shama,aves
blasha1,Black Shama,aves
indrob1,Indian Robin,aves
whrsha5,Sri Lanka Shama,aves
whbsha1,White-browed Shama,aves
whrsha,White-rumped Shama,aves
phimar1,Philippine Magpie-Robin,aves
whvsha1,White-vented Shama,aves
whrsha11,Kangean Shama,aves
larsha1,Larwo Shama,aves
rutsha2,Rufous-tailed Shama,aves
magrob,Oriental Magpie-Robin,aves
semrob1,Seychelles Magpie-Robin,aves
whrsha16,White-crowned Shama,aves
vissha1,Visayan Shama,aves
abyrol2,Abyssinian Roller,aves
indrol3,Indochinese Roller,aves
indrol2,Indian Roller,aves
librol2,Lilac-breasted Roller,aves
blbrol1,Blue-bellied Roller,aves
eurrol1,European Roller,aves
rucrol2,Purple Roller,aves
ratrol2,Racket-tailed Roller,aves
puwrol1,Purple-winged Roller,aves
molcus1,Moluccan Cuckooshrike,aves
piecus1,Pied Cuckooshrike,aves
boycus1,Boyer's Cuckooshrike,aves
stbcus1,Stout-billed Cuckooshrike,aves
melcus1,South Melanesian Cuckooshrike,aves
andcus1,Andaman Cuckooshrike,aves
burcus1,Buru Cuckooshrike,aves
babcuc24,Sulu Cuckooshrike,aves
javcus1,Oriental Cuckooshrike,aves
mincuc1,Mindanao Cuckooshrike,aves
larcuc3,Malayan Cuckooshrike,aves
suncus1,Sunda Cuckooshrike,aves
whrcus1,White-rumped Cuckooshrike,aves
yeecus1,Barred Cuckooshrike,aves
hoocus1,Hooded Cuckooshrike,aves
larcuc1,Indian Cuckooshrike,aves
grocus1,Ground Cuckooshrike,aves
babcuc19,Mindoro Cuckooshrike,aves
bkfcus1,Black-faced Cuckooshrike,aves
babcuc5,Visayan Cuckooshrike,aves
whbcus1,White-bellied Cuckooshrike,aves
halcus1,Halmahera Cuckooshrike,aves
walcus1,Wallacean Cuckooshrike,aves
slacus1,Slaty Cuckooshrike,aves
babcus1,Bar-bellied Cuckooshrike,aves
cercus1,Cerulean Cuckooshrike,aves
melcus3,North Melanesian Cuckooshrike,aves
seypar1,Seychelles Parrot,aves
blapar1,Lesser Vasa Parrot,aves
levpar1,Comoro Black Parrot,aves
vaspar1,Greater Vasa Parrot,aves
mabwhi1,Maroon-backed Whistler,aves
sansht1,Sangihe Whistler,aves
blkvul,Black Vulture,aves
whrman1,White-ruffed Manakin,aves
whtman1,White-throated Manakin,aves
whbman2,White-bibbed Manakin,aves
whwcho1,White-winged Chough,aves
whttre3,White-throated Treecreeper,aves
paptre1,Papuan Treecreeper,aves
41369,Chestnut Sac-winged Bat,mammalia
ruckin,Ruby-crowned Kinglet,aves
yebshr1,Yellow-billed Shrike,aves
whnrav1,White-necked Raven,aves
piecro1,Pied Crow,aves
litcro1,Little Crow,aves
amecro,American Crow,aves
capcro2,Cape Crow,aves
slbcro12,Sulawesi Crow,aves
comrav,Common Raven,aves
hoocro1,Hooded Crow,aves
y00743,Carrion Crow,aves
ausrav1,Australian Raven,aves
thbrav1,Thick-billed Raven,aves
chirav,Chihuahuan Raven,aves
somcro2,Somali Crow,aves
slbcro2,Sunda Crow,aves
flocro1,Flores Crow,aves
rook1,Rook,aves
brhcro1,Brown-headed Crow,aves
hawcro,Hawaiian Crow,aves
tamcro,Tamaulipas Crow,aves
torcro3,Bismarck Crow,aves
jamcro1,Jamaican Crow,aves
marcro1,Mariana Crow,aves
whncro1,White-necked Crow,aves
labcro1,Large-billed Crow,aves
boucro1,Bougainville Crow,aves
litrav1,Little Raven,aves
cupcro1,Cuban Palm-Crow,aves
neccro1,New Caledonian Crow,aves
cubcro1,Cuban Crow,aves
torcro2,Torresian Crow,aves
fiscro,Fish Crow,aves
palcro1,Hispaniolan Palm-Crow,aves
labcro15,Philippine Jungle Crow,aves
slbcro7,Palawan Crow,aves
fatrav1,Fan-tailed Raven,aves
brnrav1,Brown-necked Raven,aves
slbcro6,Samar Crow,aves
slbcro5,Sierra Madre Crow,aves
sincro1,Sinaloa Crow,aves
houcro1,House Crow,aves
forrav1,Forest Raven,aves
colcro1,Collared Crow,aves
grycro1,Gray Crow,aves
pipcro1,Piping Crow,aves
bancro1,Banggai Crow,aves
lobcro1,Long-billed Crow,aves
slbcro3,Violet Crow,aves
guacro1,Guadalcanal Crow,aves
dusbro1,Dusky Broadbill,aves
74205,Townsend's Big-eared Bat,mammalia
1572860,Rufous-naped Lark,aves
caclar1,Cape Clapper Lark,aves
1572871,Sentinel Lark,aves
eaclar1,Eastern Clapper Lark,aves
1573649,Red-winged Lark,aves
plalar1,Plains Lark,aves
kidlar1,Kidepo Lark,aves
higlar1,Highland Lark,aves
runlar7,Plateau Lark,aves
runlar2,Russet Lark,aves
1583707,Somali Lark,aves
blmfin1,Black-masked Finch,aves
lalbru1,Lark-like Brushrunner,aves
recfin1,Red-crested Finch,aves
pilfin1,Pileated Finch,aves
grbtur1,Great Blue Turaco,aves
souant1,Southern Antpipit,aves
rinant2,Ringed Antpipit,aves
malkin1,Malachite Kingfisher,aves
whbkin1,White-bellied Kingfisher,aves
mapkin1,Madagascar Pygmy Kingfisher,aves
malkin2,Malagasy Kingfisher,aves
cosswa1,Coscoroba Swan,aves
wcrcha1,White-crowned Robin-Chat,aves
bsrcha1,Blue-shouldered Robin-Chat,aves
chrcha1,Chorister Robin-Chat,aves
whrcha1,White-headed Robin-Chat,aves
wbrcha2,White-browed Robin-Chat,aves
rcrcha1,Red-capped Robin-Chat,aves
scrcha1,Snowy-crowned Robin-Chat,aves
rurcha1,Rüppell's Robin-Chat,aves
morcha1,Mountain Robin-Chat,aves
wbrcha1,White-bellied Robin-Chat,aves
lovcot1,Lovely Cotinga,aves
spacot1,Spangled Cotinga,aves
pubcot1,Purple-breasted Cotinga,aves
bancot1,Banded Cotinga,aves
pltcot1,Plum-throated Cotinga,aves
blucot1,Blue Cotinga,aves
turcot1,Turquoise Cotinga,aves
swirai1,Swinhoe's Rail,aves
yelrai,Yellow Rail,aves
raiqua1,Rain Quail,aves
comqua1,Common Quail,aves
harqua1,Harlequin Quail,aves
japqua,Japanese Quail,aves
nezqua1,New Zealand Quail,aves
stuqua1,Stubble Quail,aves
blucou1,Blue Coua,aves
coqcou1,Coquerel's Coua,aves
crecou1,Crested Coua,aves
runcou1,Running Coua,aves
snecou1,Snail-eating Coua,aves
giacou1,Giant Coua,aves
reccou3,Olive-capped Coua,aves
refcou1,Red-fronted Coua,aves
reccou2,Red-capped Coua,aves
rebcou1,Red-breasted Coua,aves
vercou1,Verreaux's Coua,aves
sibbut1,Silver-backed Butcherbird,aves
hoobut1,Hooded Butcherbird,aves
tagbut1,Tagula Butcherbird,aves
blbbut1,Black-backed Butcherbird,aves
piebut1,Pied Butcherbird,aves
grybut1,Gray Butcherbird,aves
crcspi1,Creamy-crested Spinetail,aves
licspi1,Light-crowned Spinetail,aves
licspi5,Line-cheeked Spinetail,aves
rumsof1,Russet-mantled Softtail,aves
asbspi1,Ash-browed Spinetail,aves
tepspi1,Tepui Spinetail,aves
rubspi5,Coiba Spinetail,aves
refspi1,Red-faced Spinetail,aves
stcspi1,Streak-capped Spinetail,aves
bolspi1,Bolivian Spinetail,aves
marspi4,Marcapata Spinetail,aves
scaspi1,Scaled Spinetail,aves
olispi1,Olive Spinetail,aves
palspi1,Pallid Spinetail,aves
stcspi2,Stripe-crowned Spinetail,aves
gyhspi1,Gray-headed Spinetail,aves
crespi1,Crested Spinetail,aves
parspi1,Parker's Spinetail,aves
rubspi4,Rusty-backed Spinetail,aves
marspi1,Vilcabamba Spinetail,aves
65212,Barking Frog,amphibia
65238,Fitzinger's Robber Frog,amphibia
bubcur1,Blue-billed Curassow,aves
blacur1,Black Curassow,aves
rebcur1,Red-billed Curassow,aves
yekcur1,Yellow-knobbed Curassow,aves
bafcur1,Bare-faced Curassow,aves
watcur1,Wattled Curassow,aves
grecur1,Great Curassow,aves
swtgul1,Swallow-tailed Gull,aves
watsta1,Wattled Starling,aves
afrcra1,African Crake,aves
slatan2,Slaty Tanager,aves
ructan4,Rufous-crested Tanager,aves
corcra,Corn Crake,aves
25225,Desert Froglet,amphibia
25232,Quacking Froglet,amphibia
25233,Rattling Froglet,amphibia
25237,Squelching Froglet,amphibia
25224,Beeping Froglet,amphibia
25236,Bleating Froglet,amphibia
25231,Common Eastern Froglet,amphibia
25235,Small Western Froglet,amphibia
25238,Tasmanian Froglet,amphibia
25234,Wallum Froglet,amphibia
grygab1,Gray Go-away-bird,aves
wbgbir1,White-bellied Go-away-bird,aves
bfgbir1,Bare-faced Go-away-bird,aves
wesple1,Western Plantain-eater,aves
easple1,Eastern Plantain-eater,aves
wesbeg1,Western Bearded-Greenbul,aves
retgre1,Red-tailed Greenbul,aves
easbeg1,Eastern Bearded-Greenbul,aves
whbgre1,White-bearded Greenbul,aves
yebgre3,Yellow-bearded Greenbul,aves
whtcan1,White-throated Canary,aves
ankser2,Ankober Serin,aves
bltcan1,Black-throated Canary,aves
sougrc1,Southern Grosbeak-Canary,aves
thbsee1,Thick-billed Seedeater,aves
sthsee3,West African Seedeater,aves
blfcan1,Black-faced Canary,aves
afrcit1,African Citril,aves
lebsee1,Lemon-breasted Seedeater,aves
satgro1,Sao Tome Grosbeak,aves
norgrc1,Northern Grosbeak-Canary,aves
whbcan1,White-bellied Canary,aves
yetser1,Yellow-throated Serin,aves
yelcan1,Yellow Canary,aves
wescit1,Western Citril,aves
sthsee2,Streaky-headed Seedeater,aves
soucit1,Southern Citril,aves
papcan1,Papyrus Canary,aves
procan1,Protea Canary,aves
whrsee,White-rumped Seedeater,aves
tansee1,Kipengere Seedeater,aves
yemser1,Yemen Serin,aves
blesee1,Black-eared Seedeater,aves
yefcan,Yellow-fronted Canary,aves
reisee4,Reichard's Seedeater,aves
reisee2,Reichenow's Seedeater,aves
olrser1,Arabian Serin,aves
prisee1,Principe Seedeater,aves
forcan1,Forest Canary,aves
reisee3,Stripe-breasted Seedeater,aves
strsee1,Streaky Seedeater,aves
brican1,Brimstone Canary,aves
drasis2,Drakensberg Siskin,aves
capsis2,Cape Siskin,aves
brrsee1,Brown-rumped Seedeater,aves
yebsee2,Yellow-browed Seedeater,aves
salser1,Salvadori's Serin,aves
yerser1,Yellow-rumped Serin,aves
46640,Greater White-toothed Shrew,mammalia
41886,Spotted Hyena,mammalia
dustet1,Dusky Tetraka,aves
yeboxy1,Madagascar Yellowbrow,aves
blephe1,Blue Eared-Pheasant,aves
whieap1,White Eared-Pheasant,aves
whieap2,Tibetan Eared-Pheasant,aves
brephe1,Brown Eared-Pheasant,aves
30764,Western Diamond-backed Rattlesnake,reptilia
30746,Timber Rattlesnake,reptilia
48268,Western Rattlesnake,reptilia
81526,Prairie Rattlesnake,reptilia
smbani,Smooth-billed Ani,aves
greani1,Greater Ani,aves
grbani,Groove-billed Ani,aves
hootre1,Hooded Treepie,aves
rattre1,Racket-tailed Treepie,aves
viswar1,Victorin's Warbler,aves
pluhaw,Plumbeous Hawk,aves
grebar2,Green Barbet,aves
yebrob1,Yellow-bellied Flyrobin,aves
spbant1,Speckle-breasted Antpitta,aves
sompig2,Sombre Pigeon,aves
greman2,Green Manakin,aves
grnman1,Choco Manakin,aves
41578,Fossa,mammalia
ducwin1,Dusky Crimsonwing,aves
rfcwin1,Red-faced Crimsonwing,aves
abcwin1,Abyssinian Crimsonwing,aves
shcwin1,Shelley's Crimsonwing,aves
crywar1,Cryptic Warbler,aves
46841,North American Least Shrew,mammalia
878265,Cryptotympana acuta,insecta
319989,Eastern horse cicada,insecta
85409,Black Giant Cicada,insecta
697706,Cryptotympana holsti,insecta
711158,Cryptotympana mandarina,insecta
891668,Cryptotympana recta,insecta
710713,Cryptotympana takasagona,insecta
blctin1,Black-capped Tinamou,aves
bartin2,Bartlett's Tinamou,aves
bertin1,Berlepsch's Tinamou,aves
slbtin1,Slaty-breasted Tinamou,aves
rustin1,Rusty Tinamou,aves
bartin1,Barred Tinamou,aves
cintin1,Cinereous Tinamou,aves
thitin1,Thicket Tinamou,aves
gyltin1,Gray-legged Tinamou,aves
reltin1,Red-legged Tinamou,aves
chotin1,Choco Tinamou,aves
yeltin1,Yellow-legged Tinamou,aves
brotin1,Brown Tinamou,aves
smbtin1,Small-billed Tinamou,aves
teptin1,Tepui Tinamou,aves
littin1,Little Tinamou,aves
bratin1,Brazilian Tinamou,aves
tattin1,Tataupa Tinamou,aves
pabtin1,Pale-browed Tinamou,aves
undtin1,Undulated Tinamou,aves
vartin1,Variegated Tinamou,aves
45893,Magellanic Tuco-tuco,mammalia
45909,Maule Tuco-tuco,mammalia
45910,Mendoza Tuco-tuco,mammalia
45895,Pearson's Tuco-tuco,mammalia
74250,Río Negro Tuco-tuco,mammalia
45903,Talas Tuco-tuco,mammalia
45891,Collared Tuco-tuco,mammalia
74256,Yolanda's tuco-tuco,mammalia
comcuc,Common Cuckoo,aves
blacuc1,Black Cuckoo,aves
suhcuc1,Sulawesi Cuckoo,aves
afrcuc1,African Cuckoo,aves
suncuc2,Sunda Cuckoo,aves
indcuc1,Indian Cuckoo,aves
oricuc2,Oriental Cuckoo,aves
lescuc1,Lesser Cuckoo,aves
madcuc1,Madagascar Cuckoo,aves
himcuc1,Himalayan Cuckoo,aves
reccuc1,Red-chested Cuckoo,aves
gyhcaf1,Gray-headed Canary-Flycatcher,aves
citcaf1,Citrine Canary-Flycatcher,aves
shttyr1,Sharp-tailed Tyrant,aves
74257,Spotted Paca,mammalia
74258,Mountain Paca,mammalia
42101,Dhole,mammalia
ausbla1,Austral Blackbird,aves
balwar1,Balearic Warbler,aves
banwar2,Banded Parisoma,aves
yemwar1,Yemen Warbler,aves
easwar1,Eastern Subalpine Warbler,aves
grewhi1,Greater Whitethroat,aves
spewar2,Spectacled Warbler,aves
eaowar2,Eastern Orphean Warbler,aves
leswhi4,Lesser Whitethroat,aves
afdwar1,African Desert Warbler,aves
triwar1,Tristram's Warbler,aves
weowar2,Western Orphean Warbler,aves
subwar6,Western Subalpine Warbler,aves
laywar2,Layard's Warbler,aves
reswar1,Arabian Warbler,aves
brnwar1,Brown Parisoma,aves
sarwar1,Sardinian Warbler,aves
cypwar1,Cyprus Warbler,aves
menwar1,Menetries's Warbler,aves
asdwar1,Asian Desert Warbler,aves
barwar1,Barred Warbler,aves
ruewar1,Rüppell's Warbler,aves
marwar1,Marmora's Warbler,aves
subwar8,Moltoni's Warbler,aves
ruvwar2,Chestnut-vented Warbler,aves
darwar1,Dartford Warbler,aves
indcou1,Indian Courser,aves
crccou1,Cream-colored Courser,aves
burcou2,Burchell's Courser,aves
somcou1,Somali Courser,aves
temcou1,Temminck's Courser,aves
viecut1,Vietnamese Cutia,aves
cutia1,Himalayan Cutia,aves
purhon1,Purple Honeycreeper,aves
relhon1,Red-legged Honeycreeper,aves
shihon1,Shining Honeycreeper,aves
shbhon2,Short-billed Honeycreeper,aves
blbtan2,Blue-backed Tanager,aves
blutit,Eurasian Blue Tit,aves
azutit2,Azure Tit,aves
afbtit2,African Blue Tit,aves
buwgoo1,Blue-winged Goose,aves
blujay,Blue Jay,aves
stejay,Steller's Jay,aves
blubun,Blue Bunting,aves
blcjay1,Black-chested Jay,aves
pubjay1,Purplish-backed Jay,aves
azujay1,Azure Jay,aves
cayjay1,Cayenne Jay,aves
plcjay1,Plush-crested Jay,aves
btmjay,Black-throated Magpie-Jay,aves
cucjay1,Curl-crested Jay,aves
purjay1,Purplish Jay,aves
whnjay1,White-naped Jay,aves
tufjay1,Tufted Jay,aves
wtmjay1,White-throated Magpie-Jay,aves
aznjay1,Azure-naped Jay,aves
bucjay1,Bushy-crested Jay,aves
brnjay,Brown Jay,aves
whtjay2,White-tailed Jay,aves
sabjay,San Blas Jay,aves
viojay1,Violaceous Jay,aves
grnjay,Green Jay,aves
yucjay1,Yucatan Jay,aves
chwbab3,Gray-hooded Babbler,aves
golbab1,Golden Babbler,aves
chwbab1,Chestnut-winged Babbler,aves
crcbab1,Crescent-chested Babbler,aves
blcbab2,Black-chinned Babbler,aves
rucbab1,Rufous-capped Babbler,aves
rufbab2,Rufous-fronted Babbler,aves
blucus1,Blue Cuckooshrike,aves
bluvan2,Comoro Blue Vanga,aves
bluvan3,Madagascar Blue Vanga,aves
burpar,Burrowing Parakeet,aves
ultgro1,Ultramarine Grosbeak,aves
bubgro1,Blue-black Grosbeak,aves
glbgro1,Glaucous-blue Grosbeak,aves
bubgro2,Amazonian Grosbeak,aves
sitjay1,Silvery-throated Jay,aves
blcjay2,Black-collared Jay,aves
azhjay1,Azure-hooded Jay,aves
whtjay1,White-throated Jay,aves
dwajay1,Dwarf Jay,aves
beajay1,Beautiful Jay,aves
bltjay1,Black-throated Jay,aves
turjay1,Turquoise Jay,aves
whcjay2,White-collared Jay,aves
buhsun1,Blue-headed Sunbird,aves
bansun3,Bannerman's Sunbird,aves
btbsun2,Blue-throated Brown Sunbird,aves
eaosun1,Olive Sunbird,aves
camsun2,Cameroon Sunbird,aves
mocsun2,Mouse-colored Sunbird,aves
gnhsun1,Green-headed Sunbird,aves
azwmag3,Iberian Magpie,aves
azwmag2,Azure-winged Magpie,aves
spimac1,Spix's Macaw,aves
zapfly1,Zappey's Flycatcher,aves
bawfly2,Blue-and-white Flycatcher,aves
yefpar3,Yellow-crowned Parakeet,aves
noipar1,Norfolk Island Parakeet,aves
chipar1,Chatham Islands Parakeet,aves
reipar1,Reischek's Parakeet,aves
malpar2,Malherbe's Parakeet,aves
refpar4,Red-crowned Parakeet,aves
necpar1,New Caledonian Parakeet,aves
raipar1,Raiatea Parakeet,aves
antpar1,Antipodes Parakeet,aves
blfpar2,Black-fronted Parakeet,aves
rubpep1,Rufous-browed Peppershrike,aves
blbpep1,Black-billed Peppershrike,aves
205176,Green Grocer,insecta
lafpar1,Large Fig-Parrot,aves
defpar1,Double-eyed Fig-Parrot,aves
edfpar1,Edwards's Fig-Parrot,aves
safpar1,Salvadori's Fig-Parrot,aves
605925,Two-Toothed Scaly Cricket,insecta
558372,syncopated scaly cricket,insecta
1204516,Reluctant Scaly Cricket,insecta
746461,Slosson's Scaly Cricket,insecta
blkswa,Black Swan,aves
truswa,Trumpeter Swan,aves
tunswa,Tundra Swan,aves
whoswa,Whooper Swan,aves
blnswa2,Black-necked Swan,aves
mutswa,Mute Swan,aves
fasant1,Fasciated Antshrike,aves
bamant1,Bamboo Antshrike,aves
barbro1,Black-and-red Broadbill,aves
goceme1,Golden-crowned Emerald,aves
caneme1,Canivet's Emerald,aves
brbhum2,Turquoise-crowned Hummingbird,aves
cozeme1,Cozumel Emerald,aves
brbhum,Broad-billed Hummingbird,aves
brbhum3,Tres Marias Hummingbird,aves
74262,greenhall's dog-faced bat,mammalia
1431073,Thomas's Dog-faced Bat,mammalia
74263,Mexican Dog-faced Bat,mammalia
74265,southern dog-faced bat,mammalia
46180,Gunnison's Prairie Dog,mammalia
46177,White-tailed Prairie Dog,mammalia
46179,Black-tailed Prairie Dog,mammalia
46176,Mexican Prairie Dog,mammalia
46178,Utah Prairie Dog,mammalia
40792,Greater Short-nosed Fruit Bat,mammalia
hibfly3,Javan Blue Flycatcher,aves
bncjuf1,Brown-chested Jungle Flycatcher,aves
lobblf1,Sunda Blue Flycatcher,aves
bubfly2,Rufous-breasted Blue Flycatcher,aves
suljuf1,Sula Jungle Flycatcher,aves
butfly2,Chinese Blue Flycatcher,aves
habfly1,Hainan Blue Flycatcher,aves
bubfly1,Blue-breasted Blue Flycatcher,aves
merjuf1,Meratus Blue Flycatcher,aves
subfly5,Kalao Blue Flycatcher,aves
pabfly1,Palawan Blue Flycatcher,aves
larblf1,Large Blue Flycatcher,aves
hibfly4,Dayak Blue Flycatcher,aves
nicjuf1,Nicobar Jungle Flycatcher,aves
chtjuf3,Sulu Jungle Flycatcher,aves
fucjuf1,Fulvous-chested Jungle Flycatcher,aves
subfly1,Sulawesi Blue Flycatcher,aves
wbbfly1,White-bellied Blue Flycatcher,aves
banjuf1,Banggai Jungle Flycatcher,aves
pacblf1,Pale-chinned Flycatcher,aves
butfly1,Blue-throated Flycatcher,aves
rubfly1,Rück's Blue Flycatcher,aves
chtjuf2,Philippine Jungle Flycatcher,aves
chtjuf4,Crocker Jungle Flycatcher,aves
mabfly2,Mangrove Blue Flycatcher,aves
tibfly4,Indochinese Blue Flycatcher,aves
bobfly2,Bornean Blue Flycatcher,aves
tibfly3,Tickell's Blue Flycatcher,aves
mabfly1,Malaysian Blue Flycatcher,aves
gycjuf1,Gray-chested Jungle Flycatcher,aves
pabfly2,Pale Blue Flycatcher,aves
hibfly1,Hill Blue Flycatcher,aves
454805,Great Grig,insecta
muswre2,Musician Wren,aves
chbwre2,Northern Chestnut-breasted Wren,aves
sonwre1,Song Wren,aves
chbwre3,Southern Chestnut-breasted Wren,aves
spfswi1,Spot-fronted Swift,aves
whcswi1,White-chinned Swift,aves
sooswi1,Sooty Swift,aves
whcswi2,White-chested Swift,aves
blkswi,Black Swift,aves
rotswi1,Rothschild's Swift,aves
grdswi1,Great Dusky Swift,aves
whfswi1,White-fronted Swift,aves
aspswi1,Asian Palm Swift,aves
malpas1,Malagasy Palm Swift,aves
afpswi1,African Palm Swift,aves
whrtan1,White-rumped Tanager,aves
monqua,Montezuma Quail,aves
ocequa1,Ocellated Quail,aves
324893,Columbian Trig,insecta
963593,Gundlach's trig,insecta
709539,Rare Bladder Cicada,insecta
338901,Bladder Cicada,insecta
369188,Lesser Bladder Cicada,insecta
rubkoo1,Rufous-bellied Kookaburra,aves
blwkoo1,Blue-winged Kookaburra,aves
laukoo1,Laughing Kookaburra,aves
shbkoo1,Shovel-billed Kookaburra,aves
spakoo1,Spangled Kookaburra,aves
whbdac1,White-bellied Dacnis,aves
scbdac1,Scarlet-breasted Dacnis,aves
bludac1,Blue Dacnis,aves
1651310,Yellow-tufted Dacnis,aves
yebdac1,Yellow-bellied Dacnis,aves
turdac1,Turquoise Dacnis,aves
blfdac1,Black-faced Dacnis,aves
blldac1,Black-legged Dacnis,aves
sctdac1,Scarlet-thighed Dacnis,aves
virdac1,Viridian Dacnis,aves
43918,Bolivian Bamboo Rat,mammalia
43920,Amazon Bamboo Rat,mammalia
42733,Striped Possum,mammalia
sinqua1,Singing Quail,aves
42161,European Fallow Deer,mammalia
varsit8,Varied Sittella,aves
blksit1,Black Sittella,aves
varsit1,Papuan Sittella,aves
cappet,Pintado Petrel,aves
whtcar1,White-throated Caracara,aves
blacar1,Black Caracara,aves
strcar1,Striated Caracara,aves
carcar1,Carunculated Caracara,aves
yehcar1,Yellow-headed Caracara,aves
chicar1,Chimango Caracara,aves
moucar1,Mountain Caracara,aves
pygbab1,Mindanao Pygmy-Babbler,aves
vispyb1,Visayan Pygmy-Babbler,aves
fltbab1,Flame-templed Babbler,aves
scfmal1,Scale-feathered Malkoha,aves
recmal1,Red-crested Malkoha,aves
easbri1,Eastern Bristlebird,aves
rufbri1,Rufous Bristlebird,aves
wesbri1,Western Bristlebird,aves
43721,Azara's Agouti,mammalia
852338,Red-rumped Agouti,mammalia
43712,Central American Agouti,mammalia
1647420,West Andean Long-nosed Armadillo,mammalia
1647419,Mexican Long-nosed Armadillo,mammalia
40169,Western Quoll,mammalia
40166,Spotted-tailed Quoll,mammalia
lotwoo4,Whistling Long-tailed Woodcreeper,aves
lotwoo5,Mournful Long-tailed Woodcreeper,aves
lotwoo3,Piping Long-tailed Woodcreeper,aves
127182,White-faced Bush-cricket,insecta
147950,Wart-biter,insecta
gyholi1,Gray-headed Oliveback,aves
gyhsun1,Gray-headed Sunbird,aves
sctsun2,Fraser's Sunbird,aves
ashmar1,Asian House-Martin,aves
comhom2,Siberian House-Martin,aves
nephom1,Nepal House-Martin,aves
comhom1,Western House-Martin,aves
41461,Beluga,mammalia
41524,Common Dolphins,mammalia
soogro1,Sooty Grouse,aves
dusgro,Dusky Grouse,aves
citwoo1,Cinnamon-throated Woodcreeper,aves
tawwoo1,Tawny-winged Woodcreeper,aves
plbwoo1,Plain-brown Woodcreeper,aves
rudwoo1,Ruddy Woodcreeper,aves
whcwoo1,White-chinned Woodcreeper,aves
plwwoo1,Plain-winged Woodcreeper,aves
tyrwoo1,Tyrannine Woodcreeper,aves
andtre1,Andaman Treepie,aves
bortre1,Bornean Treepie,aves
grytre1,Gray Treepie,aves
coltre1,Collared Treepie,aves
whbtre1,White-bellied Treepie,aves
sumtre1,Sumatran Treepie,aves
ruftre2,Rufous Treepie,aves
amabaw1,Amazonian Barred-Woodcreeper,aves
hofwoo2,Hoffmanns's Woodcreeper,aves
blbwoo1,Black-banded Woodcreeper,aves
plawoo1,Planalto Woodcreeper,aves
nobwoo1,Northern Barred-Woodcreeper,aves
frbwoo1,Freckle-breasted Woodpecker,aves
sinwoo1,Sind Woodpecker,aves
stbwoo4,Stripe-breasted Woodpecker,aves
darwoo1,Darjeeling Woodpecker,aves
himwoo1,Himalayan Woodpecker,aves
rubwoo1,Rufous-bellied Woodpecker,aves
whwwoo1,White-winged Woodpecker,aves
whbwoo1,White-backed Woodpecker,aves
fubwoo2,Fulvous-breasted Woodpecker,aves
grswoo,Great Spotted Woodpecker,aves
okiwoo1,Okinawa Woodpecker,aves
syrwoo1,Syrian Woodpecker,aves
brfwoo1,Brown-fronted Woodpecker,aves
arawoo1,Arabian Woodpecker,aves
miswoo1,Middle Spotted Woodpecker,aves
wiwduc1,West Indian Whistling-Duck,aves
wawduc1,Wandering Whistling-Duck,aves
bbwduc,Black-bellied Whistling-Duck,aves
fuwduc,Fulvous Whistling-Duck,aves
plwduc1,Plumed Whistling-Duck,aves
spwduc1,Spotted Whistling-Duck,aves
lewduc1,Lesser Whistling-Duck,aves
wfwduc1,White-faced Whistling-Duck,aves
43092,Southern Tree Hyrax,mammalia
43093,Western Tree Hyrax,mammalia
1275964,Benin Tree Hyrax,mammalia
43091,Eastern Tree Hyrax,mammalia
chwfog1,Chestnut-winged Foliage-gleaner,aves
bffgle,Buff-fronted Foliage-gleaner,aves
44972,Brant's climbing mouse,mammalia
forwag1,Forest Wagtail,aves
abywoo1,Abyssinian Woodpecker,aves
ligwoo3,Little Gray Woodpecker,aves
ellwoo1,Elliot's Woodpecker,aves
carwoo1,Cardinal Woodpecker,aves
gabwoo1,Gabon Woodpecker,aves
grywoo1,African Gray Woodpecker,aves
oliwoo2,Olive Woodpecker,aves
melwoo1,Melancholy Woodpecker,aves
brbwoo1,Brown-backed Woodpecker,aves
spbwoo2,Speckle-breasted Woodpecker,aves
gyhwoo1,Mountain Gray Woodpecker,aves
stiwoo1,Stierling's Woodpecker,aves
zimwoo2,Zimmer's Woodcreeper,aves
stbwoo2,Straight-billed Woodcreeper,aves
65333,Bertha's Tree Frog,amphibia
65336,Bogert's Aquatic Tree Frog,amphibia
65344,Boettger's Colombian Tree Frog,amphibia
65349,Harlequin Treefrog,amphibia
65350,Elegant Forest Tree Frog,amphibia
65373,Yellow Treefrog,amphibia
65374,Nova Friburgo Tree Frog,amphibia
65377,Lesser Tree Frog,amphibia
1595931,Green Dotted Tree Frog,amphibia
65380,Dwarf Tree Frog,amphibia
65398,Sanborn's Tree Frog,amphibia
65413,Bailey's Brazillian Tree Frog,amphibia
bewpar1,Bearded Wood-Partridge,aves
bcwpar1,Buffy-crowned Wood-Partridge,aves
ltwpar1,Long-tailed Wood-Partridge,aves
refpar3,Red-fan Parrot,aves
41168,Common Vampire Bat,mammalia
ofrcha1,Olive-flanked Robin-Chat,aves
arrcha1,Archer's Robin-Chat,aves
carcha1,Cape Robin-Chat,aves
wtrcha1,White-throated Robin-Chat,aves
canfly2,Canary Flyrobin,aves
360028,Dianemobius fascipes,insecta
hawrai1,Hawkins's Rail,aves
65418,Tink Frog,amphibia
65424,Agua Buena Robber Frog,amphibia
midflo1,Midget Flowerpecker,aves
gorflo1,Golden-rumped Flowerpecker,aves
flcflo2,Yellow-crowned Flowerpecker,aves
yesflo1,Yellow-sided Flowerpecker,aves
resflo1,Red-keeled Flowerpecker,aves
fibflo5,Sumatran Flowerpecker,aves
bicflo1,Bicolored Flowerpecker,aves
fibflo3,Cambodian Flowerpecker,aves
gysflo1,Gray-sided Flowerpecker,aves
plaflo1,Nilgiri Flowerpecker,aves
scbflo1,Scarlet-backed Flowerpecker,aves
speflo1,Spectacled Flowerpecker,aves
pabflo1,Pale-billed Flowerpecker,aves
flbflo2,Buru Flowerpecker,aves
rebflo1,Red-banded Flowerpecker,aves
recflo1,Red-capped Flowerpecker,aves
rekflo1,Black-belted Flowerpecker,aves
blbflo4,Timor Flowerpecker,aves
mistle1,Mistletoebird,aves
whbflo1,Buzzing Flowerpecker,aves
blfflo1,Black-fronted Flowerpecker,aves
fibflo1,Fire-breasted Flowerpecker,aves
flcflo3,Flame-crowned Flowerpecker,aves
mistle2,Pink-breasted Flowerpecker,aves
fibflo4,Fire-throated Flowerpecker,aves
recflo2,Red-chested Flowerpecker,aves
plaflo2,Plain Flowerpecker,aves
blsflo1,Black-sided Flowerpecker,aves
crcflo1,Crimson-crowned Flowerpecker,aves
olcflo1,Olive-capped Flowerpecker,aves
louflo1,Louisiade Flowerpecker,aves
olcflo2,Olive-crowned Flowerpecker,aves
pygflo1,Pygmy Flowerpecker,aves
cebflo1,Cebu Flowerpecker,aves
sccflo1,Scarlet-collared Flowerpecker,aves
blbflo6,Flores Flowerpecker,aves
blbflo5,Javan Flowerpecker,aves
flbflo3,Halmahera Flowerpecker,aves
orbflo1,Orange-bellied Flowerpecker,aves
motflo1,Mottled Flowerpecker,aves
schflo1,Scarlet-headed Flowerpecker,aves
andflo1,Andaman Flowerpecker,aves
ashflo1,Ashy Flowerpecker,aves
blbflo3,Sumba Flowerpecker,aves
119925,Citrus Cicada,insecta
244015,Verdant Plain Flag-Bearer,insecta
119928,Diceroprocta cinctifera,insecta
244012,Delicate Flag-Bearer,insecta
244011,Tablelands Flag-Bearer,insecta
119926,Olympic Scrub Cicada,insecta
244000,Sonoran Flag-Bearer,insecta
244008,Stripewing Flag-Bearer,insecta
244007,Texas Plain Flag-Bearer,insecta
1115724,Atlantic Saltmarsh Cicada,insecta
244001,Green-winged Cicada,insecta
banant2,Banded Antbird,aves
41365,Northern Ghost Bat,mammalia
41366,Greater Ghost Bat,mammalia
45691,Northern Collared Lemming,mammalia
fotdro5,Fork-tailed Drongo,aves
brodro1,Bronzed Drongo,aves
alddro1,Aldabra Drongo,aves
anddro1,Andaman Drongo,aves
crbdro1,Crow-billed Drongo,aves
shidro1,Shining Drongo,aves
balica1,Balicassiao,aves
spadro1,Spangled Drongo,aves
whbdro1,White-bellied Drongo,aves
waldro1,Wallacean Drongo,aves
credro1,Crested Drongo,aves
comdro1,Grande Comore Drongo,aves
hacdro1,Hair-crested Drongo,aves
ashdro1,Ashy Drongo,aves
srldro1,Sri Lanka Drongo,aves
cstdro1,Square-tailed Drongo,aves
bladro1,Black Drongo,aves
ritdro1,Ribbon-tailed Drongo,aves
tabdro1,Tablas Drongo,aves
vemdro6,Velvet-mantled Drongo,aves
suldro1,Sulawesi Drongo,aves
paldro1,Palawan Drongo,aves
grtdro1,Greater Racket-tailed Drongo,aves
lrtdro1,Lesser Racket-tailed Drongo,aves
shadro2,Sharpe's Drongo,aves
hacdro3,Short-tailed Drongo,aves
sumdro1,Sumatran Drongo,aves
maydro1,Mayotte Drongo,aves
42658,White-eared Opossum,mammalia
42657,Big-eared Opossum,mammalia
42649,Southern Opossum,mammalia
42652,Virginia Opossum,mammalia
tobpig1,Tooth-billed Pigeon,aves
208197,Golden Twanger,insecta
whsflo1,White-sided Flowerpiercer,aves
cibflo1,Cinnamon-bellied Flowerpiercer,aves
bktflo1,Black-throated Flowerpiercer,aves
bluflo1,Bluish Flowerpiercer,aves
gybflo1,Gray-bellied Flowerpiercer,aves
masflo1,Masked Flowerpiercer,aves
scaflo1,Scaled Flowerpiercer,aves
debflo1,Deep-blue Flowerpiercer,aves
merflo1,Merida Flowerpiercer,aves
chbflo1,Chestnut-bellied Flowerpiercer,aves
blkflo1,Black Flowerpiercer,aves
indflo1,Indigo Flowerpiercer,aves
gloflo1,Glossy Flowerpiercer,aves
greflo1,Greater Flowerpiercer,aves
mouflo1,Moustached Flowerpiercer,aves
slaflo1,Slaty Flowerpiercer,aves
rusflo1,Rusty Flowerpiercer,aves
venflo1,Venezuelan Flowerpiercer,aves
552057,Dimissalna dimissa,insecta
whbwea1,White-headed Buffalo-Weaver,aves
bkrfla1,Black-rumped Flameback,aves
sptfla1,Spot-throated Flameback,aves
comfla1,Common Flameback,aves
bkrfla2,Red-backed Flameback,aves
himfla1,Himalayan Flameback,aves
410558,South Island Giant Moa,aves
wanalb5,Amsterdam Albatross,aves
antalb1,Antipodean Albatross,aves
wanalb3,Tristan Albatross,aves
royalb2,Southern Royal Albatross,aves
wanalb1,Snowy Albatross,aves
royalb3,Northern Royal Albatross,aves
resmac2,Red-shouldered Macaw,aves
mbopar2,Magnificent Bird-of-Paradise,aves
wbopar1,Wilson's Bird-of-Paradise,aves
gretho1,Green Thorntail,aves
bkbtho1,Black-bellied Thorntail,aves
coptho2,Coppery Thorntail,aves
ratcoq2,Racket-tipped Thorntail,aves
wictho2,Wire-crested Thorntail,aves
codfin1,Diuca Finch,aves
melbla1,Melodious Blackbird,aves
scrbla1,Scrub Blackbird,aves
boboli,Bobolink,aves
43802,Patagonian Mara,mammalia
chbcot1,Chestnut-bellied Cotinga,aves
bavcot1,Bay-vented Cotinga,aves
bkcdon,Black-capped Donacobius,aves
ltrfin1,Long-tailed Reed Finch,aves
mexshe1,Mexican Sheartail,aves
sleshe1,Slender Sheartail,aves
811074,Dorisiana noriegai,insecta
blflan1,Blue-fronted Lancebill,aves
grflan1,Green-fronted Lancebill,aves
46172,Orange-bellied Himalayan Squirrel,mammalia
46170,Perny's Long-nosed Squirrel,mammalia
46171,Red-hipped Squirrel,mammalia
46174,Asian Red-cheeked Squirrel,mammalia
iiwi,Iiwi,aves
blkmam,Black Mamo,aves
hawmam1,Hawaii Mamo,aves
gowsun2,Golden-winged Sunbird,aves
blbsic1,Black-billed Sicklebill,aves
pabsic1,Pale-billed Sicklebill,aves
satsun1,Sao Tome Sunbird,aves
bcatan1,Black-cheeked Ant-Tanager,aves
cratan1,Crested Ant-Tanager,aves
rtatan1,Red-throated Ant-Tanager,aves
soatan1,Sooty Ant-Tanager,aves
emu1,Emu,aves
craplo1,Crab-Plover,aves
pavcuc1,Pavonine Cuckoo,aves
phecuc1,Pheasant Cuckoo,aves
rwgwar2,Red-winged Gray Warbler,aves
papscr2,Papuan Scrub-Robin,aves
sosrob1,Southern Scrub-Robin,aves
nosrob1,Northern Scrub-Robin,aves
1632579,Eastern Dwarf Tree Frog,amphibia
lotant1,East Andean Antbird,aves
strant2,Striated Antbird,aves
ferant1,Ferruginous Antbird,aves
rutant1,Rufous-tailed Antbird,aves
samant2,Santa Marta Antbird,aves
klaant2,Klages's Antbird,aves
dutant1,Dusky-tailed Antbird,aves
ocrant1,Ochre-rumped Antbird,aves
berant1,Bertoni's Antbird,aves
scaant2,Scaled Antbird,aves
sthant1,Streak-headed Antbird,aves
scbwoo4,Scimitar-billed Woodcreeper,aves
grescy1,Greater Scythebill,aves
crbwoo6,Crimson-naped Woodpecker,aves
leswoo1,Lesser Spotted Woodpecker,aves
nutwoo,Nuttall's Woodpecker,aves
crbwoo7,Necklaced Woodpecker,aves
dowwoo,Downy Woodpecker,aves
labwoo,Ladder-backed Woodpecker,aves
andwoo1,Andaman Woodpecker,aves
whbwoo2,White-bellied Woodpecker,aves
linwoo1,Lineated Woodpecker,aves
blawoo1,Black Woodpecker,aves
pilwoo,Pileated Woodpecker,aves
blbwoo3,Black-bodied Woodpecker,aves
reurai1,Reunion Rail,aves
whtrai1,White-throated Rail,aves
1668924,Pine barrens tree frog,amphibia
1668926,Canyon Tree Frog,amphibia
1668927,Bird-voiced Treefrog,amphibia
1668922,Cope's Gray Tree Frog,amphibia
1668858,Green Treefrog,amphibia
1668952,Mountain Tree Frog,amphibia
1668953,Pine Woods Tree Frog,amphibia
1668962,Barking Tree Frog,amphibia
1668963,Spotless Tree Toad,amphibia
1668965,Japanese Tree Frog,amphibia
1668966,Eastern Japanese Tree Frog,amphibia
1668859,Squirrel Tree Frog,amphibia
1668969,Suweon Tree Frog,amphibia
1668923,Gray Treefrog,amphibia
1632582,Mountain Stream Frog,amphibia
1632583,Blue Mountains Tree Frog,amphibia
1632586,Narrow-fringed Frog,amphibia
1632587,Cascade Tree Frog,amphibia
1632589,Leaf Green Tree Frog,amphibia
pifpuf1,Pink-footed Puffback,aves
blbpuf2,Black-backed Puffback,aves
norpuf1,Northern Puffback,aves
pripuf1,Pringle's Puffback,aves
labpuf1,Sabine's Puffback,aves
reepuf1,Red-eyed Puffback,aves
bubmot4,Carriker's Mountain Tanager,aves
cbmtan1,Chestnut-bellied Mountain Tanager,aves
bubmot1,Streak-crowned Mountain Tanager,aves
bubmot3,Buff-banded Mountain Tanager,aves
499194,Ducetia japonica,insecta
gripig1,Green Imperial-Pigeon,aves
poipig1,Polynesian Imperial-Pigeon,aves
moipig1,Mountain Imperial-Pigeon,aves
baipig1,Baker's Imperial-Pigeon,aves
cbipig2,Cinnamon-bellied Imperial-Pigeon,aves
piipig1,Pied Imperial-Pigeon,aves
cbipig1,Chestnut-bellied Imperial-Pigeon,aves
spipig3,Spotted Imperial-Pigeon,aves
rufimp1,Rufescent Imperial-Pigeon,aves
tiipig1,Timor Imperial-Pigeon,aves
elipig1,Elegant Imperial-Pigeon,aves
mouimp1,Malabar Imperial-Pigeon,aves
fiipig1,Finsch's Imperial-Pigeon,aves
wbipig1,White-bellied Imperial-Pigeon,aves
marimp1,Nuku Hiva Imperial-Pigeon,aves
spiimp2,Geelvink Imperial-Pigeon,aves
ncipig1,New Caledonian Imperial-Pigeon,aves
dbipig1,Dark-backed Imperial-Pigeon,aves
peipig1,Barking Imperial-Pigeon,aves
whiimp1,Silver-tipped Imperial-Pigeon,aves
biipig1,Bismarck Imperial-Pigeon,aves
miipig2,Mindoro Imperial-Pigeon,aves
coipig1,Collared Imperial-Pigeon,aves
spipig1,Spice Imperial-Pigeon,aves
wheimp1,Seram Imperial-Pigeon,aves
grnimp2,Nicobar Imperial-Pigeon,aves
miipig1,Micronesian Imperial-Pigeon,aves
grnimp5,Enggano Imperial-Pigeon,aves
paipig1,Pacific Imperial-Pigeon,aves
wheimp2,Spectacled Imperial-Pigeon,aves
gryimp1,Gray Imperial-Pigeon,aves
piipig2,Pinon's Imperial-Pigeon,aves
isipig1,Island Imperial-Pigeon,aves
pbipig1,Pink-bellied Imperial-Pigeon,aves
gyhimp1,Gray-headed Imperial-Pigeon,aves
phipig1,Pink-headed Imperial-Pigeon,aves
rkipig1,Red-knobbed Imperial-Pigeon,aves
ptipig1,Purple-tailed Imperial-Pigeon,aves
torimp1,Torresian Imperial-Pigeon,aves
torimp2,Yellowish Imperial-Pigeon,aves
ciipig1,Christmas Island Imperial-Pigeon,aves
zoeimp1,Zoe's Imperial-Pigeon,aves
1112426,Legler's Stream Frog,amphibia
palmch1,Palmchat,aves
grycat,Gray Catbird,aves
dafbab1,Dark-fronted Babbler,aves
tabbab1,Tawny-bellied Babbler,aves
922775,Dundubia annandalei,insecta
564681,Dundubia nagarasingna,insecta
905116,Dundubia spiculata,insecta
568769,Dundubia vaginata,insecta
62345,Asian Common Toad,amphibia
chweye1,Chestnut Wattle-eye,aves
weawae1,West African Wattle-eye,aves
wsweye1,White-spotted Wattle-eye,aves
whsant4,White-streaked Antvireo,aves
plaant1,Plain Antvireo,aves
bicant4,Bicolored Antvireo,aves
pluant3,Plumbeous Antvireo,aves
spcant1,Spot-crowned Antvireo,aves
spbant5,Spot-breasted Antvireo,aves
stcant1,Streak-crowned Antvireo,aves
rubant2,Rufous-backed Antvireo,aves
lanhoo,Lanai Hookbill,aves
eclpar2,Sumba Eclectus,aves
ocepar1,Oceanic Eclectus,aves
eclpar4,Papuan Eclectus,aves
eclpar3,Tanimbar Eclectus,aves
eclpar1,Moluccan Eclectus,aves
paspig,Passenger Pigeon,aves
mancic1,Manus Cicadabird,aves
comcic11,South Moluccan Cicadabird,aves
neccus1,New Caledonian Cuckooshrike,aves
pagcus1,Pale Cicadabird,aves
blacus1,Blackish Cuckooshrike,aves
kaicus1,Kai Cicadabird,aves
sumcus1,Pale-shouldered Cicadabird,aves
1585845,Central Melanesian Cicadabird,aves
1585850,North Moluccan Cicadabird,aves
soicus1,Solomons Cicadabird,aves
papcus1,Papuan Cicadabird,aves
cicada3,Pohnpei Cicadabird,aves
negcus1,Black Cicadabird,aves
comcic4,Geelvink Cicadabird,aves
bkbcus1,Black-bibbed Cicadabird,aves
cicada4,Palau Cicadabird,aves
bkbcus2,Black-bellied Cicadabird,aves
sulcus2,Sulawesi Cicadabird,aves
cicada5,Yap Cicadabird,aves
comcic20,Obi Cicadabird,aves
whwcus1,White-winged Cuckooshrike,aves
comcic19,Banggai Cicadabird,aves
1585852,Bismarck Cicadabird,aves
comcic5,Rossel Cicadabird,aves
cicada7,Makira Cicadabird,aves
1585829,Sangihe cicadabird,aves
gyhcus1,Gray-headed Cicadabird,aves
sulcus1,Sula Cicadabird,aves
cicada1,Sahul Cicadabird,aves
1585836,Timor Cicadabird,aves
solcuc4,Malaita Cicadabird,aves
blaher1,Black Heron,aves
libher,Little Blue Heron,aves
chiegr,Chinese Egret,aves
litegr,Little Egret,aves
werher,Western Reef-Heron,aves
whfher1,White-faced Heron,aves
pieher2,Pied Heron,aves
redegr,Reddish Egret,aves
pacreh1,Pacific Reef-Heron,aves
snoegr,Snowy Egret,aves
triher,Tricolored Heron,aves
slaegr1,Slaty Egret,aves
40828,Madagascan Fruit Bat,mammalia
40827,Straw-coloured Fruit Bat,mammalia
41774,Tayra,mammalia
25092,Two-colored oval frog,amphibia
spwbab1,Spotted Elachura,aves
whcela1,White-crested Elaenia,aves
cooela1,Coopmans's Elaenia,aves
graela4,Hispaniolan Elaenia,aves
lesela1,Lesser Elaenia,aves
plcela1,Plain-crested Elaenia,aves
greela1,Great Elaenia,aves
graela3,Blue Mountain Elaenia,aves
yebela1,Yellow-bellied Elaenia,aves
mouela1,Mountain Elaenia,aves
mobela1,Mottle-backed Elaenia,aves
carela1,Caribbean Elaenia,aves
oliela1,Olivaceous Elaenia,aves
higela2,Highland Elaenia,aves
sieela2,Tepui Elaenia,aves
sieela3,Sierran Elaenia,aves
smbela1,Small-billed Elaenia,aves
broela1,Brownish Elaenia,aves
norela1,Noronha Elaenia,aves
rucela1,Rufous-crowned Elaenia,aves
higela3,Small-headed Elaenia,aves
larela1,Large Elaenia,aves
slaela1,Slaty Elaenia,aves
swtkit,Swallow-tailed Kite,aves
auskit1,Black-shouldered Kite,aves
bkskit1,Black-winged Kite,aves
whtkit,White-tailed Kite,aves
lewkit1,Letter-winged Kite,aves
ceybuw1,Sri Lanka Bush Warbler,aves
42230,Père David's Deer,mammalia
kebmot1,Keel-billed Motmot,aves
brbmot1,Broad-billed Motmot,aves
whbtap1,White-breasted Tapaculo,aves
bahtap1,Bahia Tapaculo,aves
siwnig1,Sickle-winged Nightjar,aves
whwnig1,White-winged Nightjar,aves
43697,Asian Elephant,mammalia
22601,Abbott's Robber Frog,amphibia
22771,Antillean Coqui,amphibia
22616,Grass Coqui,amphibia
1146656,Rio Grande Chirping Frog,amphibia
22761,Whistling Coqui,amphibia
22454,Common Coqui,amphibia
22445,Yellow Split-Toed Frog,amphibia
1462603,Dixon’s Peeping Frog,amphibia
22333,Lesser Antillean whistling frog,amphibia
22392,Cliff Chirping Frog,amphibia
22739,Martinique Robber Frog,amphibia
22770,Blunt-toed Chirping Frog,amphibia
1541549,Montserrat Whistling Frog,amphibia
22540,Peters' Shiny Peeping Frog,amphibia
22631,Greenhouse Frog,amphibia
45863,European Garden Dormouse,mammalia
whbhum1,White-bellied Hummingbird,aves
gawhum1,Green-and-white Hummingbird,aves
wtbfly1,White-tailed Blue Flycatcher,aves
wbcfly1,White-bellied Crested Flycatcher,aves
wtcfly1,White-tailed Crested Flycatcher,aves
afbfly1,African Blue Flycatcher,aves
ducfly1,Dusky Crested Flycatcher,aves
karcha1,Karoo Chat,aves
siccha1,Sickle-winged Chat,aves
tracha1,Tractrac Chat,aves
41353,lesser sheath-tailed bat,mammalia
brrbun1,Brown-rumped Bunting,aves
yebbun,Yellow-breasted Bunting,aves
rehbun1,Red-headed Bunting,aves
gyhbun1,Gray-necked Bunting,aves
cabbun1,Cabanis's Bunting,aves
crebun2,Cretzschmar's Bunting,aves
corbun1,Corn Bunting,aves
capbun1,Cape Bunting,aves
yebbun1,Yellow-browed Bunting,aves
rocbun1,Rock Bunting,aves
cinbun1,Cinereous Bunting,aves
meabun1,Meadow Bunting,aves
cirbun1,Cirl Bunting,aves
yellow2,Yellowhammer,aves
yetbun1,Yellow-throated Bunting,aves
gobbun1,Golden-breasted Bunting,aves
chebun2,Chestnut-eared Bunting,aves
godbun1,Godlewski's Bunting,aves
gosbun1,Gosling's Bunting,aves
ortbun1,Ortolan Bunting,aves
lalbun1,Lark-like Bunting,aves
rubbun1,Rufous-backed Bunting,aves
tibbun1,Tibetan Bunting,aves
crebun1,Crested Bunting,aves
pinbun,Pine Bunting,aves
blhbun1,Black-headed Bunting,aves
palbun,Pallas's Bunting,aves
bkfbun2,Masked Bunting,aves
sombun1,Somali Bunting,aves
litbun,Little Bunting,aves
rusbun,Rustic Bunting,aves
chebun1,Chestnut Bunting,aves
houbun3,House Bunting,aves
reebun,Reed Bunting,aves
slabun1,Slaty Bunting,aves
socbun1,Socotra Bunting,aves
bkfbun1,Black-faced Bunting,aves
chbbun1,White-capped Bunting,aves
houbun2,Striolated Bunting,aves
yelbun1,Yellow Bunting,aves
cibbun1,Cinnamon-breasted Bunting,aves
tribun1,Tristram's Bunting,aves
grybun,Gray Bunting,aves
ocrbun1,Ochre-rumped Bunting,aves
dugfin1,Duida Grass-Finch,aves
wtgfin1,Wedge-tailed Grass-Finch,aves
lesgrf1,Lesser Grass-Finch,aves
ptpfin1,Pale-throated Pampa-Finch,aves
grpfin1,Great Pampa-Finch,aves
plhfin1,Plum-headed Finch,aves
paifir1,Painted Firetail,aves
stafin1,Star Finch,aves
gycwar3,Gray-capped Warbler,aves
pinfly1,Pine Flycatcher,aves
whtfly1,White-throated Flycatcher,aves
aldfly,Alder Flycatcher,aves
blcfly1,Black-capped Flycatcher,aves
wesfly,Western Flycatcher,aves
yelfly1,Yellowish Flycatcher,aves
yebfly,Yellow-bellied Flycatcher,aves
bubfly,Buff-breasted Flycatcher,aves
hamfly,Hammond's Flycatcher,aves
leafly,Least Flycatcher,aves
dusfly,Dusky Flycatcher,aves
wilfly,Willow Flycatcher,aves
acafly,Acadian Flycatcher,aves
gryfly,Gray Flycatcher,aves
croslf1,Crowned Slaty Flycatcher,aves
varfly,Variegated Flycatcher,aves
silver1,Silverbird,aves
702443,Eneoptera nigripedis,insecta
65448,Túngara Frog,amphibia
41860,Sea Otter,mammalia
auspar1,Austral Parakeet,aves
slbpar1,Slender-billed Parakeet,aves
whcfor3,Bornean Forktail,aves
blbfor1,Black-backed Forktail,aves
whcfor1,White-crowned Forktail,aves
spofor1,Spotted Forktail,aves
chnfor1,Chestnut-naped Forktail,aves
slbfor1,Slaty-backed Forktail,aves
litfor1,Little Forktail,aves
sunfor1,Sunda Forktail,aves
fibmyn1,Fiery-browed Myna,aves
swbhum1,Sword-billed Hummingbird,aves
blasol1,Black Solitaire,aves
whesol1,White-eared Solitaire,aves
blfhon1,Blue-faced Honeyeater,aves
galah,Galah,aves
yebgro1,Yellow-billed Grosbeak,aves
japgro1,Japanese Grosbeak,aves
yelrob1,Eastern Yellow Robin,aves
payrob1,Pale-yellow Robin,aves
whbrob1,White-breasted Robin,aves
gybrob1,Western Yellow Robin,aves
whfrob1,White-faced Robin,aves
olyrob1,Banded Yellow Robin,aves
1142934,Eopycna repanda,insecta
424371,Western Saddle Bush-cricket,insecta
369803,Saddle-backed Bush Cricket,insecta
blnsto1,Black-necked Stork,aves
sabsto1,Saddle-billed Stork,aves
65450,Natterjack Toad,amphibia
blasic1,Black Sicklebill,aves
brosic1,Brown Sicklebill,aves
madant1,Rio Madeira Stipplethroat,aves
rutant3,Rufous-tailed Stipplethroat,aves
chtant1,Checker-throated Stipplethroat,aves
brbant2,Brown-bellied Stipplethroat,aves
rubsti1,Rufous-backed Stipplethroat,aves
wheant1,White-eyed Stipplethroat,aves
ornant1,Ornate Stipplethroat,aves
fooant1,Foothill Stipplethroat,aves
46247,Western Palm Squirrel,mammalia
64485,Peters's Epauletted Fruit Bat,mammalia
40812,Gambian Epauletted Fruit Bat,mammalia
1431125,Peter's Dwarf Epauletted Fruit Bat,mammalia
40811,Wahlberg's Epauletted Fruit Bat,mammalia
40509,Big Brown Bat,mammalia
whfcha1,White-fronted Chat,aves
oracha1,Orange Chat,aves
yelcha1,Yellow Chat,aves
cricha1,Crimson Chat,aves
148030,Donkey,mammalia
209233,Domestic Horse,mammalia
43335,Plains Zebra,mammalia
dunlar1,Dunn's Lark,aves
dunlar4,Arabian Lark,aves
blnere1,Black-necked Eremomela,aves
rucere1,Rufous-crowned Eremomela,aves
grbere1,Green-backed Eremomela,aves
yevere1,Yellow-vented Eremomela,aves
yerere1,Karoo Eremomela,aves
yebere1,Yellow-bellied Eremomela,aves
senere1,Senegal Eremomela,aves
greere1,Green-capped Eremomela,aves
turere1,Turner's Eremomela,aves
bunere1,Burnt-neck Eremomela,aves
horlar,Horned Lark,aves
temlar1,Temminck's Lark,aves
beslar1,Black-eared Sparrow-Lark,aves
ascspl1,Ashy-crowned Sparrow-Lark,aves
madlar1,Madagascar Lark,aves
fislar1,Fischer's Sparrow-Lark,aves
cbslar1,Chestnut-backed Sparrow-Lark,aves
bcslar1,Black-crowned Sparrow-Lark,aves
chhspl1,Chestnut-headed Sparrow-Lark,aves
gybspl1,Gray-backed Sparrow-Lark,aves
44026,North American Porcupine,mammalia
41720,Bearded Seal,mammalia
43042,Common Hedgehog,mammalia
43048,Northern White-breasted Hedgehog,mammalia
embpuf1,Emerald-bellied Puffleg,aves
cobpuf1,Coppery-bellied Puffleg,aves
bltpuf1,Black-thighed Puffleg,aves
blcpuf1,Blue-capped Puffleg,aves
tutpuf1,Turquoise-throated Puffleg,aves
gorpuf1,Gorgeted Puffleg,aves
savpuf1,Sapphire-vented Puffleg,aves
colpuf2,Colorful Puffleg,aves
gobpuf1,Golden-breasted Puffleg,aves
blbpuf3,Black-breasted Puffleg,aves
glopuf2,Glowing Puffleg,aves
eurrob1,European Robin,aves
whbyuh1,White-bellied Erpornis,aves
43462,Patas Monkey,mammalia
yelfly2,Yellow Flycatcher,aves
livfly1,Livingstone's Flycatcher,aves
chcfly1,Chestnut-capped Flycatcher,aves
sbsbab2,Black-necklaced Scimitar-Babbler,aves
rcsbab1,Rusty-cheeked Scimitar-Babbler,aves
bksscb1,Black-streaked Scimitar-Babbler,aves
lasbab1,Large Scimitar-Babbler,aves
reescb1,Red-eyed Scimitar-Babbler,aves
spbscb1,Spot-breasted Scimitar-Babbler,aves
gysscb1,Gray-sided Scimitar-Babbler,aves
rekdot1,Red-kneed Dotterel,aves
rodrai1,Rodrigues Rail,aves
blbpit1,Blue-banded Pitta,aves
sulpit4,Sulawesi Pitta,aves
sulpit1,Sula Pitta,aves
rebpit1,Philippine Pitta,aves
garpit1,Garnet Pitta,aves
whipit1,Whiskered Pitta,aves
pappit1,Papuan Pitta,aves
loupit1,Louisiade Pitta,aves
bispit1,Bismarck Pitta,aves
sompit1,South Moluccan Pitta,aves
molpit1,North Moluccan Pitta,aves
bkhpit1,Black-crowned Pitta,aves
blcpit1,Graceful Pitta,aves
chsgos1,Chestnut-shouldered Goshawk,aves
redgos1,Red Goshawk,aves
reepar2,Red-eared Parrotfinch,aves
roypar1,Royal Parrotfinch,aves
tabpar1,Tawny-breasted Parrotfinch,aves
pibpar1,Pink-billed Parrotfinch,aves
pappar1,Papuan Parrotfinch,aves
fijpar1,Fiji Parrotfinch,aves
pitpar1,Pin-tailed Parrotfinch,aves
retpar3,Red-throated Parrotfinch,aves
blfpar3,Blue-faced Parrotfinch,aves
tripar1,Tricolored Parrotfinch,aves
grfpar1,Green-faced Parrotfinch,aves
beathk1,Beach Thick-knee,aves
grtkne1,Great Thick-knee,aves
41478,Grey Whale,mammalia
134933,Emerald Glass Frog,amphibia
comwax,Common Waxbill,aves
blhwax1,Black-headed Waxbill,aves
kanwax1,Kandt's Waxbill,aves
orcwax,Orange-cheeked Waxbill,aves
blfwax1,Black-lored Waxbill,aves
blcwax2,Black-crowned Waxbill,aves
fabwax1,Fawn-breasted Waxbill,aves
anawax1,Anambra Waxbill,aves
crrwax1,Crimson-rumped Waxbill,aves
arawax1,Arabian Waxbill,aves
bkrwax,Black-rumped Waxbill,aves
41571,Southern Right Whale,mammalia
41570,North Atlantic Right Whale,mammalia
rehbar1,Red-headed Barbet,aves
letbar1,Lemon-throated Barbet,aves
schbar1,Scarlet-hooded Barbet,aves
verbar1,Versicolored Barbet,aves
1446183,Euceraia atrosignata,insecta
338535,Common Straw Grasshopper,insecta
rurant1,Rufous-rumped Antwren,aves
chsant1,Chestnut-shouldered Antwren,aves
yerant1,Yellow-rumped Antwren,aves
aswant1,Ash-winged Antwren,aves
grhtan1,Gray-headed Tanager,aves
347888,Irritating Grasshopper,insecta
348607,Euconocephalus varius,insecta
40631,Spotted Bat,mammalia
whiibi,White Ibis,aves
scaibi,Scarlet Ibis,aves
elctin1,Elegant Crested-Tinamou,aves
quctin1,Quebracho Crested-Tinamou,aves
eurdot,Eurasian Dotterel,aves
bkbkoe1,Black-billed Koel,aves
asikoe3,Pacific Koel,aves
asikoe2,Asian Koel,aves
rocpen2,Western Rockhopper Penguin,aves
macpen1,Macaroni Penguin,aves
rocpen3,Eastern Rockhopper Penguin,aves
rocpen4,Moseley's Rockhopper Penguin,aves
fiopen1,Fiordland Penguin,aves
snapen1,Snares Penguin,aves
roypen1,Royal Penguin,aves
bicpen1,Erect-crested Penguin,aves
litpen1,Little Penguin,aves
maghum1,Rivoli's Hummingbird,aves
maghum2,Talamanca Hummingbird,aves
garrob1,Garnet Robin,aves
ocftap1,Ochre-flanked Tapaculo,aves
watplo1,Wattled Ploughbill,aves
grtcar1,Green-throated Carib,aves
putcar1,Purple-throated Carib,aves
74322,White-fronted Brown Lemur,mammalia
43613,Common Brown Lemur,mammalia
43609,Black Lemur,mammalia
74326,Red Brown Lemur,mammalia
chiwoo1,Chilean Woodstar,aves
molscr1,Moluccan Megapode,aves
41755,Steller Sea Lion,mammalia
505000,Verge Cricket,insecta
tubmot1,Turquoise-browed Motmot,aves
41274,Black Bonneted Bat,mammalia
852379,Dwarf Bonneted Bat,mammalia
1102769,Fierce Bonneted Bat,mammalia
74328,Florida Bonneted Bat,mammalia
1104627,Wagner's Bonneted Bat,mammalia
41277,Western Bonneted Bat,mammalia
burjuf1,Buru Jungle Flycatcher,aves
nilfly2,Nilgiri Flycatcher,aves
blffly1,Blue-fronted Flycatcher,aves
tibfly2,Timor Blue Flycatcher,aves
indfly1,Indigo Flycatcher,aves
flojuf2,Flores Jungle Flycatcher,aves
islfly1,Turquoise Flycatcher,aves
matfly2,Matinan Flycatcher,aves
dubfly3,Dull-blue Flycatcher,aves
flojuf1,Sumba Jungle Flycatcher,aves
verfly4,Verditer Flycatcher,aves
146891,Carolina Ground Cricket,insecta
501404,Confused Ground Cricket,insecta
501405,Melodious Ground Cricket,insecta
orange1,Orangequit,aves
horpar2,Horned Parakeet,aves
horpar3,Ouvea Parakeet,aves
afrsil1,African Silverbill,aves
indsil,Indian Silverbill,aves
43573,Southern Needle-clawed Galago,mammalia
marbab1,Malaysian Rail-babbler,aves
somhum1,Sombre Hummingbird,aves
swthum1,Swallow-tailed Hummingbird,aves
rusbla,Rusty Blackbird,aves
brebla,Brewer's Blackbird,aves
blchum2,Blue-capped Hummingbird,aves
stthum1,Stripe-tailed Hummingbird,aves
blbhum1,Black-bellied Hummingbird,aves
whthum1,White-tailed Hummingbird,aves
mexwoo1,Mexican Woodnymph,aves
26093,Common skittering frog,amphibia
509455,Schmidt's Marbled Bush-cricket,insecta
screup1,Scrub Euphonia,aves
taceup1,Tawny-capped Euphonia,aves
goseup1,Golden-sided Euphonia,aves
gnteup1,Green-throated Euphonia,aves
puteup1,Purple-throated Euphonia,aves
gobeup1,Golden-bellied Euphonia,aves
vefeup1,Velvet-fronted Euphonia,aves
fineup1,Finsch's Euphonia,aves
fuveup1,Fulvous-vented Euphonia,aves
screup3,West Mexican Euphonia,aves
olbeup1,Olive-backed Euphonia,aves
yeteup1,Yellow-throated Euphonia,aves
spceup1,Spot-crowned Euphonia,aves
jameup1,Jamaican Euphonia,aves
thbeup1,Thick-billed Euphonia,aves
yeceup1,Yellow-crowned Euphonia,aves
brgeup1,Bronze-green Euphonia,aves
whveup1,White-vented Euphonia,aves
chbeup1,Chestnut-bellied Euphonia,aves
plueup1,Plumbeous Euphonia,aves
rubeup1,Rufous-bellied Euphonia,aves
orceup1,Orange-crowned Euphonia,aves
trieup1,Trinidad Euphonia,aves
vioeup1,Violaceous Euphonia,aves
orbeup1,Orange-bellied Euphonia,aves
yecbis,Yellow-crowned Bishop,aves
whwwid1,White-winged Widowbird,aves
recwid3,Red-collared Widowbird,aves
gobbis1,Golden-backed Bishop,aves
fatwid1,Fan-tailed Widowbird,aves
yelbis1,Yellow Bishop,aves
fifbis1,Fire-fronted Bishop,aves
orabis1,Northern Red Bishop,aves
blabis1,Black Bishop,aves
marwid1,Marsh Widowbird,aves
blwbis1,Black-winged Bishop,aves
jacwid1,Jackson's Widowbird,aves
recwid2,Red-cowled Widowbird,aves
yeswid2,Yellow-mantled Widowbird,aves
zanbis1,Zanzibar Red Bishop,aves
redbis,Southern Red Bishop,aves
lotwid1,Long-tailed Widowbird,aves
buswid1,Buff-shouldered Widowbird,aves
blubus1,Blue Bustard,aves
whbbus2,White-bellied Bustard,aves
pefpar1,Peach-fronted Parakeet,aves
cacpar1,Cactus Parakeet,aves
orfpar,Orange-fronted Parakeet,aves
oltpar1,Olive-throated Parakeet,aves
brtpar1,Brown-throated Parakeet,aves
134934,Chiloe Island Ground Frog,amphibia
23112,Rosy Ground Frog,amphibia
earque,Eared Quetzal,aves
ansgre1,Ansorge's Greenbul,aves
plagre2,Plain Greenbul,aves
grygre1,Gray Greenbul,aves
yewgre1,Yellow-whiskered Greenbul,aves
litgre2,Little Greenbul,aves
whcshr1,White-crowned Shrike,aves
whrshr1,White-rumped Shrike,aves
arcnig1,Archbold's Nightjar,aves
sponig1,Spotted Nightjar,aves
dianig1,Diabolical Nightjar,aves
necnig2,New Caledonian Nightjar,aves
whtnig3,White-throated Nightjar,aves
solnig1,Solomons Nightjar,aves
papnig1,Papuan Nightjar,aves
helvan1,Helmet Vanga,aves
banbro1,Banded Broadbill,aves
baybro1,Black-and-yellow Broadbill,aves
1236992,Euryphara contentei,insecta
kopwar1,Cinnamon-breasted Warbler,aves
sunbit1,Sunbittern,aves
purrol1,Azure Roller,aves
brbrol1,Broad-billed Roller,aves
bltrol1,Blue-throated Roller,aves
dollar1,Dollarbird,aves
tacpyt2,Fulvous-faced Scrub-Tyrant,aves
tacpyt1,Fulvous-crowned Scrub-Tyrant,aves
rsptyr1,Rufous-sided Scrub-Tyrant,aves
dustwi1,Dusky Twinspot,aves
dybtwi1,Dybowski's Twinspot,aves
520585,Siberian Chipmunk,mammalia
1104210,Euterpnosia alpina,insecta
360877,Euterpnosia hoppo,insecta
922772,Euterpnosia viridifrons,insecta
fatwar,Fan-tailed Warbler,aves
340425,Small Gold Grasshopper,insecta
whtsic1,White-tipped Sicklebill,aves
butsic1,Buff-tailed Sicklebill,aves
cepfly1,Cerulean Flycatcher,aves
maseag1,Madagascar Serpent-Eagle,aves
854306,Broad-striped Wattle Cicada,insecta
796049,Thin-striped Wattle Cicada,insecta
46183,Least Pygmy Squirrel,mammalia
sibgro2,Siberian Grouse,aves
foxkes1,Fox Kestrel,aves
amufal1,Amur Falcon,aves
seykes1,Seychelles Kestrel,aves
grykes1,Gray Kestrel,aves
brofal1,Brown Falcon,aves
lanfal1,Lanner Falcon,aves
auskes1,Nankeen Kestrel,aves
sakfal1,Saker Falcon,aves
renfal1,Red-necked Falcon,aves
merlin,Merlin,aves
soofal1,Sooty Falcon,aves
afrhob1,African Hobby,aves
orbfal1,Orange-breasted Falcon,aves
dickes1,Dickinson's Kestrel,aves
reukes1,Reunion Kestrel,aves
elefal1,Eleonora's Falcon,aves
taifal1,Taita Falcon,aves
aplfal,Aplomado Falcon,aves
gryfal1,Gray Falcon,aves
lagfal1,Laggar Falcon,aves
aushob1,Australian Hobby,aves
prafal,Prairie Falcon,aves
spokes1,Spotted Kestrel,aves
leskes1,Lesser Kestrel,aves
madkes1,Malagasy Kestrel,aves
nezfal1,New Zealand Falcon,aves
perfal,Peregrine Falcon,aves
maukes1,Mauritius Kestrel,aves
batfal1,Bat Falcon,aves
grekes1,Greater Kestrel,aves
eurkes1,Rock Kestrel,aves
gyrfal,Gyrfalcon,aves
orihob1,Oriental Hobby,aves
amekes,American Kestrel,aves
eurhob,Eurasian Hobby,aves
blafal1,Black Falcon,aves
eurkes,Eurasian Kestrel,aves
reffal1,Red-footed Falcon,aves
bankes1,Banded Kestrel,aves
sibvan1,Sickle-billed Vanga,aves
cresht1,Eastern Shrike-tit,aves
cresht2,Western Shrike-tit,aves
cresht3,Northern Shrike-tit,aves
74341,Eastern False Pipistrelle,mammalia
134935,Crab-eating Frog,amphibia
134709,Rice field frog,amphibia
26053,Paddy Field Frog,amphibia
120791,Hong Kong Rice-paddy Frog,amphibia
118552,Domestic Cat,mammalia
922459,European Wildcat,mammalia
zapwre1,Zapata Wren,aves
taifly1,Taiga Flycatcher,aves
colfly1,Collared Flycatcher,aves
lisfly1,Little Slaty Flycatcher,aves
lomfly1,Lompobattang Flycatcher,aves
cicfly1,Cinnamon-chested Flycatcher,aves
rutfly7,Cryptic Flycatcher,aves
furfly1,Furtive Flycatcher,aves
rucfly1,Rufous-chested Flycatcher,aves
narfly1,Green-backed Flycatcher,aves
slbfly1,Slaty-backed Flycatcher,aves
sumfly1,Sumba Flycatcher,aves
damfly1,Damar Flycatcher,aves
pybfly1,Pygmy Flycatcher,aves
snbfly1,Snowy-browed Flycatcher,aves
eupfly1,European Pied Flycatcher,aves
bunfly1,Bundok Flycatcher,aves
mugfly,Mugimaki Flycatcher,aves
narfly2,Narcissus Flycatcher,aves
barfly1,Black-and-orange Flycatcher,aves
narfly3,Ryukyu Flycatcher,aves
rebfly,Red-breasted Flycatcher,aves
palfly1,Palawan Flycatcher,aves
rucfly3,Tanimbar Flycatcher,aves
rutfly6,Rusty-tailed Flycatcher,aves
rutfly5,Rufous-throated Flycatcher,aves
sapfly1,Sapphire Flycatcher,aves
semfly1,Semicollared Flycatcher,aves
atlfly1,Atlas Flycatcher,aves
rugfly1,Rufous-gorgeted Flycatcher,aves
kasfly1,Kashmir Flycatcher,aves
ultfly1,Ultramarine Flycatcher,aves
blbfly2,Black-banded Flycatcher,aves
slbfly2,Slaty-blue Flycatcher,aves
lipfly1,Little Pied Flycatcher,aves
korfly1,Yellow-rumped Flycatcher,aves
1067837,Fidicina toulgoeti,insecta
1147620,Fidicinoides vinula,insecta
blkjac1,Black Jacobin,aves
whnjac1,White-necked Jacobin,aves
bbwtyr1,Black-backed Water-Tyrant,aves
mawtyr1,Masked Water-Tyrant,aves
piwtyr1,Pied Water-Tyrant,aves
blfant1,Black-faced Antthrush,aves
rucant2,Rufous-capped Antthrush,aves
1651801,Black-hooded Antthrush,aves
bkfant2,Mayan Antthrush,aves
blhant1,Black-capped Antthrush,aves
rufant3,Rufous-fronted Antthrush,aves
rubant1,Rufous-breasted Antthrush,aves
parant1,Marsh Antwren,aves
blhant4,Black-hooded Antwren,aves
sinant1,Sincora Antwren,aves
whfant3,Southern White-fringed Antwren,aves
nabant1,Narrow-billed Antwren,aves
whfant4,Northern White-fringed Antwren,aves
blbant2,Black-bellied Antwren,aves
rubant4,Rusty-backed Antwren,aves
serant4,Serra Antwren,aves
740609,Formosemia apicalis,insecta
740682,Formotosena seebohmi,insecta
pacpar2,Pacific Parrotlet,aves
spepar1,Spectacled Parrotlet,aves
buwpar2,Riparian Parrotlet,aves
mexpar1,Mexican Parrotlet,aves
dubpar1,Dusky-billed Parrotlet,aves
grrpar1,Green-rumped Parrotlet,aves
buwpar1,Turquoise-winged Parrotlet,aves
yefpar2,Yellow-faced Parrotlet,aves
buwpar3,Cobalt-rumped Parrotlet,aves
rehfod3,Aldabra Fody,aves
rehfod1,Red-headed Fody,aves
rodfod1,Rodrigues Fody,aves
redfod1,Red Fody,aves
forfod1,Forest Fody,aves
maufod1,Mauritius Fody,aves
seyfod1,Seychelles Fody,aves
easwah1,Eastern Wattled-Honeyeater,aves
weswah1,Western Wattled-Honeyeater,aves
norwah1,Northern Wattled-Honeyeater,aves
blkfra,Black Francolin,aves
paifra1,Painted Francolin,aves
chifra1,Chinese Francolin,aves
ashfly1,Ashy Flycatcher,aves
wbffly1,White-browed Forest-Flycatcher,aves
gyttif1,Gray-throated Tit-Flycatcher,aves
chafly1,Chapin's Flycatcher,aves
afffly1,African Forest-Flycatcher,aves
olifly1,Olivaceous Flycatcher,aves
grytif1,Gray Tit-Flycatcher,aves
tesfly1,Tessmann's Flycatcher,aves
atlpuf,Atlantic Puffin,aves
tufpuf,Tufted Puffin,aves
horpuf,Horned Puffin,aves
fulant1,Fulvous Antshrike,aves
undant2,Undulated Antshrike,aves
bltant3,Black-throated Antshrike,aves
chifri1,Christmas Island Frigatebird,aves
asifri1,Ascension Frigatebird,aves
lesfri,Lesser Frigatebird,aves
magfri,Magnificent Frigatebird,aves
grefri,Great Frigatebird,aves
wbspet1,White-bellied Storm-Petrel,aves
necstp1,New Caledonian Storm-Petrel,aves
nezstp1,New Zealand Storm-Petrel,aves
bbspet1,Black-bellied Storm-Petrel,aves
reusta1,Reunion Starling,aves
caicha1,Canary Islands Chaffinch,aves
comcha,Common Chaffinch,aves
comcha17,Madeira Chaffinch,aves
brambl,Brambling,aves
comcha16,Azores Chaffinch,aves
blucha3,Gran Canaria Blue Chaffinch,aves
afrcha1,African Chaffinch,aves
blucha2,Tenerife Blue Chaffinch,aves
hawcoo,Hawaiian Coot,aves
y00475,American Coot,aves
slccoo1,Slate-colored Coot,aves
regcoo1,Red-gartered Coot,aves
eurcoo,Eurasian Coot,aves
horcoo1,Horned Coot,aves
rekcoo1,Red-knobbed Coot,aves
giacoo1,Giant Coot,aves
whwcoo1,White-winged Coot,aves
mascoo1,Mascarene Coot,aves
refcoo1,Red-fronted Coot,aves
norful,Northern Fulmar,aves
souful1,Southern Fulmar,aves
sttful1,Gray-hooded Fulvetta,aves
indful1,Indochinese Fulvetta,aves
taiful1,Taiwan Fulvetta,aves
ludful1,Brown-throated Fulvetta,aves
sttful2,Manipur Fulvetta,aves
speful1,Spectacled Fulvetta,aves
chiful1,Chinese Fulvetta,aves
whbful1,White-browed Fulvetta,aves
980718,Dusky Palm Squirrel,mammalia
45938,Three-striped Palm Squirrel,mammalia
45936,Five-striped Palm Squirrel,mammalia
45935,Nilgiri Palm Squirrel,mammalia
45937,Jungle Palm Squirrel,mammalia
45961,Lady Burton's Rope Squirrel,mammalia
45965,Ribboned Rope Squirrel,mammalia
45957,Fire-footed Rope Squirrel,mammalia
palhor4,Pacific Hornero,aves
crehor1,Crested Hornero,aves
wibhor1,Wing-banded Hornero,aves
palhor3,Pale-legged Hornero,aves
palhor5,Caribbean Hornero,aves
leshor1,Lesser Hornero,aves
rufhor2,Rufous Hornero,aves
pabhor2,Pale-billed Hornero,aves
colnig1,Collared Nightjar,aves
450370,Speckled Black Cicada,insecta
43561,Southern Lesser Galago,mammalia
43565,Northern Lesser Galago,mammalia
566537,Demidoff's Dwarf Galago,mammalia
74349,Thomas's Dwarf Galago,mammalia
473989,Double-spotted Cicada,insecta
whejac1,White-eared Jacamar,aves
purjac2,Purus Jacamar,aves
yebjac1,Yellow-billed Jacamar,aves
purjac1,Purplish Jacamar,aves
blfjac1,Bluish-fronted Jacamar,aves
bucjac1,Blue-cheeked Jacamar,aves
parjac1,Paradise Jacamar,aves
grtjac1,Green-tailed Jacamar,aves
brojac1,Bronzy Jacamar,aves
cocjac2,Coppery-chested Jacamar,aves
rutjac1,Rufous-tailed Jacamar,aves
whcjac1,White-chinned Jacamar,aves
43799,Spix's Yellow-toothed Cavy,mammalia
crelar1,Crested Lark,aves
tawlar1,Tawny Lark,aves
lablar1,Large-billed Lark,aves
mallar1,Malabar Lark,aves
sunlar1,Sun Lark,aves
thelar1,Thekla's Lark,aves
41824,Lesser Grison,mammalia
minblh1,Mindanao Bleeding-heart,aves
nebhea1,Negros Bleeding-heart,aves
lubhea1,Luzon Bleeding-heart,aves
subhea1,Sulu Bleeding-heart,aves
mibhea2,Mindoro Bleeding-heart,aves
cigdov2,Cinnamon Ground Dove,aves
sugdov1,Sulawesi Ground Dove,aves
waterc1,Watercock,aves
punsni1,Puna Snipe,aves
wilsni1,Wilson's Snipe,aves
comsni,Common Snipe,aves
latsni1,Latham's Snipe,aves
impsni1,Imperial Snipe,aves
andsni1,Jameson's Snipe,aves
madsni1,Madagascar Snipe,aves
soasni3,Magellanic Snipe,aves
gresni1,Great Snipe,aves
swisni1,Swinhoe's Snipe,aves
woosni1,Wood Snipe,aves
afrsni1,African Snipe,aves
nobsni1,Noble Snipe,aves
soasni2,Pantanal Snipe,aves
solsni1,Solitary Snipe,aves
pitsni,Pin-tailed Snipe,aves
fuesni1,Fuegian Snipe,aves
giasni1,Giant Snipe,aves
commoo3,Eurasian Moorhen,aves
trimoo3,Gough Moorhen,aves
comgal1,Common Gallinule,aves
trimoo2,Tristan Moorhen,aves
sammoo1,Samoan Moorhen,aves
sacmoo1,Makira Moorhen,aves
dusmoo1,Dusky Moorhen,aves
weka1,Weka,aves
calrai1,Calayan Rail,aves
cherai1,Chestnut Rail,aves
dierai1,Dieffenbach's Rail,aves
nebrai1,New Britain Rail,aves
necrai1,New Caledonian Rail,aves
chirai1,Chatham Islands Rail,aves
okirai1,Okinawa Rail,aves
guarai1,Guam Rail,aves
tahrai1,Tahiti Rail,aves
bubrai1,Buff-banded Rail,aves
bawrai1,Bar-winged Rail,aves
rovrai1,Roviana Rail,aves
lohrai1,Lord Howe Rail,aves
barrai1,Barred Rail,aves
wairai1,Wake Island Rail,aves
invrai1,Invisible Rail,aves
woorai1,Woodford's Rail,aves
ruwtur2,Rwenzori Turaco,aves
puctur2,Purple-crested Turaco,aves
ceyspu1,Sri Lanka Spurfowl,aves
paispu1,Painted Spurfowl,aves
redspu1,Red Spurfowl,aves
redjun,Red Junglefowl,aves
ceyjun1,Sri Lanka Junglefowl,aves
grejun2,Gray Junglefowl,aves
grejun1,Green Junglefowl,aves
743162,Gampsocleis buergeri,insecta
433701,Steppe Spiny Bush-cricket,insecta
429727,Gampsocleis ussuriensis,insecta
peakit1,Pearl Kite,aves
whhbab2,White-hooded Babbler,aves
colbab1,Collared Babbler,aves
852272,striped hairy-nosed bat,mammalia
negbab1,Papuan Babbler,aves
gybstp1,Gray-backed Storm-Petrel,aves
orblau1,Orange-breasted Laughingthrush,aves
sumlau1,Sumatran Laughingthrush,aves
melthr,Chinese Hwamei,aves
ruclau3,Rufous-cheeked Laughingthrush,aves
camlau1,Cambodian Laughingthrush,aves
whclau2,White-crested Laughingthrush,aves
grylau1,Gray Laughingthrush,aves
spblau1,Spot-breasted Laughingthrush,aves
blhlau1,Black-hooded Laughingthrush,aves
lenlau1,Lesser Necklaced Laughingthrush,aves
sunlau1,Sunda Laughingthrush,aves
ruflau1,Rufous-fronted Laughingthrush,aves
whnlau1,White-necked Laughingthrush,aves
taihwa1,Taiwan Hwamei,aves
eurjay1,Eurasian Jay,aves
blhjay1,Black-headed Jay,aves
lidjay1,Lidth's Jay,aves
25078,Eastern Narrow-mouthed Toad,amphibia
134277,Western Narrow-mouthed Toad,amphibia
24132,Riobamba Pouched Frog,amphibia
yebloo,Yellow-billed Loon,aves
arcloo,Arctic Loon,aves
comloo,Common Loon,aves
pacloo,Pacific Loon,aves
retloo,Red-throated Loon,aves
manhon1,Mangrove Honeyeater,aves
varhon1,Varied Honeyeater,aves
sinhon1,Singing Honeyeater,aves
42255,Arabian Gazelle,mammalia
pahwoo1,Pale-headed Woodpecker,aves
olbwoo2,Olive-backed Woodpecker,aves
bamwoo1,Bamboo Woodpecker,aves
101311,White-banded Narrow-disked Gecko,reptilia
34615,Tokay Gecko,reptilia
488475,Southern Spotted Cicada,insecta
gubter3,Australian Tern,aves
gubter2,Gull-billed Tern,aves
925661,Northern Small-spotted Genet,mammalia
scagrr1,Scaly Ground-Roller,aves
strear1,Striated Earthcreeper,aves
greroa,Greater Roadrunner,aves
lesroa1,Lesser Roadrunner,aves
growoo1,Ground Woodpecker,aves
25248,Southern Smooth Frog,amphibia
25243,Ticking Frog,amphibia
1530452,Otway Smooth Frog,amphibia
25246,Eastern Smooth Frog,amphibia
recpar2,Red-cheeked Parrot,aves
sinpar1,Singing Parrot,aves
blcpar3,Blue-collared Parrot,aves
bkegrt1,Black-eared Ground-Thrush,aves
ashthr1,Ashy Thrush,aves
orhthr1,Orange-headed Thrush,aves
crgthr1,Crossley's Ground-Thrush,aves
chbthr1,Chestnut-backed Thrush,aves
burthr1,Buru Thrush,aves
rubthr2,Rusty-backed Thrush,aves
orgthr1,Orange Ground-Thrush,aves
spgthr1,Spotted Ground-Thrush,aves
chcthr1,Chestnut-capped Thrush,aves
serthr2,Seram Thrush,aves
engthr1,Enggano Thrush,aves
rabthr1,Red-and-black Thrush,aves
obgthr1,Oberländer's Ground-Thrush,aves
orbthr1,Orange-banded Thrush,aves
abgthr1,Abyssinian Ground-Thrush,aves
grygrt1,Gray Ground-Thrush,aves
slbthr1,Slaty-backed Thrush,aves
sibthr1,Siberian Thrush,aves
spwthr1,Spot-winged Thrush,aves
piethr1,Pied Thrush,aves
44027,Pocket Gophers,mammalia
diadov1,Diamond Dove,aves
basdov1,Bar-shouldered Dove,aves
bardov2,Barred Dove,aves
peadov1,Peaceful Dove,aves
zebdov,Zebra Dove,aves
spipig2,Spinifex Pigeon,aves
squpig1,Squatter Pigeon,aves
parpig1,Partridge Pigeon,aves
shbmin1,Short-billed Miner,aves
thbmin1,Thick-billed Miner,aves
commin1,Common Miner,aves
crrmin1,Creamy-rumped Miner,aves
gramin1,Grayish Miner,aves
coamin1,Coastal Miner,aves
cammin2,Campo Miner,aves
punmin1,Puna Miner,aves
rubmin1,Rufous-banded Miner,aves
dawmin1,Dark-winged Miner,aves
slbmin1,Slender-billed Miner,aves
shbgrf2,Genovesa Ground-Finch,aves
larcaf2,Española Ground-Finch,aves
shbgrf3,Sharp-beaked Ground-Finch,aves
megfin1,Medium Ground-Finch,aves
smgfin1,Small Ground-Finch,aves
lagfin1,Large Ground-Finch,aves
gencaf1,Genovesa Cactus-Finch,aves
cocfin3,Common Cactus-Finch,aves
shbgrf1,Vampire Ground-Finch,aves
absfin1,Ash-breasted Sierra Finch,aves
plsfin1,Plumbeous Sierra Finch,aves
masyel2,Masked Yellowthroat,aves
masyel4,Black-lored Yellowthroat,aves
belyel1,Belding's Yellowthroat,aves
altyel1,Altamira Yellowthroat,aves
kenwar,Kentucky Warbler,aves
hooyel1,Hooded Yellowthroat,aves
mouwar,Mourning Warbler,aves
gycyel,Gray-crowned Yellowthroat,aves
bahyel1,Bahama Yellowthroat,aves
olcyel1,Olive-crowned Yellowthroat,aves
blpyel1,Black-polled Yellowthroat,aves
macwar,MacGillivray's Warbler,aves
comyel,Common Yellowthroat,aves
masyel5,Southern Yellowthroat,aves
gfqdov,Gray-fronted Quail-Dove,aves
kwqdov,Key West Quail-Dove,aves
wfqdov,White-fronted Quail-Dove,aves
ruqdov,Ruddy Quail-Dove,aves
brqdov1,Bridled Quail-Dove,aves
sapqud1,Purple Quail-Dove,aves
sapqud2,Sapphire Quail-Dove,aves
crqdov1,Crested Quail-Dove,aves
viqdov1,Violaceous Quail-Dove,aves
whthaw,White-tailed Hawk,aves
bcbeag1,Black-chested Buzzard-Eagle,aves
rebhaw2,Variable Hawk,aves
crahaw,Crane Hawk,aves
balibi1,Southern Bald Ibis,aves
waldra1,Northern Bald Ibis,aves
chiger2,Chatham Islands Gerygone,aves
gnbger1,Green-backed Gerygone,aves
yebger1,Yellow-bellied Gerygone,aves
fatger3,Rennell Gerygone,aves
rusger1,Rufous-sided Gerygone,aves
fatger1,Fan-tailed Gerygone,aves
wesger1,Western Gerygone,aves
biager1,Biak Gerygone,aves
gryger1,Gray Gerygone,aves
plager1,Plain Gerygone,aves
lohger1,Lord Howe Gerygone,aves
manger1,Mangrove Gerygone,aves
labger1,Large-billed Gerygone,aves
noiger1,Norfolk Island Gerygone,aves
broger1,Brown Gerygone,aves
whtger1,White-throated Gerygone,aves
faiger1,Fairy Gerygone,aves
brbger1,Brown-breasted Gerygone,aves
gobger1,Golden-bellied Gerygone,aves
dusger1,Dusky Gerygone,aves
42156,Giraffes,mammalia
65522,Imienpo Station frog,amphibia
65524,Wrinkled Frog,amphibia
grypra1,Gray Pratincole,aves
auspra1,Australian Pratincole,aves
smapra1,Small Pratincole,aves
oripra,Oriental Pratincole,aves
blwpra1,Black-winged Pratincole,aves
rocpra1,Rock Pratincole,aves
madpra1,Madagascar Pratincole,aves
colpra,Collared Pratincole,aves
lavwax,Lavender Waxbill,aves
bltwax1,Black-tailed Waxbill,aves
cinwax1,Cinderella Waxbill,aves
albowl1,Albertine Owlet,aves
yupowl1,Yungas Pygmy-Owl,aves
fepowl,Ferruginous Pygmy-Owl,aves
afbowl1,African Barred Owlet,aves
javowl1,Javan Owlet,aves
chbowl1,Chestnut-backed Owlet,aves
crpowl,Costa Rican Pygmy-Owl,aves
asbowl1,Asian Barred Owlet,aves
nopowl,Northern Pygmy-Owl,aves
capowl1,Central American Pygmy-Owl,aves
amapyo1,Amazonian Pygmy-Owl,aves
anpowl1,Andean Pygmy-Owl,aves
leapyo1,Least Pygmy-Owl,aves
perpyo1,Pernambuco Pygmy-Owl,aves
aupowl1,Austral Pygmy-Owl,aves
clopyo1,Cloud-forest Pygmy-Owl,aves
copowl1,Colima Pygmy-Owl,aves
supowl1,Subtropical Pygmy-Owl,aves
eupowl1,Eurasian Pygmy-Owl,aves
pesowl1,Pearl-spotted Owlet,aves
pepowl1,Peruvian Pygmy-Owl,aves
junowl1,Jungle Owlet,aves
tapowl1,Tamaulipas Pygmy-Owl,aves
cupowl1,Cuban Pygmy-Owl,aves
sjoowl1,Sjöstedt's Owlet,aves
recowl1,Red-chested Owlet,aves
broher,Bronzy Hermit,aves
hobher2,Hook-billed Hermit,aves
rubher,Rufous-breasted Hermit,aves
46266,Northern Flying Squirrel,mammalia
46272,Southern Flying Squirrel,mammalia
57545,Butterfly Bats,mammalia
541378,Bottle Cicada,insecta
tachon1,Tawny-crowned Honeyeater,aves
nehhon1,Vanuatu Honeyeater,aves
barhon2,Barred Honeyeater,aves
74383,European Fat Dormouse,mammalia
1279897,Iranian Fat Dormouse,mammalia
41529,Long-finned Pilot Whale,mammalia
41090,Pallas's Long-tongued Bat,mammalia
gollor1,Goldie's Lorikeet,aves
grbhon1,Green-backed Honeyeater,aves
webwoo1,Wedge-billed Woodcreeper,aves
chobla1,Chopi Blackbird,aves
ruchum1,Pirre Hummingbird,aves
vichum1,Violet-capped Hummingbird,aves
117313,Rufous Grasshopper,insecta
333564,Club-legged Grasshopper,insecta
apomyn2,Apo Myna,aves
43580,Western Gorilla,mammalia
janher1,Japanese Night Heron,aves
manher1,Malayan Night Heron,aves
wecpig1,Western Crowned-Pigeon,aves
soucrp2,Scheepmaker's Crowned-Pigeon,aves
soucrp1,Sclater's Crowned-Pigeon,aves
vicpig1,Victoria Crowned-Pigeon,aves
sohmyn1,Southern Hill Myna,aves
ceymyn1,Sri Lanka Myna,aves
hilmyn,Common Hill Myna,aves
cohmyn2,Tenggara Hill Myna,aves
aspsta2,Indian Pied Starling,aves
aspsta7,Siamese Pied Starling,aves
aspsta3,Javan Pied Starling,aves
bkcsta1,Black-collared Starling,aves
whcsta2,White-collared Starling,aves
whtant2,White-throated Antpitta,aves
mouant1,Moustached Antpitta,aves
tawant2,Boyaca Antpitta,aves
chaant4,Chami Antpitta,aves
sthant2,Stripe-headed Antpitta,aves
tawant4,Atuen Antpitta,aves
ayaant1,Ayacucho Antpitta,aves
samant1,Santa Marta Antpitta,aves
cheant2,Chestnut Antpitta,aves
rufant8,Cajamarca Antpitta,aves
bayant1,Bay Antpitta,aves
pabant1,Pale-billed Antpitta,aves
oxaant1,Oxapampa Antpitta,aves
tacant1,Tachira Antpitta,aves
rufant11,Bolivian Antpitta,aves
ocsant1,Ochre-striped Antpitta,aves
eluant1,Elusive Antpitta,aves
rawant1,Red-and-white Antpitta,aves
rufant2,Rufous-faced Antpitta,aves
greant2,Great Antpitta,aves
yebant1,Yellow-breasted Antpitta,aves
giaant1,Giant Antpitta,aves
chaant5,Chachapoyas Antpitta,aves
gynant1,Gray-naped Antpitta,aves
scaant1,Scaled Antpitta,aves
plbant1,Plain-backed Antpitta,aves
whbant3,White-bellied Antpitta,aves
cunant1,Cundinamarca Antpitta,aves
brbant1,Brown-banded Antpitta,aves
chnant1,Chestnut-naped Antpitta,aves
rufant9,Junin Antpitta,aves
rufant10,Urubamba Antpitta,aves
panant1,Panao Antpitta,aves
rutant5,Rusty-tinged Antpitta,aves
tawant3,Tawny Antpitta,aves
jocant1,Jocotoco Antpitta,aves
chcant2,Chestnut-crowned Antpitta,aves
bicant3,Bicolored Antpitta,aves
rufant7,Muisca Antpitta,aves
rufant6,Perija Antpitta,aves
equant1,Equatorial Antpitta,aves
punant1,Puno Antpitta,aves
rufant5,Sierra Nevada Antpitta,aves
undant1,Undulated Antpitta,aves
antant1,Urrao Antpitta,aves
varant2,Variegated Antpitta,aves
watant1,Watkins's Antpitta,aves
hooant1,Hooded Antpitta,aves
slcant5,Sucre Antpitta,aves
rubant5,Rusty-breasted Antpitta,aves
ocbant1,Ochre-breasted Antpitta,aves
rubant7,Leymebamba Antpitta,aves
crfant1,Crescent-faced Antpitta,aves
scbant2,Scallop-breasted Antpitta,aves
slcant2,Slate-crowned Antpitta,aves
ocfant1,Ochre-fronted Antpitta,aves
perant1,Peruvian Antpitta,aves
torlar1,Torrent-lark,aves
maglar1,Magpie-lark,aves
rurgra1,Indian Grassbird,aves
chigra1,Chinese Grassbird,aves
strlau2,Striated Laughingthrush,aves
robcha3,Rose-bellied Chat,aves
robcha2,Rose-breasted Chat,aves
grtcha1,Gray-throated Chat,aves
rebcha1,Red-breasted Chat,aves
viewax1,Violet-eared Waxbill,aves
purgre2,Purple Grenadier,aves
granda1,Grandala,aves
paihon1,Painted Honeyeater,aves
45842,Small-eared Dormouse,mammalia
45848,Woodland Dormouse,mammalia
325363,Large Brown Cicada,insecta
grawar1,Grauer's Warbler,aves
shtpar2,Short-tailed Parrot,aves
whocra,Whooping Crane,aves
watcra2,Wattled Crane,aves
comcra,Common Crane,aves
reccra1,Red-crowned Crane,aves
hoocra1,Hooded Crane,aves
blncra1,Black-necked Crane,aves
blucra2,Blue Crane,aves
demcra1,Demoiselle Crane,aves
154340,Tropical House Cricket,insecta
354713,African Molecricket,insecta
569917,Southern Mole Cricket,insecta
71219,European Mole Cricket,insecta
118894,Oriental Mole Cricket,insecta
623017,Gryllotalpa pluvialis,insecta
503713,Vineyard Mole-cricket,insecta
256700,Jamaican Field Cricket,insecta
71247,Southern Field Cricket,insecta
71248,European Field Cricket,insecta
322925,Sand Field Cricket,insecta
322923,Southern Wood Cricket,insecta
808255,Chilean Field Cricket,insecta
322926,Western Trilling Cricket,insecta
1238088,Arboreal Desert Field Cricket,insecta
322927,Variable Field Cricket,insecta
1238089,Long-cercus Field Cricket,insecta
322924,Long-chirp Field Cricket,insecta
122193,Fall Field Cricket,insecta
322913,Southeastern Field Cricket,insecta
1107835,Western Rock-loving Field Cricket,insecta
322912,Texas Trilling Cricket,insecta
129135,Spring Field Cricket,insecta
1238100,West Coast Spring Field Cricket,insecta
322911,Vocal Field Cricket,insecta
guahon1,Guadalcanal Honeyeater,aves
golpar3,Golden Parakeet,aves
yelcar1,Yellow Cardinal,aves
stttyr2,Streamer-tailed Tyrant,aves
guicuc1,Guira Cuckoo,aves
eursha1,European Shag,aves
cregui4,Southern Crested Guineafowl,aves
plugui1,Plumed Guineafowl,aves
cregui3,Eastern Crested Guineafowl,aves
cregui2,Western Crested Guineafowl,aves
632350,Guyalna bonaerensis,insecta
1161364,Guyalna cuta,insecta
chafly3,Chapada Flycatcher,aves
whiter3,Atlantic White-Tern,aves
whiter4,Blue-billed White-Tern,aves
whiter5,Little White-Tern,aves
prsowl,Puerto Rican Owl,aves
gytbar1,Gray-throated Barbet,aves
nafbar1,Naked-faced Barbet,aves
brnbar1,Bristle-nosed Barbet,aves
slabar1,Sladen's Barbet,aves
bacant1,Bare-crowned Antbird,aves
baerai1,Bare-eyed Rail,aves
bafrai2,Blue-faced Rail,aves
talrai1,Talaud Rail,aves
banfru1,Bare-necked Fruitcrow,aves
1251594,Gymnogryllus sylvestris,insecta
calcon,California Condor,aves
oribla1,Oriole Blackbird,aves
crohon1,Crow Honeyeater,aves
duegih1,Duetting Giant-Honeyeater,aves
mao1,Mao,aves
chagih1,Yellow-billed Giant-Honeyeater,aves
pampig2,Papuan Mountain-Pigeon,aves
lotmop1,Buru Mountain-Pigeon,aves
pampig1,Pale Mountain-Pigeon,aves
lotmop2,Seram Mountain-Pigeon,aves
bicant2,Bicolored Antbird,aves
whcant1,White-cheeked Antbird,aves
rutant4,Rufous-throated Antbird,aves
ausmag2,Australian Magpie,aves
pinjay,Pinyon Jay,aves
buspet1,Sahel Bush Sparrow,aves
yespet1,Yellow-spotted Bush Sparrow,aves
yetpet1,Yellow-throated Bush Sparrow,aves
chspet1,Yellow-throated Sparrow,aves
704267,Red Belly,insecta
lammer1,Bearded Vulture,aves
panvul1,Palm-nut Vulture,aves
whbvul1,White-backed Vulture,aves
whrvul1,White-rumped Vulture,aves
capgri1,Cape Griffon,aves
eurgri1,Eurasian Griffon,aves
himgri1,Himalayan Griffon,aves
indvul1,Indian Vulture,aves
ruegri1,Rüppell's Griffon,aves
slbvul1,Slender-billed Vulture,aves
limwrb4,Annam Limestone Babbler,aves
stwbab1,Streaked Wren-Babbler,aves
limwrb2,Rufous Limestone Babbler,aves
mowbab1,Mountain Wren-Babbler,aves
limwrb3,Variable Limestone Babbler,aves
rbwbab1,Rusty-breasted Wren-Babbler,aves
rcatan1,Red-crowned Ant-Tanager,aves
469240,Southern Piñon Sun-Singer,insecta
469253,Orange-and-black Cicada,insecta
735378,Dappled Sun-Singer,insecta
735383,Texas Dog-day Cicada,insecta
crifru1,Crimson Fruitcrow,aves
blaoys1,Blackish Oystercatcher,aves
blkoys,Black Oystercatcher,aves
chaoys1,Chatham Islands Oystercatcher,aves
soioys1,South Island Oystercatcher,aves
soooys1,Sooty Oystercatcher,aves
magoys1,Magellanic Oystercatcher,aves
pieoys1,Pied Oystercatcher,aves
canoys1,Canarian Oystercatcher,aves
afroys1,African Oystercatcher,aves
euroys1,Eurasian Oystercatcher,aves
ameoys,American Oystercatcher,aves
varoys1,Variable Oystercatcher,aves
crhpar1,Crimson-headed Partridge,aves
525683,Beach Squeaker,insecta
560373,Red Squeaker,insecta
casfin,Cassin's Finch,aves
houfin,House Finch,aves
purfin,Purple Finch,aves
sooant1,Sooty Antbird,aves
immant1,Blue-lored Antbird,aves
zelant1,Zeledon's Antbird,aves
brhkin1,Brown-hooded Kingfisher,aves
chbkin2,Chocolate-backed Kingfisher,aves
strkin1,Striped Kingfisher,aves
rudkin1,Ruddy Kingfisher,aves
javkin1,Javan Kingfisher,aves
bnbkin1,Brown-breasted Kingfisher,aves
gyhkin1,Gray-headed Kingfisher,aves
blbkin4,Blue-breasted Kingfisher,aves
blckin1,Black-capped Kingfisher,aves
wookin1,Woodland Kingfisher,aves
mankin2,Mangrove Kingfisher,aves
whtkin2,White-throated Kingfisher,aves
whteag,White-tailed Eagle,aves
baleag,Bald Eagle,aves
pafeag1,Pallas's Fish-Eagle,aves
stseag,Steller's Sea-Eagle,aves
brakit1,Brahminy Kite,aves
whikit1,Whistling Kite,aves
41733,Grey Seal,mammalia
blupet1,Blue Petrel,aves
bkbkit1,Black-breasted Kite,aves
rufpar2,Rusty-faced Parrot,aves
inwpar1,Indigo-winged Parrot,aves
blwpar1,Black-winged Parrot,aves
refpar2,Red-faced Parrot,aves
whfnun2,White-faced Nunbird,aves
780311,False Jumping Bush Cricket,insecta
780312,Jumping Bush Cricket,insecta
butpuf1,Buff-thighed Puffleg,aves
grepuf1,Greenish Puffleg,aves
hoapuf1,Hoary Puffleg,aves
slafin1,Slaty Finch,aves
unifin1,Uniform Finch,aves
phitro1,Philippine Trogon,aves
diatro1,Diard's Trogon,aves
scrtro1,Scarlet-rumped Trogon,aves
rehtro1,Red-headed Trogon,aves
maltro1,Malabar Trogon,aves
rentro1,Red-naped Trogon,aves
orbtro2,Orange-breasted Trogon,aves
cirtro1,Cinnamon-rumped Trogon,aves
wartro1,Ward's Trogon,aves
whitro1,Whitehead's Trogon,aves
dotkit1,Double-toothed Kite,aves
rutkit1,Rufous-thighed Kite,aves
hareag1,Harpy Eagle,aves
negeag1,New Guinea Eagle,aves
wetjer2,Wedge-tailed Jery,aves
madsta1,Madagascar Starling,aves
636296,Common Whistling Moth,insecta
colsun2,Collared Sunbird,aves
nivsun2,Nile Valley Sunbird,aves
amasun2,Amani Sunbird,aves
pygsun2,Pygmy Sunbird,aves
gresho1,Great Shortwing,aves
flowhe1,Flores Heleia,aves
dacwhe1,Dark-crowned Heleia,aves
minwhe1,Mindanao Heleia,aves
jgtwhe1,Javan Heleia,aves
timwhe1,Timor Heleia,aves
gyhwhe1,Gray-hooded Heleia,aves
sthwhe1,Sulawesi Heleia,aves
pyweye1,Pygmy Heleia,aves
whbwhe1,Eyebrowed Heleia,aves
ysweye1,Yellow-spectacled Heleia,aves
22042,Giant Burrowing Frog,amphibia
22046,Moaning Frog,amphibia
24470,Eastern Ghost Frog,amphibia
horsun2,Horned Sungem,aves
amtsun3,Amethyst-throated Sunangel,aves
amtsun2,Longuemare's Sunangel,aves
tousun1,Tourmaline Sunangel,aves
ortsun1,Orange-throated Sunangel,aves
litsun1,Little Sunangel,aves
roysun1,Royal Sunangel,aves
amtsun4,Merida Sunangel,aves
gorsun1,Gorgeted Sunangel,aves
putsun1,Purple-throated Sunangel,aves
slbkit1,Slender-billed Kite,aves
shbtre1,Sharp-billed Treehunter,aves
goujew1,Gould's Jewelfront,aves
ruwbri1,Rufous-webbed Brilliant,aves
pitbri1,Pink-throated Brilliant,aves
empbri1,Empress Brilliant,aves
grcbri1,Green-crowned Brilliant,aves
vifbri1,Violet-fronted Brilliant,aves
fabbri1,Fawn-breasted Brilliant,aves
brarub1,Brazilian Ruby,aves
bltbri1,Black-throated Brilliant,aves
vebbri1,Velvet-browed Brilliant,aves
plcsta,Plain-capped Starthroat,aves
bltsta2,Blue-tufted Starthroat,aves
lobsta1,Long-billed Starthroat,aves
stbsta1,Stripe-breasted Starthroat,aves
masfin3,Masked Finfoot,aves
sungre1,Sungrebe,aves
46195,Gambian Sun Squirrel,mammalia
46196,Red-legged Sun Squirrel,mammalia
saptan1,Inti Tanager,aves
bkefai1,Black-eared Fairy,aves
pucfai1,Purple-crowned Fairy,aves
whbspi2,White-browed Spinetail,aves
woewar1,Worm-eating Warbler,aves
41906,Common Dwarf Mongoose,mammalia
sakwar1,Sakhalin Grasshopper Warbler,aves
pagwar1,Pallas's Grasshopper Warbler,aves
grgwar1,Gray's Grasshopper Warbler,aves
migwar,Middendorff's Grasshopper Warbler,aves
plewar1,Pleske's Grasshopper Warbler,aves
margra1,Marsh Grassbird,aves
heswoo1,Heart-spotted Woodpecker,aves
gabwoo3,Gray-and-buff Woodpecker,aves
51940,Asian House Gecko,reptilia
43024,Long-eared Hedgehog,mammalia
nukupu1,Maui Nukupuu,aves
nukupu2,Kauai Nukupuu,aves
nukupu3,Oahu Nukupuu,aves
akiapo,Akiapolaau,aves
yebpip2,Yellow-breasted Pipit,aves
nezpig3,Chatham Islands Pigeon,aves
nezpig2,New Zealand Pigeon,aves
whitre1,Whiskered Treeswift,aves
cretre1,Crested Treeswift,aves
gyrtre1,Gray-rumped Treeswift,aves
moutre1,Moustached Treeswift,aves
bwfshr2,Black-winged Flycatcher-shrike,aves
bwfshr1,Bar-winged Flycatcher-shrike,aves
740566,Stop-and-go Cicada,insecta
24457,Spotted Snout-Burrower,amphibia
neuwar1,Neumann's Warbler,aves
pfbwar1,Pale-footed Bush Warbler,aves
yebtan1,Yellow-backed Tanager,aves
guitan1,Guira Tanager,aves
ruhtan1,Rufous-headed Tanager,aves
cbttyr1,Cinnamon-breasted Tody-Tyrant,aves
acrtot1,Acre Tody-Tyrant,aves
drbpyt1,Drab-breasted Pygmy-Tyrant,aves
flapyt1,Flammulated Pygmy-Tyrant,aves
fotpyt1,Fork-tailed Pygmy-Tyrant,aves
btttyr1,Black-throated Tody-Tyrant,aves
whbtot1,White-bellied Tody-Tyrant,aves
pettyr1,Pelzeln's Tody-Tyrant,aves
jottyr1,Johannes's Tody-Tyrant,aves
bbttyr1,Boat-billed Tody-Tyrant,aves
kattyr1,Kaempfer's Tody-Tyrant,aves
pvttyr1,Pearly-vented Tody-Tyrant,aves
zittyr1,Zimmer's Tody-Tyrant,aves
snttyr1,Snethlage's Tody-Tyrant,aves
bbttyr2,Buff-breasted Tody-Tyrant,aves
hattyr1,Hangnest Tody-Tyrant,aves
bnbpyt1,Brown-breasted Pygmy-Tyrant,aves
erttyr1,Eye-ringed Tody-Tyrant,aves
btttyr2,Buff-throated Tody-Tyrant,aves
yuttyr1,Yungas Tody-Tyrant,aves
snttyr2,Stripe-necked Tody-Tyrant,aves
wettyr1,White-eyed Tody-Tyrant,aves
chebul1,Chestnut Bulbul,aves
cinbul1,Cinereous Bulbul,aves
ashbul1,Ashy Bulbul,aves
blhbuz1,Black Honey-buzzard,aves
lthbuz1,Long-tailed Honey-buzzard,aves
negbro1,New Guinea Bronzewing,aves
nebbro1,New Britain Bronzewing,aves
208183,Razor Grinder,insecta
gybwow3,Hermit Wood-Wren,aves
gbwwre1,Gray-breasted Wood-Wren,aves
bwwwre1,Bar-winged Wood-Wren,aves
wbwwre1,White-breasted Wood-Wren,aves
munwow1,Munchique Wood-Wren,aves
197781,Jaguarundi,mammalia
41900,Egyptian Mongoose,mammalia
74413,Cape Grey Mongoose,mammalia
laufal1,Laughing Falcon,aves
blcant2,Black-capped Antwren,aves
yebant2,Yellow-breasted Antwren,aves
spbant4,Spot-backed Antwren,aves
dugant1,Dugand's Antwren,aves
ruwant3,Rusty-winged Antwren,aves
ancant1,Ancient Antwren,aves
labant1,Large-billed Antwren,aves
crbant1,Creamy-bellied Antwren,aves
astant1,Ash-throated Antwren,aves
pecant1,Pectoral Antwren,aves
bahant1,Bahia Antwren,aves
mapant1,Predicted Antwren,aves
rorant1,Roraiman Antwren,aves
ruwant4,Rufous-margined Antwren,aves
todant1,Todd's Antwren,aves
sptant1,Spot-tailed Antwren,aves
ajpant1,Aripuana Antwren,aves
hoogro1,Hooded Grosbeak,aves
evegro,Evening Grosbeak,aves
dstkne,Double-striped Thick-knee,aves
petkne1,Peruvian Thick-knee,aves
40513,Tickell's bat,mammalia
huia1,Huia,aves
orcman3,Orange-crowned Manakin,aves
yecman2,Yellow-crowned Manakin,aves
flcman2,Flame-crowned Manakin,aves
43088,Bush Hyrax,mammalia
liblar1,Liben Lark,aves
rudlar1,Rudd's Lark,aves
picmun1,Pictorella Munia,aves
gyhrob1,Arfak Robin,aves
ashrob2,Black-capped Robin,aves
gyhrob2,Gray-headed Robin,aves
blhduc1,Black-headed Duck,aves
whesib1,White-eared Sibia,aves
rufsib1,Rufous Sibia,aves
blhsib1,Black-headed Sibia,aves
grysib1,Gray Sibia,aves
blbsib1,Black-backed Sibia,aves
lotsib1,Long-tailed Sibia,aves
beasib1,Beautiful Sibia,aves
palcuc1,Pallid Cuckoo,aves
surtan1,Sulphur-rumped Tanager,aves
scbtan2,Scarlet-browed Tanager,aves
libbus1,Little Brown Bustard,aves
ruebus1,Rüppell's Bustard,aves
karbus1,Karoo Bustard,aves
gousho1,Gould's Shortwing,aves
bawmon3,Black-and-white Monjita,aves
764712,Hexacentrus hareyamai,insecta
499197,Hexacentrus japonicus,insecta
ayheag1,Ayres's Hawk-Eagle,aves
liteag1,Little Eagle,aves
booeag1,Booted Eagle,aves
waheag3,Wahlberg's Eagle,aves
liteag3,Pygmy Eagle,aves
larhac1,Dark Hawk-Cuckoo,aves
malhac1,Malaysian Hawk-Cuckoo,aves
nohcuc1,Northern Hawk-Cuckoo,aves
hodhac1,Hodgson's Hawk-Cuckoo,aves
phhcuc1,Philippine Hawk-Cuckoo,aves
larhac2,Large Hawk-Cuckoo,aves
mohcuc1,Moustached Hawk-Cuckoo,aves
cohcuc1,Common Hawk-Cuckoo,aves
740311,Hilaphura varipes,insecta
bkwsti,Black-winged Stilt,aves
piesti1,Pied Stilt,aves
bknsti,Black-necked Stilt,aves
blasti1,Black Stilt,aves
nkurai1,Nkulengu Rail,aves
apapan2,Laysan Honeycreeper,aves
apapan,Apapane,aves
ictwar1,Icterine Warbler,aves
upcwar1,Upcher's Warbler,aves
oltwar1,Olive-tree Warbler,aves
melwar1,Melodious Warbler,aves
42149,Common Hippopotamus,mammalia
40717,Great Roundleaf Bat,mammalia
40719,Diadem Roundleaf Bat,mammalia
40723,Cantor's roundleaf bat,mammalia
1370852,Exotic Roundleaf Bat,mammalia
42334,Sable Antelope,mammalia
whtnee,White-throated Needletail,aves
purnee1,Purple Needletail,aves
sibnee1,Silver-backed Needletail,aves
brbnee1,Brown-backed Needletail,aves
clifly1,Cliff Flycatcher,aves
ethswa1,Ethiopian Swallow,aves
whtswa3,White-throated Swallow,aves
angswa1,Angola Swallow,aves
bluswa1,Montane Blue Swallow,aves
pebswa1,Pearl-breasted Swallow,aves
pacswa3,Hill Swallow,aves
pacswa4,Pacific Swallow,aves
piwswa1,Pied-winged Swallow,aves
recswa1,Red-chested Swallow,aves
whtswa2,White-tailed Swallow,aves
welswa1,Welcome Swallow,aves
wtbswa1,White-throated Blue Swallow,aves
barswa1,Black-and-rufous Swallow,aves
barswa,Barn Swallow,aves
witswa1,Wire-tailed Swallow,aves
pacswa5,Tahiti Swallow,aves
40534,small big-eared brown bat,mammalia
harduc,Harlequin Duck,aves
rutwea1,Rufous-tailed Weaver,aves
43584,Human,mammalia
74439,Western Hoolock Gibbon,mammalia
883258,Eastern Hoolock Gibbon,mammalia
554790,Skywalker Hoolock Gibbon,mammalia
1423577,East Asian Bullfrog,amphibia
26261,Crowned bullfrog,amphibia
26258,Indus Valley Bullfrog,amphibia
120480,Western Brush Cricket,insecta
pielap1,Pied Plover,aves
whchor1,Western Long-tailed Hornbill,aves
whchor4,Eastern Long-tailed Hornbill,aves
bkdhor2,Eastern Dwarf Hornbill,aves
bkdhor1,Western Dwarf Hornbill,aves
ybbwar1,Yellowish-bellied Bush Warbler,aves
pabwar1,Palau Bush Warbler,aves
yebbuw2,Hume's Bush Warbler,aves
manbuw1,Manchurian Bush Warbler,aves
tabwar1,Tanimbar Bush Warbler,aves
jabwar,Japanese Bush Warbler,aves
abbwar1,Aberrant Bush Warbler,aves
bfbwar1,Brownish-flanked Bush Warbler,aves
odedi1,Odedi,aves
shawar1,Shade Warbler,aves
fibwar1,Fiji Bush Warbler,aves
phbwar1,Philippine Bush Warbler,aves
benflo2,Bengal Florican,aves
grcfly3,Grande Comore Flycatcher,aves
41888,Striped Hyaena,mammalia
359390,Robust Cicada,insecta
21324,Fleischmann's Glass Frog,amphibia
134725,Hyalinobatrachium kawense,amphibia
65547,Tatayo's Glass Frog,amphibia
barpet,Band-rumped Storm-Petrel,aves
leastp2,Ainley's Storm-Petrel,aves
ftspet,Fork-tailed Storm-Petrel,aves
asspet,Ashy Storm-Petrel,aves
rispet1,Ringed Storm-Petrel,aves
cavstp1,Cape Verde Storm-Petrel,aves
lcspet,Leach's Storm-Petrel,aves
guspet,Guadalupe Storm-Petrel,aves
maspet,Markham's Storm-Petrel,aves
maspet2,Matsudaira's Storm-Petrel,aves
bkspet,Black Storm-Petrel,aves
lsspet,Least Storm-Petrel,aves
swspet,Swinhoe's Storm-Petrel,aves
monstp1,Monteiro's Storm-Petrel,aves
bripet,European Storm-Petrel,aves
leastp5,Townsend's Storm-Petrel,aves
wrspet,Wedge-rumped Storm-Petrel,aves
trspet,Tristram's Storm-Petrel,aves
74442,Capybara,mammalia
74443,Lesser Capybara,mammalia
watswi1,Waterfall Swift,aves
litgul,Little Gull,aves
45292,Rakali,mammalia
phtjac1,Pheasant-tailed Jacana,aves
476311,Cope's Assam Frog,amphibia
42193,Water Deer,mammalia
caster1,Caspian Tern,aves
whtnig1,White-tailed Nightjar,aves
latnig1,Ladder-tailed Nightjar,aves
lotnig2,Long-trained Nightjar,aves
sctnig2,Scissor-tailed Nightjar,aves
blhpit1,Blue-headed Pitta,aves
giapit1,Giant Pitta,aves
blupit1,Blue Pitta,aves
babpit1,Bar-bellied Pitta,aves
banpit2,Javan Banded-Pitta,aves
gurpit1,Gurney's Pitta,aves
banpit3,Malayan Banded-Pitta,aves
blnpit1,Blue-naped Pitta,aves
runpit1,Rusty-naped Pitta,aves
earpit1,Eared Pitta,aves
schpit1,Schneider's Pitta,aves
banpit4,Bornean Banded-Pitta,aves
blrpit1,Blue-rumped Pitta,aves
424147,European Tree Frog,amphibia
23968,Common Chinese Tree Frog,amphibia
23909,Hallowell's Tree Frog,amphibia
23922,Italian Tree Frog,amphibia
24045,Mediterranean Tree Frog,amphibia
70646,Iberian Tree Frog,amphibia
70647,Eastern Tree Frog,amphibia
23998,Sardinian Tree Frog,amphibia
23798,Lemon-yellow Tree Frog,amphibia
shyhea1,Shy Heathwren,aves
chrhea1,Chestnut-rumped Heathwren,aves
1250330,Red-legged Wot-wot,amphibia
65574,Green Paddy Frog,amphibia
65592,LaTouche's Frog,amphibia
rebwoo1,Red-billed Woodcreeper,aves
babwoo1,Bar-bellied Woodcreeper,aves
uniwoo1,Uniform Woodcreeper,aves
grehyl1,Green Hylia,aves
souhyl1,Southern Hyliota,aves
yebhyl1,Yellow-bellied Hyliota,aves
usahyl1,Usambara Hyliota,aves
vibhyl1,Violet-backed Hyliota,aves
883486,Abbott's Gibbon,mammalia
43588,Agile Gibbon,mammalia
74453,Bornean White-bearded Gibbon,mammalia
883485,North Bornean Gray Gibbon,mammalia
43593,Lar Gibbon,mammalia
43592,Javan Gibbon,mammalia
883484,Müller's Gibbon,mammalia
43596,Pileated Gibbon,mammalia
gilhum1,Gilded Hummingbird,aves
rutsap1,Rufous-throated Sapphire,aves
woothr,Wood Thrush,aves
olfwhi1,Hylocitrea,aves
22992,Boraceia Tree Toad,amphibia
todmot1,Tody Motmot,aves
scthum1,Scissor-tailed Hummingbird,aves
masant1,Masked Antpitta,aves
spoant6,Spotted Antpitta,aves
whbant7,White-browed Antpitta,aves
spoant5,Snethlage's Antpitta,aves
stcant2,Streak-chested Antpitta,aves
alfant1,Alta Floresta Antpitta,aves
gyegre1,Gray-eyed Greenlet,aves
brhgre1,Brown-headed Greenlet,aves
scrgre1,Scrub Greenlet,aves
oligre1,Olivaceous Greenlet,aves
ashgre1,Ashy-headed Greenlet,aves
rucgre1,Rufous-crowned Greenlet,aves
gycgre1,Gray-chested Greenlet,aves
lecgre2,Lemon-chested Greenlet,aves
spoant1,Spotted Antbird,aves
spbant6,Spot-backed Antbird,aves
dobant2,Dot-backed Antbird,aves
ctgsta1,Copper-tailed Starling,aves
phgsta1,Purple-headed Starling,aves
navwre1,Nava's Wren,aves
sumwre1,Sumichrast's Wren,aves
23222,Emerald Forest Frog,amphibia
65662,Roque Tree Frog,amphibia
bluduc1,Blue Duck,aves
spetyr1,Spectacled Tyrant,aves
pittwi1,Pink-throated Twinspot,aves
pettwi1,Red-throated Twinspot,aves
oriwar2,Oriole Warbler,aves
23327,argus reed frog,amphibia
23341,Sierra Leone Reed Frog,amphibia
23369,Cinnamon-bellied Reed Frog,amphibia
23285,Variable Reed Frog,amphibia
23328,Lime Reed Frog,amphibia
23363,Dotted Reed Frog,amphibia
23370,Arumlily Reed Frog,amphibia
134940,Kivu Reed Frog,amphibia
134941,Margined Reed Frog,amphibia
23331,Painted Reed Frog,amphibia
23366,Angolan Reed Frog,amphibia
23302,Pickersgill's Reed Frog,amphibia
23323,Water Lily Reed Frog,amphibia
23338,Yellow-striped Reed Frog,amphibia
23310,Soror Reed Frog,amphibia
23342,Tinker Reed Frog,amphibia
134942,Common Reed Frog,amphibia
rutpuf3,Two-banded Puffbird,aves
rutpuf1,Russet-throated Puffbird,aves
reflor1,Red-flanked Lorikeet,aves
reflor2,Red-fronted Lorikeet,aves
guiwaa1,Guianan Warbling-Antbird,aves
imewaa1,Imeri Warbling-Antbird,aves
yebant3,Yellow-browed Antbird,aves
ronwaa1,Rondonia Warbling-Antbird,aves
perwaa1,Peruvian Warbling-Antbird,aves
manwaa1,Manicore Warbling-Antbird,aves
spiwaa1,Spix's Warbling-Antbird,aves
yebwaa1,Yellow-breasted Warbling-Antbird,aves
batant1,Band-tailed Antbird,aves
blcant3,Black-chinned Antbird,aves
hypoco1,Hypocolius,aves
cinwhe1,Cinnamon Ibon,aves
spbant3,Spot-backed Antshrike,aves
25185,Sheep Frog,amphibia
rebgra1,Red-bellied Grackle,aves
nuthat2,Nuthatch-Vanga,aves
blnmon1,Black-naped Monarch,aves
celmon1,Celestial Monarch,aves
shcmon1,Short-crested Monarch,aves
pabmon1,Pale-blue Monarch,aves
40843,Hammer-headed Fruit Bat,mammalia
golbul3,Seram Golden-Bulbul,aves
brebul1,Brown-eared Bulbul,aves
toggob1,Togian Golden-Bulbul,aves
reubul1,Reunion Bulbul,aves
yelbul4,Camiguin Bulbul,aves
halgob1,Halmahera Golden-Bulbul,aves
seybul1,Seychelles Bulbul,aves
yelbul1,Yellowish Bulbul,aves
sqtbul1,Square-tailed Bulbul,aves
visbul1,Visayan Bulbul,aves
sulgob2,Banggai Golden-Bulbul,aves
blabul1,Black Bulbul,aves
sulgob3,Sula Golden-Bulbul,aves
obigob1,Obi Golden-Bulbul,aves
madbul1,Malagasy Bulbul,aves
minbul1,Mindoro Bulbul,aves
mohbul1,Moheli Bulbul,aves
golbul4,Buru Golden-Bulbul,aves
nicbul2,Nicobar Bulbul,aves
maubul1,Mauritius Bulbul,aves
combul1,Grande Comore Bulbul,aves
phibul1,Philippine Bulbul,aves
sangob1,Sangihe Golden-Bulbul,aves
zambul1,Zamboanga Bulbul,aves
stbbul1,Streak-breasted Bulbul,aves
whhbul1,White-headed Bulbul,aves
1370812,Alashanian Pipistrelle,mammalia
1351388,Chinese Pipistrelle,mammalia
765528,Savi's Pipistrelle,mammalia
1431031,Stubbe's Pipistrelle,mammalia
44172,East Asian Porcupine,mammalia
44171,Crested Porcupine,mammalia
bielau1,Biet's Laughingthrush,aves
moulau1,Moustached Laughingthrush,aves
chelau1,Chestnut-eared Laughingthrush,aves
barlau1,Barred Laughingthrush,aves
gialau1,Giant Laughingthrush,aves
spolau1,Spotted Laughingthrush,aves
ruclau1,Rufous-chinned Laughingthrush,aves
suklau1,Snowy-cheeked Laughingthrush,aves
ibisbi1,Ibisbill,aves
retcar2,Red-throated Caracara,aves
41939,White-tailed Mongoose,mammalia
audgul1,Audouin's Gull,aves
soogul2,Sooty Gull,aves
gbhgul2,Pallas's Gull,aves
whegul2,White-eyed Gull,aves
medgul1,Mediterranean Gull,aves
relgul2,Relict Gull,aves
yebcha,Yellow-breasted Chat,aves
blbori1,Black-backed Oriole,aves
oraori1,Orange Oriole,aves
orcori1,Orange-crowned Oriole,aves
marori1,Martinique Oriole,aves
bulori,Bullock's Oriole,aves
epaori1,Epaulet Oriole,aves
yebori1,Yellow-backed Oriole,aves
orbtro3,Orange-backed Troupial,aves
hooori,Hooded Oriole,aves
graori1,Hispaniolan Oriole,aves
balori,Baltimore Oriole,aves
wheori1,White-edged Oriole,aves
audori,Audubon's Oriole,aves
altori,Altamira Oriole,aves
ventro1,Venezuelan Troupial,aves
camtro1,Campo Troupial,aves
stlori1,St. Lucia Oriole,aves
jamori1,Jamaican Oriole,aves
bawori1,Bar-winged Oriole,aves
graori2,Cuban Oriole,aves
yetori1,Yellow-tailed Oriole,aves
yelori1,Yellow Oriole,aves
graori3,Bahama Oriole,aves
monori1,Montserrat Oriole,aves
scoori,Scott's Oriole,aves
spbori,Spot-breasted Oriole,aves
graori4,Puerto Rican Oriole,aves
bkcori,Black-cowled Oriole,aves
stbori,Streak-backed Oriole,aves
epaori4,Variable Oriole,aves
orcori,Orchard Oriole,aves
bkvori,Black-vented Oriole,aves
lefeag1,Lesser Fish-Eagle,aves
gyhfie1,Gray-headed Fish-Eagle,aves
wbseag1,White-bellied Sea-Eagle,aves
solsee1,Sanford's Sea-Eagle,aves
affeag1,African Fish-Eagle,aves
mafeag1,Madagascar Fish-Eagle,aves
179987,Rio Grande Ground Squirrel,mammalia
179988,Thirteen-lined Ground Squirrel,mammalia
blaeag1,Black Eagle,aves
miskit,Mississippi Kite,aves
plukit1,Plumbeous Kite,aves
40621,Allen's Big-eared Bat,mammalia
shtfin1,Boulder Finch,aves
rbsfin1,Red-backed Sierra Finch,aves
wtsfin1,White-throated Sierra Finch,aves
wwdfin1,Glacier Finch,aves
155238,Uniform shieldback,insecta
boowar1,Booted Warbler,aves
afywar1,African Yellow-Warbler,aves
weowar1,Western Olivaceous Warbler,aves
eaowar1,Eastern Olivaceous Warbler,aves
sykwar2,Sykes's Warbler,aves
moywar1,Mountain Yellow-Warbler,aves
bucifr1,Blue-capped Ifrita,aves
pitman1,Pin-tailed Manakin,aves
scbill1,Scaly-breasted Illadopsis,aves
blaill1,Blackcap Illadopsis,aves
pabill3,Tanzanian Illadopsis,aves
broill1,Brown Illadopsis,aves
puvill1,Puvel's Illadopsis,aves
mouill1,Mountain Illadopsis,aves
ruwill1,Rufous-winged Illadopsis,aves
pabill1,Pale-breasted Illadopsis,aves
thrbab1,Thrush Babbler,aves
740127,Rattler,insecta
socwar2,Socotra Warbler,aves
bbifin1,Buff-bridled Inca-Finch,aves
gywinf1,Gray-winged Inca-Finch,aves
rbifin1,Rufous-backed Inca-Finch,aves
grifin1,Great Inca-Finch,aves
liifin1,Little Inca-Finch,aves
65849,Gulf Coast Toad,amphibia
65860,Central American Gulf Coast Toad,amphibia
malhon1,Malaysian Honeyguide,aves
leahon2,Least Honeyguide,aves
grehon2,Greater Honeyguide,aves
spohon2,Spotted Honeyguide,aves
palhon1,Pallid Honeyguide,aves
y00400,Lesser Honeyguide,aves
dwahon1,Dwarf Honeyguide,aves
scthon1,Scaly-throated Honeyguide,aves
wilhon2,Willcocks's Honeyguide,aves
yerhon1,Yellow-rumped Honeyguide,aves
1594889,Indopurana cheeveeda,insecta
1176764,Nicobarese Frog,amphibia
43600,Indri,mammalia
pattyr3,Pale-tipped Tyrannulet,aves
platyr1,Plain Tyrannulet,aves
amatyr1,Amazonian Tyrannulet,aves
slbtyr1,Slender-billed Tyrannulet,aves
65872,four-ridged toad,amphibia
duspur1,Dusky Purpletuft,aves
whbpur1,White-browed Purpletuft,aves
butpur1,Buff-throated Purpletuft,aves
cacbul1,Cachar Bulbul,aves
chabul1,Charlotte's Bulbul,aves
buvbul1,Buff-vented Bulbul,aves
finbul1,Finsch's Bulbul,aves
subbul1,Sulphur-bellied Bulbul,aves
gyebul1,Gray-eyed Bulbul,aves
olibul1,Olive Bulbul,aves
whtrob3,White-throated Robin,aves
cocjac1,Comb-crested Jacana,aves
phifab1,Philippine Fairy-bluebird,aves
asfblu1,Asian Fairy-bluebird,aves
asifab2,Palawan Fairy-bluebird,aves
gochon2,Golden-collared Honeycreeper,aves
yettan1,Yellow-throated Tanager,aves
goctan3,Golden-collared Tanager,aves
pumtan2,Purplish-mantled Tanager,aves
yestan1,Yellow-scarfed Tanager,aves
goctan4,Golden-crowned Tanager,aves
rubant3,Rufous-bellied Antwren,aves
pltant1,Plain-throated Antwren,aves
43301,Northern Brown Bandicoot,mammalia
43294,Southern Brown Bandicoot,mammalia
dwakin1,African Dwarf Kingfisher,aves
afpkin1,African Pygmy Kingfisher,aves
blophe1,Blood Pheasant,aves
spogre1,Spotted Greenbul,aves
varthr,Varied Thrush,aves
crsbul1,Cream-striped Bulbul,aves
strbul1,Streaked Bulbul,aves
moubul2,Mountain Bulbul,aves
sunbul1,Sumatran Bulbul,aves
sunbul3,Javan Bulbul,aves
spetan1,Speckled Tanager,aves
spotan1,Spotted Tanager,aves
ruttan1,Rufous-throated Tanager,aves
dottan1,Dotted Tanager,aves
yebtan2,Yellow-bellied Tanager,aves
jabiru,Jabiru,aves
thtjac1,Three-toed Jacamar,aves
grejac2,Great Jacamar,aves
watjac1,Wattled Jacana,aves
norjac,Northern Jacana,aves
manowl1,Maned Owl,aves
yeejun2,Baird's Junco,aves
daejun,Dark-eyed Junco,aves
daejun2,Guadalupe Junco,aves
yeejun,Yellow-eyed Junco,aves
voljun1,Volcano Junco,aves
runwry1,Red-throated Wryneck,aves
eurwry,Eurasian Wryneck,aves
gycill1,Gray-chested Babbler,aves
134946,Striped Sticky Frog,amphibia
24914,Muller's Narrowmouth Frog,amphibia
24915,Boreal Digging Frog,amphibia
326303,Asian Painted Frog,amphibia
43937,Atlantic Bamboo Rat,mammalia
23512,Senegal Running Frog,amphibia
lizbuz1,Lizard Buzzard,aves
olifly3,Olive Flyrobin,aves
yelfly4,Yellow-legged Flyrobin,aves
stwbab3,Striped Wren-Babbler,aves
43808,Rock Cavy,mammalia
blfowl1,Blakiston's Fish-Owl,aves
dueowl1,Dusky Eagle-Owl,aves
tafowl1,Tawny Fish-Owl,aves
bufowl2,Buffy Fish-Owl,aves
veeowl1,Verreaux's Eagle-Owl,aves
akeowl1,Akun Eagle-Owl,aves
sbeowl1,Spot-bellied Eagle-Owl,aves
pheowl2,Philippine Eagle-Owl,aves
fraeao1,Fraser's Eagle-Owl,aves
sheowl1,Shelley's Eagle-Owl,aves
baeowl1,Barred Eagle-Owl,aves
brfowl1,Brown Fish-Owl,aves
342379,Snoring Cicada,insecta
205489,Variable Cicada,insecta
342384,April Green Cicada,insecta
vihhum1,Violet-headed Hummingbird,aves
blchem1,Black-capped Hemispingus,aves
orbhem1,Orange-browed Hemispingus,aves
parhem1,Parodi's Hemispingus,aves
gychem1,Gray-capped Hemispingus,aves
whwblt1,White-winged Black-Tyrant,aves
andtyr2,Plumbeous Black-Tyrant,aves
bbbtyr1,Blue-billed Black-Tyrant,aves
whwblt2,Caatinga Black-Tyrant,aves
hubtyr1,Hudson's Black-Tyrant,aves
crbtyr1,Crested Black-Tyrant,aves
vebtyr1,Velvety Black-Tyrant,aves
rivtyr2,Riverside Tyrant,aves
ambtyr1,Amazonian Black-Tyrant,aves
ruttyr1,Rufous-tailed Tyrant,aves
andtyr3,Jelski's Black-Tyrant,aves
cintyr1,Cinereous Tyrant,aves
208198,Dinger,insecta
1163657,Orange Clicker,insecta
42329,Lechwe,mammalia
42326,Puku,mammalia
1051220,Kosemia admirabilis,insecta
517452,Green Iris Tree Frog,amphibia
26652,Eiffinger's Tree Frog,amphibia
26651,Temple Tree Frog,amphibia
517453,Wang's Tree Frog,amphibia
punsun1,Purple-naped Spiderhunter,aves
bankin1,Banded Kingfisher,aves
1431030,Cape serotine,mammalia
mouvel1,Mountain Velvetbreast,aves
bkffir1,Black-faced Firefinch,aves
brnfir1,Brown Firefinch,aves
blbfir1,Black-bellied Firefinch,aves
jamfir1,Jameson's Firefinch,aves
afffin,African Firefinch,aves
babfir1,Bar-breasted Firefinch,aves
rocfir1,Rock Firefinch,aves
rebfir2,Red-billed Firefinch,aves
reifir1,Chad Firefinch,aves
malfir1,Mali Firefinch,aves
wilpta2,Willow Ptarmigan,aves
whtpta1,White-tailed Ptarmigan,aves
rocpta1,Rock Ptarmigan,aves
wilpta1,Red Grouse,aves
43824,Plains Viscacha,mammalia
1369209,Common Woolly Monkey,mammalia
bkbtri1,Black-browed Triller,aves
rubtri1,Rufous-bellied Triller,aves
vartri3,Mussau Triller,aves
lescus1,Lesser Cuckooshrike,aves
vartri1,Varied Triller,aves
bkbtri2,Biak Triller,aves
lottri1,Long-tailed Triller,aves
whrtri1,White-rumped Triller,aves
poltri1,Polynesian Triller,aves
bawtri1,Black-and-white Triller,aves
bkhcus1,Black-headed Cuckooshrike,aves
bkwcus1,Black-winged Cuckooshrike,aves
whbtri1,White-browed Triller,aves
reucus1,Reunion Cuckooshrike,aves
pietri1,Pied Triller,aves
indcus1,Indochinese Cuckooshrike,aves
samtri1,Samoan Triller,aves
whwtri2,White-shouldered Triller,aves
whwtri1,White-winged Triller,aves
maucus1,Mauritius Cuckooshrike,aves
121026,Llama,mammalia
42240,Guanaco,mammalia
319688,Alpaca,mammalia
amthum1,Amethyst-throated Mountain-gem,aves
ptmgem,Purple-throated Mountain-gem,aves
wtmgem1,White-throated Mountain-gem,aves
buthum,Blue-throated Mountain-gem,aves
wbmgem1,White-bellied Mountain-gem,aves
gbmgem1,Green-breasted Mountain-gem,aves
gtmgem1,Green-throated Mountain-gem,aves
gathum1,Garnet-throated Hummingbird,aves
silkta3,Natewa Silktail,aves
silkta2,Taveuni Silktail,aves
vefgra1,Velvet-fronted Grackle,aves
rbptan1,Red-billed Pied Tanager,aves
stgsta1,Sharp-tailed Starling,aves
whcsta3,White-crowned Starling,aves
bugsta1,Burchell's Starling,aves
afpsta1,African Pied Starling,aves
ltgsta1,Long-tailed Glossy Starling,aves
btgsta1,Bronze-tailed Starling,aves
gbesta1,Greater Blue-eared Starling,aves
lbesta1,Lesser Blue-eared Starling,aves
fissta1,Fischer's Starling,aves
hilsta1,Hildebrandt's Starling,aves
emesta1,Emerald Starling,aves
megsta1,Meves's Starling,aves
capgls1,Cape Starling,aves
prgsta1,Principe Starling,aves
chbsta1,Chestnut-bellied Starling,aves
pugsta1,Purple Starling,aves
ruegls1,Rüppell's Starling,aves
gobsta5,Golden-breasted Starling,aves
shesta1,Shelley's Starling,aves
spgsta1,Splendid Starling,aves
supsta1,Superb Starling,aves
ashsta2,Ashy Starling,aves
trobou2,Ethiopian Boubou,aves
gabbus1,Gabela Bushshrike,aves
crbgon1,Crimson-breasted Gonolek,aves
yebbou1,Yellow-breasted Boubou,aves
comgon1,Yellow-crowned Gonolek,aves
gabbou1,Gabon Boubou,aves
brabus1,Braun's Bushshrike,aves
blhgon1,Black-headed Gonolek,aves
soubou1,Southern Boubou,aves
fuebou1,Fülleborn's Boubou,aves
slcbou1,Slate-colored Boubou,aves
mosbou4,Albertine Boubou,aves
soobou1,Lowland Sooty Boubou,aves
luebus1,Lühder's Bushshrike,aves
trobou1,Tropical Boubou,aves
papgon1,Papyrus Gonolek,aves
sombou1,Coastal Boubou,aves
mosbou1,Western Boubou,aves
renbus1,Red-naped Bushshrike,aves
zanbou1,Zanzibar Boubou,aves
turbou1,Turati's Boubou,aves
wisbou1,Willard's Sooty Boubou,aves
spocro1,Spotted Crocias,aves
gyccro1,Gray-crowned Crocias,aves
shlcot2,Andean Laniisoma,aves
shlcot3,Brazilian Laniisoma,aves
btstan1,Black-throated Shrike-Tanager,aves
fustan1,Fulvous Shrike-Tanager,aves
wtstan1,White-throated Shrike-Tanager,aves
wwstan1,White-winged Shrike-Tanager,aves
cinmou1,Cinereous Mourner,aves
spemou1,Speckled Mourner,aves
whtshr1,White-tailed Shrike,aves
norshr4,Northern Shrike,aves
buhshr1,Bull-headed Shrike,aves
lotfis1,Long-tailed Fiscal,aves
soufis1,Southern Fiscal,aves
rebshr1,Red-backed Shrike,aves
burshr1,Burmese Shrike,aves
brnshr,Brown Shrike,aves
taifis1,Taita Fiscal,aves
norshr1,Great Gray Shrike,aves
gybfis1,Gray-backed Fiscal,aves
chgshr3,Giant Shrike,aves
emishr1,Emin's Shrike,aves
norfis1,Northern Fiscal,aves
isashr1,Isabelline Shrike,aves
logshr,Loggerhead Shrike,aves
macshr1,Mackinnon's Shrike,aves
ibgshr1,Iberian Gray Shrike,aves
legshr2,Lesser Gray Shrike,aves
newfis1,Newton's Fiscal,aves
masshr1,Masked Shrike,aves
rutshr2,Red-tailed Shrike,aves
lotshr1,Long-tailed Shrike,aves
wooshr1,Woodchat Shrike,aves
somfis1,Somali Fiscal,aves
soushr3,Souza's Shrike,aves
chgshr1,Chinese Gray Shrike,aves
gybshr1,Gray-backed Shrike,aves
tigshr1,Tiger Shrike,aves
gycshr1,Mountain Shrike,aves
babshr1,Bay-backed Shrike,aves
46187,Three-striped Ground Squirrel,mammalia
incter1,Inca Tern,aves
euhgul1,European Herring Gull,aves
armgul1,Armenian Gull,aves
olrgul1,Olrog's Gull,aves
belgul,Belcher's Gull,aves
mewgul2,Short-billed Gull,aves
casgul2,Caspian Gull,aves
calgul,California Gull,aves
mewgul,Common Gull,aves
bktgul,Black-tailed Gull,aves
ribgul,Ring-billed Gull,aves
kelgul,Kelp Gull,aves
lbbgul,Lesser Black-backed Gull,aves
glwgul,Glaucous-winged Gull,aves
y00478,Iceland Gull,aves
heegul,Heermann's Gull,aves
glagul,Glaucous Gull,aves
yefgul,Yellow-footed Gull,aves
gbbgul,Great Black-backed Gull,aves
yelgul1,Yellow-legged Gull,aves
casgul4,Mongolian Gull,aves
wesgul,Western Gull,aves
pacgul1,Pacific Gull,aves
slbgul,Slaty-backed Gull,aves
amhgul1,American Herring Gull,aves
veggul1,Vega Gull,aves
japrob2,Japanese Robin,aves
inbrob1,Indian Blue Robin,aves
sibrob,Siberian Blue Robin,aves
ryurob2,Ryukyu Robin,aves
ryurob3,Okinawa Robin,aves
ruhrob1,Rufous-headed Robin,aves
rutrob1,Rufous-tailed Robin,aves
japrob3,Izu Robin,aves
40629,Silver-haired Bat,mammalia
1450550,Southern red bat,mammalia
40522,Eastern Red Bat,mammalia
40523,Northern Hoary Bat,mammalia
40526,Southern Yellow Bat,mammalia
40517,big red bat,mammalia
1431049,Western red bat,mammalia
40527,Northern Yellow Bat,mammalia
40521,Seminole Bat,mammalia
1596115,Hawaiian Hoary Bat,mammalia
74475,Cinnamon Red Bat,mammalia
1596114,Southern Hoary Bat,mammalia
74476,Western Yellow Bat,mammalia
whtcra1,White-throated Crake,aves
grbcra1,Gray-breasted Crake,aves
yebcra1,Yellow-breasted Crake,aves
blkrai,Black Rail,aves
rufcra2,Rusty-flanked Crake,aves
ruscra1,Rufous-sided Crake,aves
sperai1,Speckled Rail,aves
inirai1,Inaccessible Island Rail,aves
rudcra1,Ruddy Crake,aves
galrai1,Galapagos Rail,aves
dowcra1,Dot-winged Crake,aves
swipar1,Swift Parrot,aves
eulfly1,Euler's Flycatcher,aves
gybfly1,Gray-breasted Flycatcher,aves
ruvpri1,Rufous-vented Grass Babbler,aves
swapri1,Swamp Grass Babbler,aves
415407,Florida True Katydid,insecta
pirfly1,Piratic Flycatcher,aves
yecwoo1,Yellow-crowned Woodpecker,aves
rubsib1,Rufous-backed Sibia,aves
orcwar,Orange-crowned Warbler,aves
colwar,Colima Warbler,aves
lucwar,Lucy's Warbler,aves
tenwar,Tennessee Warbler,aves
naswar,Nashville Warbler,aves
virwar,Virginia's Warbler,aves
siemes1,Silver-eared Mesia,aves
reblei,Red-billed Leiothrix,aves
mallee1,Malleefowl,aves
permea1,Peruvian Meadowlark,aves
pammea1,Pampas Meadowlark,aves
lotmea1,Long-tailed Meadowlark,aves
rebbla1,Red-breasted Meadowlark,aves
whbbla2,White-browed Meadowlark,aves
846367,Typical Lemmings,mammalia
43617,Ring-tailed Lemur,mammalia
bagbab2,Bagobo Robin,aves
43394,Golden-headed Lion Tamarin,mammalia
43395,Black Lion Tamarin,mammalia
43396,Golden Lion Tamarin,mammalia
74482,Guiña,mammalia
544590,Southern Tigrina,mammalia
41997,Ocelot,mammalia
41988,Margay,mammalia
spcwoo1,Spot-crowned Woodcreeper,aves
linwoo3,Guianan Woodcreeper,aves
nabwoo1,Narrow-billed Woodcreeper,aves
linwoo4,Duida Woodcreeper,aves
scawoo2,Scalloped Woodcreeper,aves
inawoo1,Inambari Woodcreeper,aves
ducwoo1,Dusky-capped Woodcreeper,aves
monwoo1,Montane Woodcreeper,aves
whswoo1,White-striped Woodcreeper,aves
sthwoo1,Streak-headed Woodcreeper,aves
scawoo1,Scaled Woodcreeper,aves
465147,Lepidogryllus parvulus,insecta
madmun1,Madagascar Munia,aves
cecman1,Cerulean-capped Manakin,aves
blcman1,Blue-capped Manakin,aves
opcman1,Opal-crowned Manakin,aves
blrman1,Blue-rumped Manakin,aves
sncman1,Snow-capped Manakin,aves
whfman1,White-fronted Manakin,aves
orbman1,Orange-bellied Manakin,aves
bucman1,Velvety Manakin,aves
gocman2,Golden-crowned Manakin,aves
pmtspi1,Plain-mantled Tit-Spinetail,aves
antspi1,Andean Tit-Spinetail,aves
bctspi1,Brown-capped Tit-Spinetail,aves
rctspi1,Rusty-crowned Tit-Spinetail,aves
tutspi1,Tufted Tit-Spinetail,aves
artspi1,Araucaria Tit-Spinetail,aves
sttspi1,Streaked Tit-Spinetail,aves
sttspi2,Striolated Tit-Spinetail,aves
wbtspi1,White-browed Tit-Spinetail,aves
blksun1,Black Sunbird,aves
vahsun1,Van Hasselt's Sunbird,aves
cotsun2,Copper-throated Sunbird,aves
crbsun2,Crimson-backed Sunbird,aves
putsun3,Purple-throated Sunbird,aves
pursun3,Purple-rumped Sunbird,aves
22979,Caribbean White-lipped Frog,amphibia
22939,Colombian Thin-toed Frog,amphibia
22967,Marbled White-lipped Frog,amphibia
22976,Mexican White-lipped Frog,amphibia
22973,Whistling Grass Frog,amphibia
22981,Dumeril's Striped Frog,amphibia
126247,Spotted Foam-nest Frog,amphibia
22983,Pepper Frog,amphibia
22974,Oven Frog,amphibia
1176823,Wrestler Frog,amphibia
22951,Sabinal Frog,amphibia
22984,Basin White-lipped Frog,amphibia
22956,Mustached Frog,amphibia
22933,Rio Bahu White-lipped Frog,amphibia
22968,Iporanga White-lipped Frog,amphibia
22957,Smoky Jungle Frog,amphibia
22961,Pointedbelly Frog,amphibia
22960,Loreto White-lipped Frog,amphibia
65962,Savage's Thin-toed Frog,amphibia
22930,Basin White-lipped Frog,amphibia
22955,Sibilator Frog,amphibia
134948,Smooth-skinned Ditch Frog,amphibia
grhkit1,Gray-headed Kite,aves
whckit1,White-collared Kite,aves
41731,Weddell Seal,mammalia
41143,Lesser Long-nosed Bat,mammalia
23407,Mozambique Forest Tree Frog,amphibia
23431,Natal Forest Tree Frog,amphibia
65972,Ghostly Tree Frog,amphibia
23439,Rusty Forest Tree Frog,amphibia
131035,Speckled Bush-cricket,insecta
crtwar1,Crested Tit-Warbler,aves
wbtwar1,White-browed Tit-Warbler,aves
secfly1,Sepia-capped Flycatcher,aves
rubfly2,Rufous-breasted Flycatcher,aves
slcfly1,Slaty-capped Flycatcher,aves
incfly1,Inca Flycatcher,aves
chavan2,Chabert Vanga,aves
marsto1,Marabou Stork,aves
greadj1,Greater Adjutant,aves
lesadj1,Lesser Adjutant,aves
768563,Leptosemia sakaii,insecta
554275,Leptosemia takanonis,insecta
goppar1,Golden-plumed Parakeet,aves
cuckoo1,Cuckoo-roller,aves
grcdov1,Gray-chested Dove,aves
toldov1,Tolima Dove,aves
cardov1,Caribbean Dove,aves
latdov1,Large-tailed Dove,aves
ocbdov1,Ochre-bellied Dove,aves
paldov1,Pallid Dove,aves
gyhdov1,Gray-headed Dove,aves
grfdov1,Gray-fronted Dove,aves
whtdov,White-tipped Dove,aves
gredov1,Grenada Dove,aves
obqdov1,Olive-backed Quail-Dove,aves
43132,Snowshoe Hare,mammalia
43128,Brown Hare,mammalia
snopar1,Snow Partridge,aves
grttra1,Green-tailed Trainbearer,aves
blttra1,Black-tailed Trainbearer,aves
andneg1,Andean Negrito,aves
ausneg1,Austral Negrito,aves
bufhum1,Buffy Hummingbird,aves
1289591,Imperial Shag,aves
guacor1,Guanay Cormorant,aves
caisha2,Campbell Islands Shag,aves
rofsha1,New Zealand King Shag,aves
brosha1,Stewart Island Shag,aves
auisha1,Auckland Islands Shag,aves
magcor1,Magellanic Cormorant,aves
chisha1,Chatham Islands Shag,aves
boisha1,Bounty Islands Shag,aves
whthum2,White-throated Hummingbird,aves
sibcra1,Siberian Crane,aves
whhwoo,White-headed Woodpecker,aves
ariwoo,Arizona Woodpecker,aves
recwoo,Red-cockaded Woodpecker,aves
smbwoo1,Smoky-brown Woodpecker,aves
strwoo,Strickland's Woodpecker,aves
haiwoo,Hairy Woodpecker,aves
semwar1,Semper's Warbler,aves
laugul,Laughing Gull,aves
lavgul1,Lava Gull,aves
grygul,Gray Gull,aves
fragul,Franklin's Gull,aves
dolgul2,Dolphin Gull,aves
blcrob1,Black-chinned Robin,aves
balmyn1,Bali Myna,aves
whbhaw2,White-browed Hawk,aves
blfhaw1,Black-faced Hawk,aves
semhaw,Semiplumbeous Hawk,aves
whtfly2,White-tailed Flycatcher,aves
wonpig1,Wonga Pigeon,aves
787625,Santa Rita Rocket Frog,amphibia
asrfin1,Asian Rosy-Finch,aves
bkrfin,Black Rosy-Finch,aves
bcrfin,Brown-capped Rosy-Finch,aves
bhmfin1,Black-headed Mountain Finch,aves
plmfin1,Plain Mountain Finch,aves
gcrfin,Gray-crowned Rosy-Finch,aves
luzrai1,Luzon Rail,aves
auirai1,Auckland Islands Rail,aves
lewrai1,Lewin's Rail,aves
slbrai1,Slaty-breasted Rail,aves
pughon1,Purple-gaped Honeyeater,aves
yethon3,Yellow-tufted Honeyeater,aves
siehon1,Silver-eared Honeyeater,aves
olihon1,Olive Honeyeater,aves
burhon1,Buru Honeyeater,aves
yeehon1,Yellow-eared Honeyeater,aves
dabhon1,Gray-eared Honeyeater,aves
brohon1,Brown Honeyeater,aves
sunhon1,Sunda Honeyeater,aves
serhon1,Seram Honeyeater,aves
blchon1,Black-chested Honeyeater,aves
whthon2,White-tufted Honeyeater,aves
223651,Desert Clicker Grasshopper,insecta
55761,Lily Leaf Beetle,insecta
stbree2,Straight-billed Reedhaunter,aves
sutspi1,Sulphur-bearded Reedhaunter,aves
shbdow,Short-billed Dowitcher,aves
lobdow,Long-billed Dowitcher,aves
asidow1,Asian Dowitcher,aves
22040,Marbled Frog,amphibia
22035,Western Banjo Frog,amphibia
22038,Eastern Banjo Frog,amphibia
22033,Barking Frog,amphibia
1545223,Scarlet-sided Banjo Frog,amphibia
22039,Striped Marsh Frog,amphibia
22028,Salmon-striped Frog,amphibia
22036,Spotted Marsh Frog,amphibia
25935,Fujian Large-headed Frog,amphibia
cubree1,Curve-billed Reedhaunter,aves
swawar,Swainson's Warbler,aves
margod,Marbled Godwit,aves
hudgod,Hudsonian Godwit,aves
batgod,Bar-tailed Godwit,aves
bktgod,Black-tailed Godwit,aves
eurlin1,Eurasian Linnet,aves
twite1,Twite,aves
warlin1,Warsangli Linnet,aves
yemlin1,Yemen Linnet,aves
orifin1,Oriole Finch,aves
buglio1,Bugun Liocichla,aves
gyflio1,Emei Shan Liocichla,aves
reflio2,Red-faced Liocichla,aves
reflio3,Scarlet-faced Liocichla,aves
stelio1,Taiwan Liocichla,aves
gobful1,Golden-breasted Fulvetta,aves
rubtap1,Rusty-belted Tapaculo,aves
bagcot1,Black-and-gold Cotinga,aves
gywcot1,Gray-winged Cotinga,aves
duspih1,Dusky Piha,aves
civpih1,Cinnamon-vented Piha,aves
rocpih1,Rose-collared Piha,aves
rufpih1,Rufous Piha,aves
scwpih1,Scimitar-winged Piha,aves
scrpih1,Screaming Piha,aves
chcpih1,Chestnut-capped Piha,aves
harbus2,Hartlaub's Bustard,aves
bkbbus1,Black-bellied Bustard,aves
65974,Crawfish Frog,amphibia
65975,Rio Grande Leopard Frog,amphibia
65976,Plains Leopard Frog,amphibia
65979,American Bullfrog,amphibia
65982,Green Frog,amphibia
65986,Pig Frog,amphibia
424676,Atlantic Coast Leopard Frog,amphibia
66002,Pickerel Frog,amphibia
66003,Northern Leopard Frog,amphibia
66007,Mink Frog,amphibia
60341,Southern Leopard Frog,amphibia
66012,Wood Frog,amphibia
66018,Carpenter Frog,amphibia
135111,Painted Antnest Frog,amphibia
23654,Broad-palmed Rocket Frog,amphibia
23647,Striped Rocket Frog,amphibia
41700,Crabeater Seal,mammalia
yebsat1,Yellow-breasted Satinbird,aves
ghacus1,Ghana Cuckooshrike,aves
oricus1,Oriole Cuckooshrike,aves
shtstr1,Sharp-tailed Streamcreeper,aves
frbwar1,Friendly Bush Warbler,aves
baswar1,Bamboo Warbler,aves
taibuw1,Taiwan Bush Warbler,aves
cbbwar2,Sulawesi Bush Warbler,aves
ltbwar1,Long-tailed Bush Warbler,aves
sicbuw1,Sichuan Bush Warbler,aves
spobuw1,Baikal Bush Warbler,aves
cbbwar3,Buru Bush Warbler,aves
eurwar2,River Warbler,aves
dabwar1,Dalat Bush Warbler,aves
spobuw2,West Himalayan Bush Warbler,aves
lanwar,Lanceolated Warbler,aves
savwar1,Savi's Warbler,aves
brbwar2,Brown Bush Warbler,aves
lbbwar1,Long-billed Bush Warbler,aves
rubwar1,Russet Bush Warbler,aves
jabwar1,Javan Bush Warbler,aves
cbbwar4,Seram Bush Warbler,aves
cogwar1,Common Grasshopper Warbler,aves
talgrw1,Taliabu Bush Warbler,aves
benbuw1,Benguet Bush Warbler,aves
chbwar1,Chinese Bush Warbler,aves
spobuw3,Spotted Bush Warbler,aves
marspa1,Marvelous Spatuletail,aves
chemun,Chestnut Munia,aves
gyhmun1,Gray-headed Munia,aves
chbmun1,Chestnut-breasted Munia,aves
whcmun1,White-capped Munia,aves
yermun1,Yellow-rumped Munia,aves
neimun1,New Ireland Munia,aves
dusmun1,Dusky Munia,aves
gramun1,Grand Munia,aves
motmun1,Mottled Munia,aves
bltmun1,Black-throated Munia,aves
whbmun1,White-bellied Munia,aves
javmun1,Javan Munia,aves
whhmun1,White-headed Munia,aves
trimun,Tricolored Munia,aves
bismun1,Bismarck Munia,aves
blfmun1,Black-faced Munia,aves
snmmun1,Snow Mountain Munia,aves
alpmun1,Alpine Munia,aves
gycmun1,Gray-crowned Munia,aves
nehmun1,New Hanover Munia,aves
pahmun1,Pale-headed Munia,aves
nutman,Scaly-breasted Munia,aves
ficmun1,Five-colored Munia,aves
hoomun1,Hooded Munia,aves
whrmun,White-rumped Munia,aves
blamun1,Black Munia,aves
blbmun1,Black-breasted Munia,aves
gybmun1,Gray-banded Munia,aves
1596108,Northern Neotropical River Otter,mammalia
41777,North American River Otter,mammalia
41778,Central Neotropical River Otter,mammalia
loceag1,Long-crested Eagle,aves
44950,Maned Rat,mammalia
43540,grey-mantled grey-cheeked mangabey,mammalia
74512,Black Mangabey,mammalia
crohor1,Crowned Hornbill,aves
brahor1,Bradfield's Hornbill,aves
rbdhor1,Red-billed Dwarf Hornbill,aves
afphor3,Congo Pied Hornbill,aves
hemhor1,Hemprich's Hornbill,aves
afghor1,African Gray Hornbill,aves
pabhor1,Pale-billed Hornbill,aves
afphor2,West African Pied Hornbill,aves
hoomer,Hooded Merganser,aves
sqtkit1,Square-tailed Kite,aves
toppig1,Topknot Pigeon,aves
creduc1,Crested Duck,aves
cretit2,Crested Tit,aves
gyctit1,Gray-crested Tit,aves
himmon1,Himalayan Monal,aves
chimon1,Chinese Monal,aves
sclmon1,Sclater's Monal,aves
brbpar3,Broad-billed Parrot,aves
grsbop1,Greater Lophorina,aves
lesbop1,Lesser Lophorina,aves
grsbop1,Greater Lophorina,aves
whccoq1,White-crested Coquette,aves
shccoq,Short-crested Coquette,aves
fescoq3,Festive Coquette,aves
ruccoq1,Rufous-crested Coquette,aves
doecoq1,Dot-eared Coquette,aves
blccoq1,Black-crested Coquette,aves
fricoq1,Frilled Coquette,aves
tufcoq1,Tufted Coquette,aves
peacoq1,Peacock Coquette,aves
spacoq1,Spangled Coquette,aves
fescoq2,Butterfly Coquette,aves
gycfin1,Gray-crested Finch,aves
blcfin1,Black-crested Finch,aves
sulgos1,Sulawesi Goshawk,aves
cregos1,Crested Goshawk,aves
creowl1,Crested Owl,aves
madibi1,Madagascar Ibis,aves
bucbus1,Buff-crested Bustard,aves
recbus1,Red-crested Bustard,aves
savbus1,Savile's Bustard,aves
lcptyr1,Long-crested Pygmy-Tyrant,aves
heptyr1,Helmeted Pygmy-Tyrant,aves
scptyr1,Scale-crested Pygmy-Tyrant,aves
dbptyr1,Double-banded Pygmy-Tyrant,aves
rubeag2,Rufous-bellied Eagle,aves
bulphe1,Bulwer's Pheasant,aves
siafir1,Siamese Fireback,aves
edwphe1,Edwards's Pheasant,aves
crefir5,Malayan Crestless Fireback,aves
crefir4,Bornean Crested Fireback,aves
salphe1,Salvadori's Pheasant,aves
kalphe,Kalij Pheasant,aves
silphe,Silver Pheasant,aves
crefir6,Bornean Crestless Fireback,aves
crefir3,Malayan Crested Fireback,aves
swiphe1,Swinhoe's Pheasant,aves
mohpar1,Moluccan Hanging-Parrot,aves
paphap1,Papuan Hanging-Parrot,aves
cehpar1,Sri Lanka Hanging-Parrot,aves
phihap11,Black-billed Hanging-Parrot,aves
camhap1,Camiguin Hanging-Parrot,aves
sahpar2,Sangihe Hanging-Parrot,aves
pyghap1,Pygmy Hanging-Parrot,aves
wahpar2,Wallace's Hanging-Parrot,aves
bchpar1,Blue-crowned Hanging-Parrot,aves
phihap1,Philippine Hanging-Parrot,aves
ythpar1,Yellow-throated Hanging-Parrot,aves
sulhap1,Sula Hanging-Parrot,aves
suhpar1,Sulawesi Hanging-Parrot,aves
gfhpar1,Green-fronted Hanging-Parrot,aves
vehpar1,Vernal Hanging-Parrot,aves
flctan2,Flame-crested Tanager,aves
whstan1,White-shouldered Tanager,aves
yectan1,Yellow-crested Tanager,aves
74526,Grey Slender Loris,mammalia
whnlor2,White-naped Lory,aves
yeblor1,Yellow-bibbed Lory,aves
punlor1,Purple-naped Lory,aves
chalor1,Chattering Lory,aves
publor1,Purple-bellied Lory,aves
blclor1,Black-capped Lory,aves
redcro,Red Crossbill,aves
whwcro,White-winged Crossbill,aves
hiscro,Hispaniolan Crossbill,aves
parcro2,Parrot Crossbill,aves
scocro1,Scottish Crossbill,aves
redcro9,Cassia Crossbill,aves
barbul1,Barbados Bullfinch,aves
leabul1,Lesser Antillean Bullfinch,aves
palila,Palila,aves
yesgra1,Yellow-shouldered Grassquit,aves
499211,Loxoblemmus arietulus,insecta
555006,Loxoblemmus doenitzi,insecta
564678,Loxoblemmus equestris,insecta
43694,African Savanna Elephant,mammalia
357910,Forest Elephant,mammalia
akekee,Akekee,aves
akepa1,Hawaii Akepa,aves
hawcre,Hawaii Creeper,aves
akepa3,Maui Akepa,aves
akepa2,Oahu Akepa,aves
woolar1,Wood Lark,aves
1210965,Side-striped Jackal,mammalia
1210966,Black-backed Jackal,mammalia
rubnig1,Rufous-bellied Nighthawk,aves
shtnig1,Short-tailed Nighthawk,aves
thrnig1,Thrush Nightingale,aves
comnig1,Common Nightingale,aves
whbred1,White-bellied Redstart,aves
blueth,Bluethroat,aves
1638835,Asian Small-clawed Otter,mammalia
41850,Eurasian Otter,mammalia
1638842,Smooth-coated Otter,mammalia
chabar1,Chaplin's Barbet,aves
blbbar3,Black-billed Barbet,aves
whhbar1,White-headed Barbet,aves
refbar1,Red-faced Barbet,aves
blcbar1,Black-collared Barbet,aves
banbar1,Banded Barbet,aves
viebar1,Vieillot's Barbet,aves
516126,Culpeo,mammalia
516128,Darwin's Fox,mammalia
332338,Chilla,mammalia
423656,Pampas Fox,mammalia
516127,Hoary Fox,mammalia
42093,African Wild Dog,mammalia
paradi3,Obi Paradise-crow,aves
paradi2,Halmahera Paradise-crow,aves
jacsni,Jack Snipe,aves
grenig1,Great Eared-Nightjar,aves
malnig1,Malaysian Eared-Nightjar,aves
41974,Canada Lynx,mammalia
41979,Eurasian Lynx,mammalia
41975,Iberian Lynx,mammalia
41976,Bobcat,mammalia
904480,Geminate Cicada,insecta
361905,Common Cicada,insecta
caugro1,Caucasian Grouse,aves
blagro1,Black Grouse,aves
43445,Stump-tailed Macaque,mammalia
43454,Assam Macaque,mammalia
43450,Formosan Rock Macaque,mammalia
43459,Long-tailed Macaque,mammalia
43458,Japanese Macaque,mammalia
74532,Northern Pig-tailed Macaque,mammalia
43449,Moor Macaque,mammalia
43460,Rhesus Macaque,mammalia
54866,Arunachal Macaque,mammalia
43455,Southern Pig-tailed Macaque,mammalia
43457,Celebes Crested Macaque,mammalia
43448,Bonnet Macaque,mammalia
43446,Lion-tailed Macaque,mammalia
43456,Toque Macaque,mammalia
43452,Barbary Macaque,mammalia
43451,Tibetan Macaque,mammalia
machon3,Macgregor's Honeyeater,aves
yebboa1,Yellow-breasted Boatbill,aves
blbboa1,Black-breasted Boatbill,aves
clwman1,Club-winged Manakin,aves
paiman1,Painted Manakin,aves
ficman1,Fiery-capped Manakin,aves
strman2,Kinglet Manakin,aves
strman5,Striolated Manakin,aves
bathaw1,Bat Hawk,aves
cattyr,Cattle Tyrant,aves
indtit1,Indian Yellow Tit,aves
yeltit2,Taiwan Yellow Tit,aves
whwtit2,White-naped Tit,aves
yectit1,Yellow-cheeked Tit,aves
blltit1,Himalayan Black-lored Tit,aves
latant1,Large-tailed Antshrike,aves
tufant1,Tufted Antshrike,aves
gotgra1,Golden-tufted Grackle,aves
mougra1,Mountain Grackle,aves
maleo1,Maleo,aves
846402,Long-tongued Fruit Bats and Blossom Bats,mammalia
angpet1,Southern Giant-Petrel,aves
norgip1,Northern Giant-Petrel,aves
fbtbab1,Fluffy-backed Tit-Babbler,aves
brtbab1,Brown Tit-Babbler,aves
rotlon1,Rosy-throated Longclaw,aves
panlon1,Pangani Longclaw,aves
ortlon1,Orange-throated Longclaw,aves
yetlon1,Yellow-throated Longclaw,aves
abylon1,Abyssinian Longclaw,aves
fuelon2,Fülleborn's Longclaw,aves
grilon1,Grimwood's Longclaw,aves
shalon1,Sharpe's Longclaw,aves
41117,Long-legged Bat,mammalia
42881,Western Grey Kangaroo,mammalia
42888,Eastern Grey Kangaroo,mammalia
sbcdov1,Amboyna Cuckoo-Dove,aves
engcud1,Enggano Cuckoo-Dove,aves
sulcud1,Sultan's Cuckoo-Dove,aves
rucdov1,Ruddy Cuckoo-Dove,aves
ducdov1,Flores Sea Cuckoo-Dove,aves
macdov1,Spot-breasted Cuckoo-Dove,aves
timcud1,Timor Cuckoo-Dove,aves
barcud1,Barusan Cuckoo-Dove,aves
bbcdov1,Black-billed Cuckoo-Dove,aves
brcdov1,Brown Cuckoo-Dove,aves
licdov1,Little Cuckoo-Dove,aves
ancdov1,Andaman Cuckoo-Dove,aves
phcdov1,Philippine Cuckoo-Dove,aves
tancud1,Tanimbar Cuckoo-Dove,aves
bacdov1,Barred Cuckoo-Dove,aves
740528,Macrosemia kareisana,insecta
876600,Macrosemia pieli,insecta
grylon1,Gray Longbill,aves
yellon1,Yellow Longbill,aves
kemlon1,Kemp's Longbill,aves
krelon1,Kretschmer's Longbill,aves
pullon1,Pulitzer's Longbill,aves
208187,Cherrynose,insecta
41147,California Leaf-nosed Bat,mammalia
549305,Cassin's 17-year Cicada,insecta
244336,Neotredecim Periodical Cicada,insecta
105098,Pharaoh Cicada,insecta
105099,Little 17-year Cicada,insecta
244334,Cassin's 13-Year Cicada,insecta
83853,Riley's 13-Year Cicada,insecta
244335,Little 13-Year Cicada,insecta
aniani,Anianiau,aves
740574,Majeorona bovilla,insecta
740572,Majeorona truncata,insecta
abbbab1,Abbott's Babbler,aves
blbbab1,Black-browed Babbler,aves
horbab2,Horsfield's Babbler,aves
ulubus1,Uluguru Bushshrike,aves
gyhbus1,Gray-headed Bushshrike,aves
fibbus1,Fiery-breasted Bushshrike,aves
grbbus1,Green-breasted Bushshrike,aves
lagbus1,Lagden's Bushshrike,aves
monbus1,Monteiro's Bushshrike,aves
socbab1,Sooty-capped Babbler,aves
gybbab1,Gray-breasted Babbler,aves
sccbab1,Scaly-crowned Babbler,aves
moubab1,Moustached Babbler,aves
rucbab2,Rufous-crowned Babbler,aves
palbab1,Palawan Babbler,aves
blspuf1,Black-streaked Puffbird,aves
whcpuf1,White-chested Puffbird,aves
moupuf1,Moustached Puffbird,aves
whwpuf1,White-whiskered Puffbird,aves
runpuf1,Rufous-necked Puffbird,aves
sempuf1,Semicollared Puffbird,aves
crcpuf1,Crescent-chested Puffbird,aves
pieduc1,Pink-eared Duck,aves
ruewar2,Rufous-eared Warbler,aves
malia1,Malia,aves
balmal2,Gola Malimbe,aves
bltmal1,Black-throated Malimbe,aves
recmal2,Red-crowned Malimbe,aves
rebmal1,Red-bellied Malimbe,aves
ibamal1,Ibadan Malimbe,aves
cremal1,Crested Malimbe,aves
gramal1,Blue-billed Malimbe,aves
racmal1,Rachel's Malimbe,aves
rehmal1,Red-headed Malimbe,aves
revmal1,Red-vented Malimbe,aves
mcgcus1,McGregor's Cuckooshrike,aves
whsfai1,White-shouldered Fairywren,aves
lovfai1,Lovely Fairywren,aves
varfai1,Purple-backed Fairywren,aves
pucfai2,Purple-crowned Fairywren,aves
supfai1,Superb Fairywren,aves
empfai1,Emperor Fairywren,aves
rewfai1,Red-winged Fairywren,aves
varfai5,Variegated Fairywren,aves
whwfai1,White-winged Fairywren,aves
rebfai1,Red-backed Fairywren,aves
blbfai1,Blue-breasted Fairywren,aves
splfai1,Splendid Fairywren,aves
orcman1,Orange-collared Manakin,aves
whcman1,White-collared Manakin,aves
whbman1,White-bearded Manakin,aves
gocman1,Golden-collared Manakin,aves
grbtwi1,Green-backed Twinspot,aves
43532,Drill,mammalia
43533,Mandrill,mammalia
yetmin1,Yellow-throated Miner,aves
noimin1,Noisy Miner,aves
belmin1,Bell Miner,aves
blemin1,Black-eared Miner,aves
glmman2,Glossy-mantled Manucode,aves
crcman2,Crinkle-collared Manucode,aves
cucman1,Curl-crested Manucode,aves
jobman1,Jobi Manucode,aves
amewig,American Wigeon,aves
falduc,Falcated Duck,aves
amsduc1,Amsterdam Duck,aves
eurwig,Eurasian Wigeon,aves
chiwig1,Chiloe Wigeon,aves
gadwal,Gadwall,aves
balowl,Bare-legged Owl,aves
madpar2,Madagascar Partridge,aves
peethr1,Pearly-eyed Thrasher,aves
beatre1,Beautiful Treerunner,aves
rudtre1,Ruddy Treerunner,aves
peatre1,Pearled Treerunner,aves
fudtre1,Fulvous-dotted Treerunner,aves
martea1,Marbled Duck,aves
42663,Mouse Opossums,mammalia
46083,Grey Marmot,mammalia
46079,Bobak Marmot,mammalia
46087,Hoary Marmot,mammalia
46086,Yellow-bellied Marmot,mammalia
46094,Himalayan Marmot,mammalia
1279889,Forest Steppe Marmot,mammalia
46082,Alpine Marmot,mammalia
46095,Groundhog,mammalia
46093,Olympic Marmot,mammalia
46080,Tarbagan Marmot,mammalia
46091,Vancouver Island Marmot,mammalia
41798,American Marten,mammalia
453111,Pacific Marten,mammalia
41791,Yellow-throated Marten,mammalia
41800,Stone Marten,mammalia
41797,Nilgiri Marten,mammalia
41796,Eurasian Pine Marten,mammalia
41795,Sable,mammalia
maspar1,Mascarene Parrot,aves
gowman1,Golden-winged Manakin,aves
925378,Maua albigutta,insecta
sthmun3,White-spotted Munia,aves
sthmun2,Streak-headed Munia,aves
slamon1,Slaty Monarch,aves
vanmon1,Vanikoro Monarch,aves
ogemon1,Ogea Monarch,aves
74555,Mexican Red Brocket,mammalia
whbspi1,White-bellied Spinetail,aves
papnee1,Papuan Spinetail,aves
phinee1,Philippine Spinetail,aves
ruwtyr1,Rufous-winged Tyrannulet,aves
bubtyr1,Buff-banded Tyrannulet,aves
whttyr2,White-throated Tyrannulet,aves
subtyr1,Sulphur-bellied Tyrannulet,aves
whttyr1,White-tailed Tyrannulet,aves
whbtyr1,White-banded Tyrannulet,aves
418799,Mecopoda niponensis,insecta
1415019,Mecopoda sismondoi,insecta
1415020,Mecopoda synconfracta,insecta
afrshf1,African Shrike-flycatcher,aves
belkin1,Belted Kingfisher,aves
crekin1,Crested Kingfisher,aves
giakin3,Giant Kingfisher,aves
rinkin1,Ringed Kingfisher,aves
ngfrai1,New Guinea Flightless Rail,aves
yeepen1,Yellow-eyed Penguin,aves
gremel1,Greater Melampitta,aves
sbfdov1,Scarlet-breasted Fruit-Dove,aves
wofdov1,Wompoo Fruit-Dove,aves
strgra1,Striated Grassbird,aves
sulscr1,Sula Megapode,aves
tabscr1,Philippine Megapode,aves
negscr1,New Guinea Megapode,aves
melscr1,Melanesian Megapode,aves
dusscr1,Dusky Megapode,aves
dusscr3,Biak Megapode,aves
micscr1,Micronesian Megapode,aves
vanscr1,Vanuatu Megapode,aves
nicscr1,Nicobar Megapode,aves
niuscr1,Tongan Megapode,aves
orfscr1,Orange-footed Megapode,aves
tanscr1,Tanimbar Megapode,aves
541390,Megapomponia merula,insecta
41566,Humpback Whale,mammalia
bobfly1,Boat-billed Flycatcher,aves
whtsco1,White-throated Screech-Owl,aves
easowl1,Eastern Screech-Owl,aves
bkcsco1,Black-capped Screech-Owl,aves
besowl,Bearded Screech-Owl,aves
versco2,Choco Screech-Owl,aves
trsowl,Tropical Screech-Owl,aves
bssowl,Bare-shanked Screech-Owl,aves
pasowl4,Pacific Screech-Owl,aves
samsco1,Santa Marta Screech-Owl,aves
vesowl,Middle American Screech-Owl,aves
mofsco1,Montane Forest Screech-Owl,aves
rufsco1,Rufescent Screech-Owl,aves
wesowl1,Western Screech-Owl,aves
koesco1,Koepcke's Screech-Owl,aves
clfsco1,Cloud-forest Screech-Owl,aves
cinsco1,Cinnamon Screech-Owl,aves
persco1,Peruvian Screech-Owl,aves
foosco1,Foothill Screech-Owl,aves
lotsco1,Long-tufted Screech-Owl,aves
basowl,Balsas Screech-Owl,aves
whsowl1,Whiskered Screech-Owl,aves
tabsco1,Tawny-bellied Screech-Owl,aves
peaant1,Pearly Antshrike,aves
740118,Grand Western Flood Plain Cicada,insecta
740040,Plains Cicada,insecta
627630,Bush Cicada,insecta
740119,Fall Southeastern Dusk-singing Cicada,insecta
1496502,Northern Dusk-singing Cicada,insecta
740041,Walker's Annual Cicada,insecta
740122,Resh Cicada,insecta
740120,Resonant Cicada,insecta
638046,Cole's Bush Cicada,insecta
dorgos1,Doria's Hawk,aves
grexen1,Great Xenops,aves
giweye1,Giant White-eye,aves
burwoo1,Buff-rumped Woodpecker,aves
babwoo3,Black-and-buff Woodpecker,aves
burwoo3,Zebra Woodpecker,aves
bunwoo1,Buff-necked Woodpecker,aves
nimfly1,Nimba Flycatcher,aves
yebfly2,Yellow-eyed Black-Flycatcher,aves
angslf1,Angola Slaty-Flycatcher,aves
abyslf1,Abyssinian Slaty-Flycatcher,aves
nobfly1,Northern Black-Flycatcher,aves
wheslf1,White-eyed Slaty-Flycatcher,aves
sobfly1,Southern Black-Flycatcher,aves
lesmel1,Lesser Melampitta,aves
poouli,Poo-uli,aves
gofwoo,Golden-fronted Woodpecker,aves
whfwoo1,White-fronted Woodpecker,aves
whiwoo1,White Woodpecker,aves
rebwoo,Red-bellied Woodpecker,aves
gonwoo1,Golden-naped Woodpecker,aves
gocwoo1,Golden-cheeked Woodpecker,aves
yetwoo2,Yellow-tufted Woodpecker,aves
rehwoo,Red-headed Woodpecker,aves
yefwoo1,Yellow-fronted Woodpecker,aves
acowoo,Acorn Woodpecker,aves
guawoo1,Guadeloupe Woodpecker,aves
hofwoo1,Hoffmann's Woodpecker,aves
grbwoo1,Gray-breasted Woodpecker,aves
lewwoo,Lewis's Woodpecker,aves
purwoo1,Puerto Rican Woodpecker,aves
blcwoo1,Black-cheeked Woodpecker,aves
beawoo2,Beautiful Woodpecker,aves
yucwoo,Yucatan Woodpecker,aves
jamwoo1,Jamaican Woodpecker,aves
recwoo1,Red-crowned Woodpecker,aves
hiswoo1,Hispaniolan Woodpecker,aves
weiwoo1,West Indian Woodpecker,aves
gilwoo,Gila Woodpecker,aves
grytit1,Gray Tit,aves
whbtit5,White-bellied Tit,aves
cartit2,Carp's Tit,aves
ashtit2,Ashy Tit,aves
stbtit2,Stripe-breasted Tit,aves
rettit2,Red-throated Tit,aves
dustit2,Dusky Tit,aves
miotit2,Miombo Tit,aves
whsblt1,White-shouldered Black-Tit,aves
whwblt3,White-winged Black-Tit,aves
whbblt1,White-backed Black-Tit,aves
soublt1,Southern Black-Tit,aves
rubtit3,Rufous-bellied Tit,aves
somtit4,Somali Tit,aves
blksco2,Black Scoter,aves
whwsco2,White-winged Scoter,aves
whwsco3,Velvet Scoter,aves
blksco1,Common Scoter,aves
sursco,Surf Scoter,aves
whwsco1,Stejneger's Scoter,aves
obsber1,Obscure Berrypecker,aves
satber1,Satin Berrypecker,aves
spober1,Thick-billed Berrypecker,aves
lebber1,Mid-mountain Berrypecker,aves
blaber1,Black Berrypecker,aves
spober3,Spotted Berrypecker,aves
strber1,Streaked Berrypecker,aves
fatber1,Fan-tailed Berrypecker,aves
sultit1,Sultan Tit,aves
bahlau1,Bare-headed Laughingthrush,aves
blalau1,Black Laughingthrush,aves
bimlar1,Bimaculated Lark,aves
callar1,Calandra Lark,aves
tiblar1,Tibetan Lark,aves
monlar1,Mongolian Lark,aves
blalar1,Black Lark,aves
cawfin1,White-bridled Finch,aves
yebfin1,Yellow-bridled Finch,aves
whrrob2,White-rumped Robin,aves
smorob2,Smoky Robin,aves
hoorob1,Hooded Robin,aves
bugrob1,Blue-gray Robin,aves
manrob1,Mangrove Robin,aves
whwrob2,White-winged Robin,aves
dusrob1,Dusky Robin,aves
507377,Desert Cricket,insecta
elecre1,Elegant Crescentchest,aves
marcre1,Marañon Crescentchest,aves
olccre1,Olive-crowned Crescentchest,aves
colcre1,Collared Crescentchest,aves
blapar2,Black Partridge,aves
1250539,Darwin's Diabolic Toad,amphibia
blacat1,Black Catbird,aves
blapit1,Black Pitohui,aves
bkfgra,Black-faced Grassquit,aves
slbfin1,St. Lucia Black Finch,aves
blumoc,Blue Mockingbird,aves
bawmoc1,Blue-and-white Mockingbird,aves
wiltur,Wild Turkey,aves
ocetur1,Ocellated Turkey,aves
855297,European Badger,mammalia
sacmel1,Makira Honeyeater,aves
lython1,Lyre-tailed Honeyguide,aves
belmel1,Belford's Melidectes,aves
huomel1,Huon Melidectes,aves
vogmel1,Vogelkop Melidectes,aves
cibmel1,Cinnamon-browed Melidectes,aves
yebmel1,Yellow-browed Melidectes,aves
ornmel1,Ornate Melidectes,aves
hobkin1,Hook-billed Kingfisher,aves
pacgos1,Pale Chanting-Goshawk,aves
dacgos1,Dark Chanting-Goshawk,aves
eacgos1,Eastern Chanting-Goshawk,aves
yefhon2,Yellow-footed Honeyguide,aves
zenhon1,Zenker's Honeyguide,aves
lobhon2,Long-billed Honeyeater,aves
soomel1,Sooty Honeyeater,aves
shbmel1,Short-bearded Honeyeater,aves
lobmel1,Long-bearded Honeyeater,aves
kanhon1,Kadavu Honeyeater,aves
whlhon1,White-lined Honeyeater,aves
scrhon1,Scrub Honeyeater,aves
mimhon1,Mimic Honeyeater,aves
pubhon1,Puff-backed Honeyeater,aves
orchon1,Orange-cheeked Honeyeater,aves
grahon3,Elegant Honeyeater,aves
yeghon1,Yellow-gaped Honeyeater,aves
kimhon1,Kimberley Honeyeater,aves
grahon2,Graceful Honeyeater,aves
grahon5,Cryptic Honeyeater,aves
lewhon1,Lewin's Honeyeater,aves
spbmel1,Mottled Honeyeater,aves
forhon1,Forest Honeyeater,aves
yeshon1,Yellow-spotted Honeyeater,aves
moumel1,Mountain Honeyeater,aves
stbhon3,Streak-breasted Honeyeater,aves
taghon1,Tagula Honeyeater,aves
spahon1,Spangled Honeyeater,aves
washon1,Foja Honeyeater,aves
smohon1,Smoky Honeyeater,aves
arfhon1,Arfak Honeyeater,aves
blhhon1,Black-headed Honeyeater,aves
whthon1,White-throated Honeyeater,aves
brhhon1,Brown-headed Honeyeater,aves
whnhon3,Gilbert's Honeyeater,aves
blchon2,Black-chinned Honeyeater,aves
whnhon2,White-naped Honeyeater,aves
stbhon2,Strong-billed Honeyeater,aves
whsfri1,White-streaked Friarbird,aves
beehum1,Bee Hummingbird,aves
verhum1,Vervain Hummingbird,aves
blabut1,Black Butcherbird,aves
mogwar1,Moustached Grass-Warbler,aves
1264418,Formosan Ferret Badger,mammalia
471072,Asian Bell Cricket,insecta
budger,Budgerigar,aves
purbul3,St. Kitts Bullfinch,aves
cubbul2,Cuban Bullfinch,aves
purbul1,Puerto Rican Bullfinch,aves
cubbul3,Grand Cayman Bullfinch,aves
grabul1,Greater Antillean Bullfinch,aves
swaspa,Swamp Sparrow,aves
linspa,Lincoln's Sparrow,aves
sonspa,Song Sparrow,aves
abetow,Abert's Towhee,aves
whttow1,White-throated Towhee,aves
pregrs1,White-faced Ground-Sparrow,aves
pregrs2,Cabanis's Ground-Sparrow,aves
caltow,California Towhee,aves
cantow,Canyon Towhee,aves
rcgspa1,Rusty-crowned Ground-Sparrow,aves
whegrs2,White-eared Ground-Sparrow,aves
whegrs1,Gray-crowned Ground-Sparrow,aves
whctur1,White-cheeked Turaco,aves
prrtur1,Prince Ruspoli's Turaco,aves
46104,Indochinese Ground Squirrel,mammalia
tsiwor1,Tsingy Forest Rail,aves
madwor1,Madagascar Forest Rail,aves
alblyr1,Albert's Lyrebird,aves
suplyr1,Superb Lyrebird,aves
41879,Hooded Skunk,mammalia
41880,Striped Skunk,mammalia
torduc1,Torrent Duck,aves
smew,Smew,aves
auimer1,Auckland Islands Merganser,aves
commer,Common Merganser,aves
bramer1,Brazilian Merganser,aves
rebmer,Red-breasted Merganser,aves
scsmer1,Scaly-sided Merganser,aves
pbbeat1,Purple-bearded Bee-eater,aves
wtbeat1,White-throated Bee-eater,aves
rucbee1,Rufous-crowned Bee-eater,aves
eubeat1,European Bee-eater,aves
bobeat1,Böhm's Bee-eater,aves
bhbeat1,Black-headed Bee-eater,aves
wfbeat1,White-fronted Bee-eater,aves
rtbeat1,Red-throated Bee-eater,aves
grnbee2,Arabian Green Bee-eater,aves
blbeat1,Black Bee-eater,aves
stbeat1,Swallow-tailed Bee-eater,aves
bubbee2,Ethiopian Bee-eater,aves
chbeat1,Chestnut-headed Bee-eater,aves
robeat1,Rosy Bee-eater,aves
bumbee1,Blue-moustached Bee-eater,aves
bhbeat2,Blue-headed Bee-eater,aves
scbeat1,Southern Carmine Bee-eater,aves
ncbeat1,Northern Carmine Bee-eater,aves
ccbeat1,Cinnamon-chested Bee-eater,aves
grnbee3,Asian Green Bee-eater,aves
rabeat1,Rainbow Bee-eater,aves
bcbeat1,Blue-cheeked Bee-eater,aves
btbeat1,Blue-tailed Bee-eater,aves
libeat1,Little Bee-eater,aves
sobeat1,Somali Bee-eater,aves
mabeat1,Olive Bee-eater,aves
bbbeat2,Blue-breasted Bee-eater,aves
btbeat2,Blue-throated Bee-eater,aves
grnbee1,African Green Bee-eater,aves
slabri1,Slaty Bristlefront,aves
strbri1,Stresemann's Bristlefront,aves
greibi1,Green Ibis,aves
bromes1,Brown Mesite,aves
whbmes2,White-breasted Mesite,aves
44919,Golden Hamster,mammalia
trumon1,Chuuk Monarch,aves
scamet1,Scaled Metaltail,aves
vitmet1,Violet-throated Metaltail,aves
fitmet1,Fire-throated Metaltail,aves
permet1,Perija Metaltail,aves
nebmet1,Neblina Metaltail,aves
blamet1,Black Metaltail,aves
copmet1,Coppery Metaltail,aves
tyrmet1,Tyrian Metaltail,aves
virmet1,Viridian Metaltail,aves
25183,Bornean Tree Hole Frog,amphibia
1594913,Metapurana nebulilinea,insecta
brwjac1,Bronze-winged Jacana,aves
orfplu2,Orange-fronted Plushcrown,aves
gsgdov1,Golden-spotted Ground Dove,aves
bfgdov1,Bare-faced Ground Dove,aves
bwgdov1,Black-winged Ground Dove,aves
begdov1,Bare-eyed Ground Dove,aves
154672,Bog Bush-cricket,insecta
504179,Purple Meadow Bush-cricket,insecta
74580,Black-tailed Marmoset,mammalia
81494,Rondon's Marmoset,mammalia
buffal1,Buckley's Forest-Falcon,aves
liffal1,Lined Forest-Falcon,aves
cryfof1,Cryptic Forest-Falcon,aves
sbffal1,Slaty-backed Forest-Falcon,aves
plffal1,Plumbeous Forest-Falcon,aves
baffal1,Barred Forest-Falcon,aves
coffal1,Collared Forest-Falcon,aves
elfowl,Elf Owl,aves
tafgna1,Tawny-faced Gnatwren,aves
colgna1,Collared Gnatwren,aves
25432,Micro Frog,amphibia
lotcor1,Reed Cormorant,aves
crocor1,Crowned Cormorant,aves
lipcor1,Little Pied Cormorant,aves
litcor1,Little Cormorant,aves
pygcor2,Pygmy Cormorant,aves
48122,Lesser Anglewing,insecta
84752,Greater Anglewing,insecta
wibwre1,Wing-banded Wren,aves
scbwre1,Scaly-breasted Wren,aves
nigwre1,Nightingale Wren,aves
fluwre1,Flutist Wren,aves
snowca1,Snowcap,aves
whteme1,White-tailed Emerald,aves
coheme1,Coppery-headed Emerald,aves
dwakoe1,Dwarf Koel,aves
jacwin1,Jacky-winter,aves
lebfly3,Lemon-bellied Flyrobin,aves
gobfly2,Golden-bellied Flyrobin,aves
chopig1,Choiseul Pigeon,aves
colfal1,Collared Falconet,aves
phifal1,Philippine Falconet,aves
bltfal1,Black-thighed Falconet,aves
whffal1,White-fronted Falconet,aves
piefal2,Pied Falconet,aves
24832,Tubercled Pygmy Frog,amphibia
66131,East Asian Ornate Chorus Frog,amphibia
24826,Dark-sided Chorus Frog,amphibia
476579,Mukhlesur's Narrow-mouthed Frog,amphibia
476581,Nilphamarai Narrow-mouthed Frog,amphibia
717557,Wettstein's Andes Frog,amphibia
grtwar1,Green-tailed Warbler,aves
mitbab1,Leyte Plumed-Warbler,aves
minmib1,Mindanao Plumed-Warbler,aves
lanmon1,Lanceolated Monklet,aves
45316,Eurasian Harvest Mouse,mammalia
gabgos2,Gabar Goshawk,aves
1370802,East Coast Free-tailed Bat,mammalia
lesjac1,Lesser Jacana,aves
rbppar1,Red-breasted Pygmy-Parrot,aves
fippar1,Finsch's Pygmy-Parrot,aves
geppar1,Geelvink Pygmy-Parrot,aves
ycppar1,Yellow-capped Pygmy-Parrot,aves
meppar1,Meek's Pygmy-Parrot,aves
bfppar1,Buff-faced Pygmy-Parrot,aves
rufwoo2,Rufous Woodpecker,aves
dowant1,Dot-winged Antwren,aves
46099,Central American Dwarf Squirrel,mammalia
46100,Amazon Dwarf Squirrel,mammalia
46101,Western Dwarf Squirrel,mammalia
ptwfin1,Plain-tailed Warbling Finch,aves
gytwaf1,Gray-throated Warbling Finch,aves
ciwfin1,Cinereous Warbling Finch,aves
rbwfin2,Rusty-browed Warbling Finch,aves
rrwfin1,Buff-throated Warbling Finch,aves
bcwfin2,Black-capped Warbling Finch,aves
riwfin1,Ringed Warbling Finch,aves
thshem1,Three-striped Hemispingus,aves
semhaw2,Semicollared Hawk,aves
tinhaw1,Tiny Hawk,aves
sltwoo1,Slender-tailed Woodstar,aves
pubbul1,Puff-backed Bulbul,aves
andbul1,Andaman Bulbul,aves
blhbul1,Black-headed Bulbul,aves
bawbul2,Black-and-white Bulbul,aves
blwbul1,Blue-wattled Bulbul,aves
gyhbul1,Gray-headed Bulbul,aves
yewbul1,Yellow-wattled Bulbul,aves
44282,Field Vole,mammalia
44280,Common Vole,mammalia
44326,California Vole,mammalia
44262,Günther's Vole,mammalia
44316,Singing Vole,mammalia
44311,Eastern Meadow Vole,mammalia
44319,Woodland Vole,mammalia
44306,Taiga Vole,mammalia
rutxen1,Rufous-tailed Xenops,aves
25180,Stejneger's Paddy Frog,amphibia
blakit1,Black Kite,aves
redkit1,Red Kite,aves
brbmoc1,Brown-backed Mockingbird,aves
tromoc,Tropical Mockingbird,aves
socmoc1,Socorro Mockingbird,aves
bahmoc,Bahama Mockingbird,aves
lotmoc1,Long-tailed Mockingbird,aves
hoomoc1,Española Mockingbird,aves
chamoc2,San Cristobal Mockingbird,aves
galmoc1,Galapagos Mockingbird,aves
patmoc1,Patagonian Mockingbird,aves
normoc,Northern Mockingbird,aves
chbmoc1,Chalk-browed Mockingbird,aves
chimoc1,Chilean Mockingbird,aves
chamoc1,Floreana Mockingbird,aves
whbmoc1,White-banded Mockingbird,aves
787617,Common Paddy Field Frog,amphibia
40592,Little Bent-winged Bat,mammalia
40591,Lesser Long-fingered Bat,mammalia
74620,Eastern Bent-winged Bat,mammalia
356115,Maghrebian Bent-wing Bat,mammalia
57530,Natal Long-fingered Bat,mammalia
1370817,Australasian Bent-winged Bat,mammalia
57534,Schreibers' Long-fingered Bat,mammalia
retmin1,Red-tailed Minla,aves
golmyn1,Golden Myna,aves
yefmyn1,Yellow-faced Myna,aves
lotmyn1,Long-tailed Myna,aves
129136,Eastern Striped Cricket,insecta
y01249,Olive-striped Flycatcher,aves
mccfly1,McConnell's Flycatcher,aves
ocbfly1,Ochre-bellied Flycatcher,aves
y01249,Olive-streaked Flycatcher,aves
mccfly3,Sierra de Lema Flycatcher,aves
gyhfly1,Gray-hooded Flycatcher,aves
stnfly1,Streak-necked Flycatcher,aves
74633,Northern Talapoin,mammalia
whtlar1,White-tailed Lark,aves
latlar1,Melodious Lark,aves
korlar1,Kordofan Lark,aves
sinbus6,Singing Bushlark,aves
monlar2,Monotonous Lark,aves
frilar1,Friedmann's Lark,aves
willar1,Williams's Lark,aves
41728,Northern Elephant Seal,mammalia
41729,Southern Elephant Seal,mammalia
olifly2,Olive Flycatcher,aves
tuffly,Tufted Flycatcher,aves
duftan1,Dusky-faced Tanager,aves
olbtan1,Olive-backed Tanager,aves
alacur1,Alagoas Curassow,aves
salcur1,Salvin's Curassow,aves
crecur2,Crestless Curassow,aves
rabcur2,Razor-billed Curassow,aves
22066,Great Barred Frog,amphibia
bostib1,Bold-striped Tit-Babbler,aves
gyctib1,Gray-cheeked Tit-Babbler,aves
sttbab1,Pin-striped Tit-Babbler,aves
gyftib1,Gray-faced Tit-Babbler,aves
gyctib3,Kangean Tit-Babbler,aves
bawwar,Black-and-white Warbler,aves
spothr1,Spot-throat,aves
358847,Mogannia formosana,insecta
358848,Grass Cicada,insecta
oahoo,Oahu Oo,aves
bisoo,Bishop's Oo,aves
kauoo,Kauai Oo,aves
hawoo,Hawaii Oo,aves
whiteh1,Whitehead,aves
pipipi1,Pipipi,aves
yellow3,Yellowhead,aves
516398,Alvarez's Mastiff Bat,mammalia
74642,Thomas's Mastiff Bat,mammalia
41254,Velvety Free-tailed Bat,mammalia
1431066,Black mastiff bat,mammalia
74643,Black Mastiff Bat,mammalia
41250,Sinaloan Mastiff Bat,mammalia
brocow1,Bronzed Cowbird,aves
brocow2,Bronze-brown Cowbird,aves
bnhcow,Brown-headed Cowbird,aves
shicow,Shiny Cowbird,aves
giacow,Giant Cowbird,aves
scrcow1,Screaming Cowbird,aves
higmot1,Andean Motmot,aves
trimot1,Trinidad Motmot,aves
bucmot1,Blue-capped Motmot,aves
bucmot2,Lesson's Motmot,aves
rucmot1,Russet-crowned Motmot,aves
bucmot4,Amazonian Motmot,aves
bucmot3,Whooping Motmot,aves
torfly1,Torrent Flyrobin,aves
chbmon1,Chestnut-bellied Monarch,aves
islmon1,Island Monarch,aves
blwmon1,Black-winged Monarch,aves
yapmon1,Yap Monarch,aves
blfmon1,Black-faced Monarch,aves
whcmon1,White-capped Monarch,aves
tinmon1,Tinian Monarch,aves
blanun1,Black Nunbird,aves
yebnun1,Yellow-billed Nunbird,aves
whfnun1,White-fronted Nunbird,aves
blfnun1,Black-fronted Nunbird,aves
submes1,Subdesert Mesite,aves
bkclau2,Nilgiri Laughingthrush,aves
kerlau2,Palani Laughingthrush,aves
bkclau1,Banasura Laughingthrush,aves
kerlau3,Ashambu Laughingthrush,aves
mirthr1,Miombo Rock-Thrush,aves
strthr1,Short-toed Rock-Thrush,aves
bcrthr1,Blue-capped Rock-Thrush,aves
ammrot1,Amber Mountain Rock-Thrush,aves
serthr1,Sentinel Rock-Thrush,aves
wtrthr1,White-throated Rock-Thrush,aves
litrot1,Littoral Rock-Thrush,aves
cbrthr1,Chestnut-bellied Rock-Thrush,aves
lirthr1,Little Rock-Thrush,aves
carthr1,Cape Rock-Thrush,aves
rtrthr1,Rufous-tailed Rock-Thrush,aves
wwccha1,White-winged Cliff-Chat,aves
forrot2,Forest Rock-Thrush,aves
burthr,Blue Rock-Thrush,aves
blwsno1,Black-winged Snowfinch,aves
tibsno2,Tibetan Snowfinch,aves
whwsno1,White-winged Snowfinch,aves
1430965,Ansorge's Free-tailed Bat,mammalia
765544,Angolan Free-tailed Bat,mammalia
1431348,Northern Free-tailed Bat,mammalia
765553,Midas Free-tailed Bat,mammalia
1431360,Wrinkle-lipped Bat,mammalia
1370990,Little Free-tailed Bat,mammalia
74647,Antillean Ghost-faced Bat,mammalia
41224,Ghost-faced Bat,mammalia
41283,Kalinowski's mastiff bat,mammalia
legcuc1,Lesser Ground-Cuckoo,aves
barhaw1,Barred Hawk,aves
creeag1,Crested Eagle,aves
norgan,Northern Gannet,aves
capgan1,Cape Gannet,aves
ausgan1,Australasian Gannet,aves
42144,Siberian Musk Deer,mammalia
1632703,Common Mist Frog,amphibia
afpwag1,African Pied Wagtail,aves
whiwag,White Wagtail,aves
boclon2,Sao Tome Short-tail,aves
capwag1,Cape Wagtail,aves
grywag,Gray Wagtail,aves
citwag,Citrine Wagtail,aves
mouwag1,Mountain Wagtail,aves
eaywag1,Western Yellow Wagtail,aves
madwag1,Madagascar Wagtail,aves
japwag1,Japanese Wagtail,aves
whbwag1,White-browed Wagtail,aves
mekwag1,Mekong Wagtail,aves
eaywag,Eastern Yellow Wagtail,aves
rutbab1,Rufous-tailed Babbler,aves
1151010,Yellow Grass-ticker,insecta
sousow1,Southern Sooty-Woodpecker,aves
ashwoo1,Ashy Woodpecker,aves
soowoo1,Northern Sooty-Woodpecker,aves
grswoo1,Great Slaty Woodpecker,aves
asccra1,Ascension Crake,aves
41921,Banded Mongoose,mammalia
42186,Southern Red Muntjac,mammalia
42187,Reeves's Muntjac,mammalia
74659,Northern Red Muntjac,mammalia
765460,Bicolored Tube-nosed Bat,mammalia
44705,House Mouse,mammalia
44688,Algerian Mouse,mammalia
45856,Hazel Dormouse,mammalia
afdfly1,African Dusky Flycatcher,aves
swafly3,Swamp Flycatcher,aves
casfly1,Cassin's Flycatcher,aves
asbfly,Asian Brown Flycatcher,aves
ligfly2,Little Flycatcher,aves
ferfly1,Ferruginous Flycatcher,aves
gamfly1,Gambaga Flycatcher,aves
gysfly1,Gray-streaked Flycatcher,aves
brbfly2,Brown-breasted Flycatcher,aves
asbfly1,Ashy-breasted Flycatcher,aves
subfly2,Sumba Brown Flycatcher,aves
yeffly1,Yellow-footed Flycatcher,aves
dasfly,Dark-sided Flycatcher,aves
subfly3,Sulawesi Brown Flycatcher,aves
spofly1,Spotted Flycatcher,aves
bnsfly1,Brown-streaked Flycatcher,aves
stftyr1,Short-tailed Field Tyrant,aves
shtgrt1,Shear-tailed Gray Tyrant,aves
wfgtyr1,White-fronted Ground-Tyrant,aves
wbgtyr1,White-browed Ground-Tyrant,aves
plcgrt1,Plain-capped Ground-Tyrant,aves
cibgrt1,Cinnamon-bellied Ground-Tyrant,aves
cingrt1,Cinereous Ground-Tyrant,aves
ongtyr1,Ochre-naped Ground-Tyrant,aves
bfgtyr1,Black-fronted Ground-Tyrant,aves
tacgrt1,Taczanowski's Ground-Tyrant,aves
pugtyr1,Puna Ground-Tyrant,aves
dafgrt1,Dark-faced Ground-Tyrant,aves
sbgtyr1,Spot-billed Ground-Tyrant,aves
rngtyr1,Rufous-naped Ground-Tyrant,aves
41808,Eurasian Stoat,mammalia
399272,Domestic Ferret,mammalia
41809,Black-footed Ferret,mammalia
569428,Least Weasel,mammalia
41812,Western Polecat,mammalia
1264427,American Ermine,mammalia
astcra1,Ash-throated Crake,aves
zaprai1,Zapata Rail,aves
colcra2,Colombian Crake,aves
pabcra,Paint-billed Crake,aves
varsol1,Varied Solitaire,aves
cubsol1,Cuban Solitaire,aves
rutsol1,Rufous-throated Solitaire,aves
olomao,Olomao,aves
blfsol1,Black-faced Solitaire,aves
kamao,Kamao,aves
omao,Omao,aves
brbsol1,Brown-backed Solitaire,aves
puaioh,Puaiohi,aves
andsol1,Andean Solitaire,aves
towsol,Townsend's Solitaire,aves
slcsol1,Slate-colored Solitaire,aves
amaui,Amaui,aves
colgro1,Collared Grosbeak,aves
whwgro1,White-winged Grosbeak,aves
baygro1,Black-and-yellow Grosbeak,aves
spwgro1,Spot-winged Grosbeak,aves
woosto,Wood Stork,aves
milsto1,Milky Stork,aves
yebsto1,Yellow-billed Stork,aves
paisto1,Painted Stork,aves
samfly1,Samoan Flycatcher,aves
shifly1,Shining Flycatcher,aves
biafly1,Biak Flycatcher,aves
blcfly2,Azure-crested Flycatcher,aves
melfly1,Melanesian Flycatcher,aves
chtfly1,Chestnut-throated Flycatcher,aves
ochfly1,Ochre-headed Flycatcher,aves
satfly1,Satin Flycatcher,aves
velfly1,Velvet Flycatcher,aves
palfly3,Palau Flycatcher,aves
stbfly1,Steel-blue Flycatcher,aves
guafly1,Guam Flycatcher,aves
molfly1,Moluccan Flycatcher,aves
dulfly2,Mussau Flycatcher,aves
resfly1,Restless Flycatcher,aves
papfly1,Paperbark Flycatcher,aves
ocefly1,Chuuk Flycatcher,aves
pohfly1,Pohnpei Flycatcher,aves
leafly2,Leaden Flycatcher,aves
brbfly1,Broad-billed Flycatcher,aves
vanfly1,Vanikoro Flycatcher,aves
purfly1,Puerto Rican Flycatcher,aves
apifly1,Apical Flycatcher,aves
sadfly1,Sad Flycatcher,aves
paefly1,Pale-edged Flycatcher,aves
astfly,Ash-throated Flycatcher,aves
grcfly,Great Crested Flycatcher,aves
shcfly1,Short-crested Flycatcher,aves
1651903,Salvadoran Flycatcher,aves
galfly1,Galapagos Flycatcher,aves
grefly1,Grenada Flycatcher,aves
nutfly,Nutting's Flycatcher,aves
leafly1,Lesser Antillean Flycatcher,aves
panfly1,Panama Flycatcher,aves
socfly2,Sooty-crowned Flycatcher,aves
lasfly,La Sagra's Flycatcher,aves
ruffly1,Rufous Flycatcher,aves
stofly1,Stolid Flycatcher,aves
swafly1,Swainson's Flycatcher,aves
ducfly,Dusky-capped Flycatcher,aves
bncfly,Brown-crested Flycatcher,aves
rutfly1,Rufous-tailed Flycatcher,aves
venfly1,Venezuelan Flycatcher,aves
yucfly1,Yucatan Flycatcher,aves
bltfly1,Black-tailed Flycatcher,aves
whifly1,Whiskered Flycatcher,aves
surfly1,Sulphur-rumped Flycatcher,aves
tabfly1,Tawny-breasted Flycatcher,aves
whfred1,White-faced Redstart,aves
whfred2,White-fronted Redstart,aves
brcred1,Brown-capped Redstart,aves
sabred1,Saffron-breasted Redstart,aves
tepred1,Tepui Redstart,aves
yecred1,Yellow-crowned Redstart,aves
spered1,Spectacled Redstart,aves
sltred,Slate-throated Redstart,aves
gofred1,Golden-fronted Redstart,aves
parred1,Paria Redstart,aves
paired,Painted Redstart,aves
colred1,Collared Redstart,aves
baifly1,Baird's Flycatcher,aves
gocfly1,Golden-crowned Flycatcher,aves
gobfly1,Golden-bellied Flycatcher,aves
subfly,Sulphur-bellied Flycatcher,aves
strfly1,Streaked Flycatcher,aves
sunrob3,Javan Robin,aves
whtrob2,White-tailed Robin,aves
sunrob2,Sumatran Robin,aves
gryela3,Gray-headed Elaenia,aves
gryela2,Amazonian Elaenia,aves
jamela1,Jamaican Elaenia,aves
yecela1,Yellow-crowned Elaenia,aves
forela1,Forest Elaenia,aves
fooela1,Foothill Elaenia,aves
gryela1,Choco Elaenia,aves
pacela1,Pacific Elaenia,aves
greela,Greenish Elaenia,aves
brcfly4,Mouse-gray Flycatcher,aves
olcfly1,Olive-chested Flycatcher,aves
brcfly1,Bran-colored Flycatcher,aves
flafly2,Flavescent Flycatcher,aves
unafly1,Unadorned Flycatcher,aves
orcfly1,Orange-crested Flycatcher,aves
rorfly1,Roraiman Flycatcher,aves
brcfly3,Rufescent Flycatcher,aves
monpar2,Cliff Parakeet,aves
monpar1,Monk Parakeet,aves
wbptyr1,White-bellied Pygmy-Tyrant,aves
bcptyr1,Black-capped Pygmy-Tyrant,aves
eaptyr1,Eared Pygmy-Tyrant,aves
stptyr1,Short-tailed Pygmy-Tyrant,aves
smbtyr2,Smoky Bush-Tyrant,aves
rbbtyr1,Rufous-bellied Bush-Tyrant,aves
smbtyr1,Santa Marta Bush-Tyrant,aves
stbtyr1,Streak-throated Bush-Tyrant,aves
samwar1,Santa Marta Warbler,aves
twbwar1,Two-banded Warbler,aves
gobwar4,Choco Warbler,aves
gobwar3,Cuzco Warbler,aves
gytwar1,Gray-throated Warbler,aves
whlwar1,White-lored Warbler,aves
rucwar1,Russet-crowned Warbler,aves
flawar1,Flavescent Warbler,aves
gagwar2,Gray-and-gold Warbler,aves
burwar1,Buff-rumped Warbler,aves
gyhwar1,Gray-headed Warbler,aves
whbwar2,White-browed Warbler,aves
whswar2,White-striped Warbler,aves
citwar1,Citrine Warbler,aves
blcwar2,Black-crested Warbler,aves
rivwar1,Riverbank Warbler,aves
palwar1,Pale-legged Warbler,aves
ornfly1,Ornate Flycatcher,aves
rumfly1,Rusty-margined Flycatcher,aves
grcfly1,Gray-capped Flycatcher,aves
ducfly2,Dusky-chested Flycatcher,aves
socfly1,Social Flycatcher,aves
43997,Coypu,mammalia
ceywht1,Sri Lanka Whistling-Thrush,aves
borwht1,Bornean Whistling-Thrush,aves
blwthr1,Blue Whistling-Thrush,aves
chwwht1,Sumatran Whistling-Thrush,aves
javwht1,Javan Whistling-Thrush,aves
mawthr1,Malabar Whistling-Thrush,aves
fowthr1,Taiwan Whistling-Thrush,aves
shwthr1,Shiny Whistling-Thrush,aves
mawthr2,Malayan Whistling-Thrush,aves
boefly1,Böhm's Flycatcher,aves
795052,Bassian Buzzer,insecta
1579518,Adelaide Buzzer,insecta
569702,Fence Buzzer,insecta
829184,Smoky Buzzer,insecta
asctap1,Ash-colored Tapaculo,aves
40296,silver-tipped myotis,mammalia
74692,Alcathoe myotis,mammalia
40293,Atacama myotis,mammalia
40323,Southeastern Myotis,mammalia
74697,Bechstein's bat,mammalia
40317,Lesser mouse-eared bat,mammalia
74699,Brandt's bat,mammalia
40342,California Myotis,mammalia
40284,Long-fingered Bat,mammalia
40283,Chilean myotis,mammalia
68093,Western Small-footed Myotis,mammalia
907291,Cryptic Myotis,mammalia
40308,pond bat,mammalia
424254,Daubenton's bat,mammalia
40281,Geoffroy's Bat,mammalia
40354,Long-eared Myotis,mammalia
74706,Fringed Long-footed Myotis,mammalia
40312,Hodgson's Bat,mammalia
40352,Gray Bat,mammalia
40290,lesser large-footed bat,mammalia
40316,Horsfield's Bat,mammalia
40341,hairy-legged myotis,mammalia
74710,Chinese Water Myotis,mammalia
40349,Eastern Small-footed Myotis,mammalia
40346,Little Brown Bat,mammalia
74711,Southern Myotis,mammalia
40273,Schwartz's myotis,mammalia
40292,Whiskered Myotis,mammalia
40291,Mouse-eared Bat,mammalia
40314,Whiskered Bat,mammalia
210400,Natterer's Bat,mammalia
40286,Black Myotis,mammalia
74715,Arizona Myotis,mammalia
40335,montane myotis,mammalia
1431559,Northern Hairy-legged Myotis,mammalia
74717,Felten's myotis,mammalia
40301,riparian myotis,mammalia
74719,Northern Myotis,mammalia
40350,Indiana Bat,mammalia
40347,Fringed Myotis,mammalia
40348,Cave Myotis,mammalia
40307,fish-eating bat,mammalia
40344,Long-legged Myotis,mammalia
40325,Yuma Myotis,mammalia
1431556,Zenati Myotis,mammalia
whbant1,White-bellied Antbird,aves
noacha1,Northern Anteater-Chat,aves
whbcha2,Arnot's Chat,aves
soacha1,Southern Anteater-Chat,aves
ruecha1,Rüppell's Chat,aves
mouwhe1,Mountain Chat,aves
soocha1,Sooty Chat,aves
conmoo1,Congo Moor Chat,aves
47107,Giant Anteater,mammalia
brhant1,Brownish-headed Antbird,aves
cauant2,Caura Antbird,aves
humant1,Humaita Antbird,aves
pluant1,Plumbeous Antbird,aves
spwant3,Spot-winged Antbird,aves
rufant4,Rufous-faced Antbird,aves
rorant2,Roraiman Antbird,aves
slcant3,Slate-colored Antbird,aves
132319,Mottled Grasshopper,insecta
shtwoo1,Short-tailed Woodstar,aves
whbant6,White-browed Antbird,aves
whlant1,White-lined Antbird,aves
asbant1,Ash-breasted Antbird,aves
bltant1,Black-tailed Antbird,aves
blfant2,Black-faced Antbird,aves
bawant1,Black-and-white Antbird,aves
whiant1,Cordillera Azul Antbird,aves
febant1,Ferruginous-backed Antbird,aves
whbant4,White-bibbed Antbird,aves
scaant3,Scalloped Antbird,aves
squant1,Squamate Antbird,aves
bltant2,Black-throated Antbird,aves
stbant2,Stripe-backed Antbird,aves
wibant1,Wing-banded Antbird,aves
amaant1,Amazonian Antpitta,aves
thlant2,Thrush-like Antpitta,aves
thiant1,Thicket Antpitta,aves
whlant2,White-lored Antpitta,aves
tepant1,Tepui Antpitta,aves
thlant3,Tapajos Antpitta,aves
yetant1,Yellow-throated Antwren,aves
leaant1,Leaden Antwren,aves
whfant2,White-flanked Antwren,aves
plwant2,Plain-winged Antwren,aves
pygant1,Pygmy Antwren,aves
cheant1,Cherrie's Antwren,aves
rdjant2,Rio de Janeiro Antwren,aves
ashant1,Ashy Antwren,aves
mouant,Moustached Antwren,aves
iheant1,Ihering's Antwren,aves
klaant1,Klages's Antwren,aves
stcant4,Stripe-chested Antwren,aves
lowant1,Long-winged Antwren,aves
gryant1,Gray Antwren,aves
salant1,Salvadori's Antwren,aves
amasta1,Amazonian Streaked-Antwren,aves
pacant,Pacific Antwren,aves
slaant1,Slaty Antwren,aves
sclant1,Sclater's Antwren,aves
alaant1,Alagoas Antwren,aves
risant1,Rio Suno Antwren,aves
guista1,Guianan Streaked-Antwren,aves
uniant1,Unicolored Antwren,aves
batant3,Band-tailed Antwren,aves
pucwoo1,Purple-collared Woodstar,aves
crobab1,Crossley's Vanga,aves
daehon1,Dark-eared Myza,aves
grshon1,White-eared Myza,aves
moumyz1,Elfin Myzomela,aves
whcmyz1,White-chinned Myzomela,aves
sulmyz3,Bacan Myzomela,aves
sermyz1,Seram Myzomela,aves
banmyz1,Banda Myzomela,aves
necmyz1,New Caledonian Myzomela,aves
carmyz1,Cardinal Myzomela,aves
rotmyz1,Rotuma Myzomela,aves
sulmyz1,Sulawesi Myzomela,aves
ashmyz1,Ashy Myzomela,aves
redmyz2,Red Myzomela,aves
summyz1,Sumba Myzomela,aves
yevmyz1,Yellow-vented Myzomela,aves
retmyz1,Ruby-throated Myzomela,aves
redmyz3,Reddish Myzomela,aves
rehmyz1,Red-headed Myzomela,aves
blbmyz1,Black-bellied Myzomela,aves
rotmyz2,Rote Myzomela,aves
orbmyz1,Sulphur-breasted Myzomela,aves
crhmyz1,Crimson-hooded Myzomela,aves
scnmyz1,Scarlet-naped Myzomela,aves
recmyz3,Long-billed Myzomela,aves
rebmyz1,Red-bellied Myzomela,aves
blhmyz1,Black-headed Myzomela,aves
blamyz1,Papuan Black Myzomela,aves
carmyz4,Samoan Myzomela,aves
dusmyz5,Dusky Myzomela,aves
ebomyz1,Bismarck Black Myzomela,aves
alomyz1,Alor Myzomela,aves
neimyz1,New Ireland Myzomela,aves
recmyz1,Red-collared Myzomela,aves
micmyz1,Micronesian Myzomela,aves
dusmyz2,Biak Myzomela,aves
dusmyz3,Red-tinged Myzomela,aves
scamyz1,Scarlet Myzomela,aves
scbmyz1,Sclater's Myzomela,aves
dusmyz4,Moluccan Myzomela,aves
soomyz1,Sooty Myzomela,aves
bkbmyz1,Black-breasted Myzomela,aves
talmyz1,Taliabu Myzomela,aves
wakmyz1,Wakolo Myzomela,aves
fitmyz1,Fire-tailed Myzornis,aves
74722,Chinese Goral,mammalia
hercha1,Herero Chat,aves
sthcuc1,St. Helena Cuckoo,aves
amapar1,Amazonian Parrotlet,aves
teppar1,Tepui Parrotlet,aves
orbfip2,Blue-fronted Fig-Parrot,aves
orbfip1,Dusky-cheeked Fig-Parrot,aves
crbfip1,Black-fronted Fig-Parrot,aves
doccor,Double-crested Cormorant,aves
neocor,Neotropic Cormorant,aves
flicor1,Flightless Cormorant,aves
sumwrb1,Sumatran Wren-Babbler,aves
stsbab1,Short-tailed Scimitar-Babbler,aves
eywbab1,Eyebrowed Wren-Babbler,aves
lbwbab1,Long-billed Wren-Babbler,aves
namscb1,Naung Mung Scimitar-Babbler,aves
whtwrb1,White-throated Wren-Babbler,aves
43538,Proboscis Monkey,mammalia
lobwoo1,Long-billed Woodcreeper,aves
41673,White-nosed Coati,mammalia
41670,South American Coati,mammalia
1431872,Mountain Coati,mammalia
41204,Mexican Funnel-eared Bat,mammalia
520845,Reed-cricket,insecta
638246,Natula matsuurai,insecta
balspi1,Bat-like Spinetail,aves
casspi1,Cassin's Spinetail,aves
rodsta2,Rodrigues Starling,aves
rodpar1,Rodrigues Parrot,aves
hoovul1,Hooded Vulture,aves
bocsun2,Bocage's Sunbird,aves
malsun1,Malachite Sunbird,aves
retsun2,Red-tufted Sunbird,aves
brosun1,Bronze Sunbird,aves
pubsun3,Purple-breasted Sunbird,aves
tacsun1,Tacazze Sunbird,aves
153489,Steindachner’s Shieldback,insecta
362296,Wood Cricket,insecta
hootan1,Hooded Tanager,aves
chttan1,Cherry-throated Tanager,aves
grymon1,Gray Monjita,aves
crifin1,Crimson Finch,aves
rebfir1,Red-browed Firetail,aves
244017,Hieroglyphic Cicada,insecta
babsta1,Babbling Starling,aves
225597,False Robust Conehead,insecta
225598,Sword-bearing Conehead,insecta
225599,Slightly Musical Conehead Katydid,insecta
225601,Nebraska Conehead,insecta
225602,Round-tipped Conehead,insecta
225603,Robust Conehead,insecta
225604,Broad-tipped Conehead,insecta
225605,Neoconocephalus velox,insecta
wtathr1,White-tailed Ant-Thrush,aves
rtathr1,Red-tailed Ant-Thrush,aves
blabus1,Black Bushbird,aves
225607,Northern Mole Cricket,insecta
sunasi1,Common Sunbird-Asity,aves
yebasi1,Yellow-bellied Sunbird-Asity,aves
1596124,Brazilian Serotine,mammalia
1596123,Chiriquinan Serotine,mammalia
1596121,Argentine Serotine,mammalia
41971,Clouded Leopards,mammalia
1264430,Colombian Weasel,mammalia
1264431,Long-tailed Weasel,mammalia
1264432,American Mink,mammalia
whrfal1,White-rumped Falcon,aves
bubmon1,Buff-bellied Monarch,aves
blcbul1,Black-collared Bulbul,aves
sttjer1,Stripe-throated Jery,aves
comjer1,Common Jery,aves
grejer1,Green Jery,aves
rvgcuc1,Rufous-vented Ground-Cuckoo,aves
rbgcuc1,Red-billed Ground-Cuckoo,aves
bagcuc1,Banded Ground-Cuckoo,aves
rwgcuc1,Rufous-winged Ground-Cuckoo,aves
scgcuc1,Scaled Ground-Cuckoo,aves
46859,Eurasian Water Shrew,mammalia
452768,Cuban Ground Cricket,insecta
256704,Collared Ground Cricket,insecta
225673,Sphagnum Ground Cricket,insecta
witman1,Wied's Tyrant-Manakin,aves
sctman1,Saffron-crested Tyrant-Manakin,aves
pbtman1,Pale-bellied Tyrant-Manakin,aves
sbtman1,Sulphur-bellied Tyrant-Manakin,aves
banmar1,Banded Martin,aves
orbpar1,Orange-bellied Parrot,aves
blwpar3,Blue-winged Parrot,aves
elepar1,Elegant Parrot,aves
rocpar1,Rock Parrot,aves
turpar1,Turquoise Parrot,aves
sccpar1,Scarlet-chested Parrot,aves
rurfog1,Rufous-rumped Foliage-gleaner,aves
swfgle,Slaty-winged Foliage-gleaner,aves
egyvul1,Egyptian Vulture,aves
cinmat1,Cinnamon Manakin-Tyrant,aves
883706,Neoplatypedia ampliata,insecta
1669415,Neoplatypleura coelestia,insecta
boupar2,Bourke's Parrot,aves
yeblor2,Yellow-billed Lorikeet,aves
orblor1,Orange-billed Lorikeet,aves
523711,Southern Mole Cricket,insecta
558126,Tawny Mole Cricket,insecta
yetscr1,Yellow-throated Scrubwren,aves
225740,Yellow-pine Chipmunk,mammalia
225741,Gray-footed Chipmunk,mammalia
197809,Cliff Chipmunk,mammalia
197810,Merriam's Chipmunk,mammalia
225743,Least Chipmunk,mammalia
225745,Yellow-cheeked Chipmunk,mammalia
225746,Palmer's Chipmunk,mammalia
225749,Colorado Chipmunk,mammalia
225750,Red-tailed Chipmunk,mammalia
225751,Hopi Chipmunk,mammalia
225752,Shadow Chipmunk,mammalia
225753,Siskiyou Chipmunk,mammalia
225754,Sonoma Chipmunk,mammalia
225755,Lodgepole Chipmunk,mammalia
225756,Townsend's Chipmunk,mammalia
225757,Uinta Chipmunk,mammalia
whbtan1,White-banded Tanager,aves
469236,Plains Dog-Day Cicada,insecta
469238,Northern Dog-day Cicada,insecta
469243,Davis's Southeastern Dog-day Cicada,insecta
469256,Coastal Scissors Grinder Cicada,insecta
469257,Linne's Cicada,insecta
1641983,Neotibicen linnei x pruinosus,insecta
469259,Lyric Cicada,insecta
469268,Scissor Grinder,insecta
469274,Robinson's Annual Cicada,insecta
469275,Similar Dog-day Cicada,insecta
469277,Superb Dog-day Cicada,insecta
469282,Swamp Cicada,insecta
469279,Eastern Scissors Grinder Cicada,insecta
stabus1,Denham's Bustard,aves
heubus1,Heuglin's Bustard,aves
ludbus1,Ludwig's Bustard,aves
nubbus1,Nubian Bustard,aves
44761,Bushy-tailed Woodrat,mammalia
44749,Dusky-footed Woodrat,mammalia
64102,Big-eared Woodrat,mammalia
225793,Two-spotted Tree Cricket,insecta
bkcmon1,Black-crowned Monjita,aves
rubmon1,Rusty-backed Monjita,aves
chvtyr2,Chocolate-vented Tyrant,aves
salmon1,Salinas Monjita,aves
orbfly1,Orange-banded Flycatcher,aves
ocbfly2,Ochraceous-breasted Flycatcher,aves
hanfly1,Handsome Flycatcher,aves
pardus2,Pardusco,aves
albwar1,Aldabra Brush-Warbler,aves
gcbwar1,Grande Comore Brush-Warbler,aves
subbrw1,Subdesert Brush-Warbler,aves
mohbrw1,Moheli Brush-Warbler,aves
malbrw1,Malagasy Brush-Warbler,aves
whcoli1,White-collared Oliveback,aves
fepoli1,Shelley's Oliveback,aves
antpic1,Antillean Piculet,aves
pinpig2,Pink Pigeon,aves
matdov1,Malagasy Turtle-Dove,aves
rodtud1,Rodrigues Turtle-Dove,aves
pospet1,Polynesian Storm-Petrel,aves
bahwoo,Bahama Woodstar,aves
inawoo2,Inagua Woodstar,aves
jambla1,Jamaican Blackbird,aves
yethon1,Yellow-throated Honeyeater,aves
whehon1,White-eared Honeyeater,aves
purtan1,Puerto Rican Tanager,aves
nigfin1,Inaccessible Island Finch,aves
nigfin3,Nightingale Island Finch,aves
wilfin3,Wilkins's Finch,aves
moctyr4,Marañon Tyrannulet,aves
y01204,Mouse-colored Tyrannulet,aves
cocfly1,Cocos Tyrannulet,aves
moctyr6,Tumbesian Tyrannulet,aves
nezkak1,New Zealand Kaka,aves
kea1,Kea,aves
noikak1,Norfolk Island Kaka,aves
soupoc1,Southern Pochard,aves
robpoc1,Rosy-billed Pochard,aves
recpoc,Red-crested Pochard,aves
afrpyg1,African Pygmy-Goose,aves
copgoo1,Cotton Pygmy-Goose,aves
grnpyg1,Green Pygmy-Goose,aves
846379,American Shrewmoles,mammalia
darnew1,Dark Newtonia,aves
arcnew1,Archbold's Newtonia,aves
comnew1,Common Newtonia,aves
retnew1,Red-tailed Newtonia,aves
yesnic1,Western Nicator,aves
easnic1,Eastern Nicator,aves
yetnic1,Yellow-throated Nicator,aves
717558,Olive Frog,amphibia
1614864,Yuchi Music Frog,amphibia
chbneg1,Chestnut-breasted Nigrita,aves
gyhneg1,Gray-headed Nigrita,aves
whbneg2,White-breasted Nigrita,aves
pafneg1,Pale-fronted Nigrita,aves
brubru1,Brubru,aves
fujnil1,Fujian Niltava,aves
larnil1,Large Niltava,aves
smanil1,Small Niltava,aves
vivnil2,Chinese Vivid Niltava,aves
ruvnil1,Rufous-vented Niltava,aves
rubnil1,Rufous-bellied Niltava,aves
vivnil3,Taiwan Vivid Niltava,aves
andhao1,Andaman Boobook,aves
lauowl1,Laughing Owl,aves
souboo8,Australian Boobook,aves
toghao1,Togian Boobook,aves
barowl1,Barking Owl,aves
molhao2,Tanimbar Boobook,aves
souboo5,Timor Boobook,aves
hanboo1,Buru Boobook,aves
molhao3,Halmahera Boobook,aves
cinhao1,Cinnabar Boobook,aves
norboo1,Northern Boobook,aves
souboo3,Tasmanian Boobook,aves
camboo1,Camiguin Boobook,aves
manhao1,Manus Boobook,aves
minboo2,Mindoro Boobook,aves
chihao1,Christmas Island Boobook,aves
morepo2,Morepork,aves
brnhao3,Hume's Boobook,aves
ocbhao1,Ochre-bellied Boobook,aves
nebhao1,New Britain Boobook,aves
phihao1,Luzon Boobook,aves
souboo6,Alor Boobook,aves
spehao1,Speckled Boobook,aves
choboo1,Chocolate Boobook,aves
sulboo1,Sulu Boobook,aves
souboo4,Rote Boobook,aves
sumboo1,Sumba Boobook,aves
rufowl2,Rufous Owl,aves
cebboo1,Cebu Boobook,aves
brnhao1,Brown Boobook,aves
minboo1,Mindanao Boobook,aves
romboo1,Romblon Boobook,aves
hanboo2,Seram Boobook,aves
powowl1,Powerful Owl,aves
lishao1,Least Boobook,aves
junhao1,Papuan Boobook,aves
bishao1,Bismarck Boobook,aves
creibi1,Crested Ibis,aves
blyhae1,Blyth's Hawk-Eagle,aves
javhae1,Javan Hawk-Eagle,aves
y00839,Changeable Hawk-Eagle,aves
flohae1,Flores Hawk-Eagle,aves
mouhae2,Legge's Hawk-Eagle,aves
sulhae1,Sulawesi Hawk-Eagle,aves
walhae1,Wallace's Hawk-Eagle,aves
mouhae1,Mountain Hawk-Eagle,aves
phihae1,Philippine Hawk-Eagle,aves
pinhae1,Pinsker's Hawk-Eagle,aves
41199,Lesser Bulldog Bat,mammalia
41200,Greater Bulldog Bat,mammalia
bafbul1,Bare-faced Bulbul,aves
696629,Northern Yellow-cheeked Gibbon,mammalia
74778,Black Crested Gibbon,mammalia
885131,Southern Yellow-cheeked Gibbon,mammalia
74781,Northern White-cheeked Gibbon,mammalia
74783,Southern White-cheeked Gibbon,mammalia
masduc,Masked Duck,aves
chhnun1,Chestnut-headed Nunlet,aves
bronun1,Brown Nunlet,aves
gycnun1,Gray-cheeked Nunlet,aves
rubnun1,Rusty-breasted Nunlet,aves
rucnun1,Rufous-capped Nunlet,aves
fucnun1,Fulvous-chinned Nunlet,aves
bluebo1,Greater Bluebonnet,aves
bluebo4,Naretha Bluebonnet,aves
1453432,Agile Wallaby,mammalia
whnpuf2,White-necked Puffbird,aves
guipuf1,Guianan Puffbird,aves
brbpuf1,Brown-banded Puffbird,aves
blbpuf1,Black-breasted Puffbird,aves
bubpuf1,Buff-bellied Puffbird,aves
piepuf1,Pied Puffbird,aves
higtin1,Highland Tinamou,aves
tabtin1,Tawny-breasted Tinamou,aves
hootin1,Hooded Tinamou,aves
noccur1,Nocturnal Curassow,aves
brutin1,Brushland Tinamou,aves
cubtin1,Curve-billed Tinamou,aves
orntin1,Ornate Tinamou,aves
andtin1,Andean Tinamou,aves
chitin1,Chilean Tinamou,aves
tactin1,Taczanowski's Tinamou,aves
whbnot1,White-bellied Nothura,aves
darnot1,Darwin's Nothura,aves
sponot1,Spotted Nothura,aves
lesnot1,Lesser Nothura,aves
stitch1,Stitchbird,aves
179982,Tropical Ground Squirrel,mammalia
179981,Ring-tailed Ground Squirrel,mammalia
bbgsta1,Black-bellied Starling,aves
342403,Clay Bank Cicada,insecta
eurnut3,Northern Nutcracker,aves
clanut,Clark's Nutcracker,aves
eurnut4,Southern Nutcracker,aves
sponut1,Kashmir Nutcracker,aves
lobcur,Long-billed Curlew,aves
eurcur,Eurasian Curlew,aves
eskcur,Eskimo Curlew,aves
whimbr3,Hudsonian Whimbrel,aves
faecur,Far Eastern Curlew,aves
litcur,Little Curlew,aves
whimbr5,Eurasian Whimbrel,aves
brtcur,Bristle-thighed Curlew,aves
slbcur,Slender-billed Curlew,aves
helgui,Helmeted Guineafowl,aves
40575,Birdlike Noctule,mammalia
40574,Azores Noctule,mammalia
40576,Giant Noctule,mammalia
40573,Lesser Noctule,mammalia
40572,Common Noctule,mammalia
74787,Chinese Noctule,mammalia
bernih1,Bermuda Night Heron,aves
ycnher,Yellow-crowned Night Heron,aves
855311,Mainland Raccoon Dog,mammalia
lotpot1,Long-tailed Potoo,aves
grepot1,Great Potoo,aves
compot1,Common Potoo,aves
norpot1,Northern Potoo,aves
whwpot1,White-winged Potoo,aves
andpot1,Andean Potoo,aves
40569,Evening Bat,mammalia
runher1,Nankeen Night Heron,aves
reunih1,Reunion Night Heron,aves
maunih1,Mauritius Night Heron,aves
rodnih1,Rodrigues Night Heron,aves
bcnher,Black-crowned Night Heron,aves
627277,Ascension Night Heron,aves
soapas1,South American Painted-Snipe,aves
compau,Common Pauraque,aves
scrnig1,Scrub Nightjar,aves
40868,Queensland Tube-nosed Fruit Bat,mammalia
41314,Pocketed Free-tailed Bat,mammalia
41312,Broad-eared Free-tailed Bat,mammalia
41315,Big Free-tailed Bat,mammalia
earpoo1,Eared Poorwill,aves
ocepoo1,Ocellated Poorwill,aves
chopoo1,Choco Poorwill,aves
yucpoo1,Yucatan Poorwill,aves
pygnig1,Pygmy Nightjar,aves
blanig1,Blackish Nightjar,aves
batnig1,Band-tailed Nighthawk,aves
bahnig1,Bahian Nighthawk,aves
74800,New Caledonia Long-eared Bat,mammalia
rbbeat1,Red-bearded Bee-eater,aves
bbbeat1,Blue-bearded Bee-eater,aves
cockat,Cockatiel,aves
whepuf1,White-eared Puffbird,aves
spbpuf1,Spot-backed Puffbird,aves
wespuf1,Western Striolated-Puffbird,aves
barpuf1,Barred Puffbird,aves
strpuf1,Eastern Striolated-Puffbird,aves
25859,Green Puddle Frog,amphibia
25861,Round-tongued Floating Frog,amphibia
wvspet1,Elliot's Storm-Petrel,aves
wispet,Wilson's Storm-Petrel,aves
pumstp1,Pincoya Storm-Petrel,aves
rocear1,Rock Earthcreeper,aves
crachi1,Crag Chilia,aves
batear1,Band-tailed Earthcreeper,aves
stbear2,Straight-billed Earthcreeper,aves
43180,Alpine Pika,mammalia
43197,Collared Pika,mammalia
849666,Korean Pika,mammalia
43178,Daurian Pika,mammalia
850031,Pallas's Pika,mammalia
43188,American Pika,mammalia
43175,Steppe Pika,mammalia
43199,Turkestan Red Pika,mammalia
slbcht2,Chestnut-bellied Chat-Tyrant,aves
bbctyr1,Brown-backed Chat-Tyrant,aves
wbctyr1,White-browed Chat-Tyrant,aves
slbcht1,Blackish Chat-Tyrant,aves
dorcht1,d'Orbigny's Chat-Tyrant,aves
pictyr1,Piura Chat-Tyrant,aves
rbctyr1,Rufous-breasted Chat-Tyrant,aves
tumtyr2,Tumbes Chat-Tyrant,aves
bnbcht2,Rufous-browed Chat-Tyrant,aves
slbcht3,Maroon-belted Chat-Tyrant,aves
drwtyr1,Drab Water Tyrant,aves
rubrat1,Rufous-booted Racket-tail,aves
boorat2,Peruvian Racket-tail,aves
boorat1,White-booted Racket-tail,aves
45920,Common Degu,mammalia
inghor2,Indian Gray Hornbill,aves
ceghor1,Sri Lanka Gray Hornbill,aves
maghor2,Malabar Gray Hornbill,aves
crepig1,Crested Pigeon,aves
42220,Mule Deer,mammalia
42223,White-tailed Deer,mammalia
bfwqua1,Black-fronted Wood-Quail,aves
sfwqua1,Stripe-faced Wood-Quail,aves
swwqua1,Spot-winged Wood-Quail,aves
venwoq1,Venezuelan Wood-Quail,aves
tawqua1,Tacarcuna Wood-Quail,aves
rfwqua1,Rufous-fronted Wood-Quail,aves
mawqua1,Marbled Wood-Quail,aves
spwqua1,Spotted Wood-Quail,aves
chwqua1,Chestnut Wood-Quail,aves
bbwqua1,Black-breasted Wood-Quail,aves
dbwqua1,Dark-backed Wood-Quail,aves
bewqua1,Black-eared Wood-Quail,aves
rbwqua1,Rufous-breasted Wood-Quail,aves
stwqua1,Starred Wood-Quail,aves
gowqua1,Gorgeted Wood-Quail,aves
1449342,Odontophrynus asper,amphibia
gymwre1,Gray-mantled Wren,aves
tobwre1,Tooth-billed Wren,aves
122214,Horned Passalid,insecta
66264,Swinhoe's frog,amphibia
633751,Alexander's Tree Cricket,insecta
226219,Prairie Tree Cricket,insecta
226220,Western Tree Cricket,insecta
326457,Fast-calling tree cricket,insecta
553754,Large Tree-cricket,insecta
633772,Oecanthus euryelytra,insecta
147030,Davis' Tree Cricket,insecta
501406,Forbes' Tree Cricket,insecta
130356,Snowy Tree Cricket,insecta
129233,Broad-winged tree cricket,insecta
437733,Oecanthus longicauda,insecta
154605,Black-horned Tree Cricket,insecta
226221,Narrow-winged Tree Cricket,insecta
332307,Italian Tree Cricket,insecta
120032,Pine Tree Cricket,insecta
226222,Four-spotted Tree Cricket,insecta
153455,Riley's Tree Cricket,insecta
633761,Texas Tree Cricket,insecta
256707,Different-horned tree cricket,insecta
dwahon2,Spectacled Longbill,aves
pyghon1,Pygmy Longbill,aves
namdov1,Namaqua Dove,aves
wfbcha1,White-fronted Black-Chat,aves
humwhe2,Hume's Wheatear,aves
rebwhe2,Buff-breasted Wheatear,aves
retwhe2,Persian Wheatear,aves
cypwhe1,Cyprus Wheatear,aves
deswhe1,Desert Wheatear,aves
somcha1,Sombre Rock Chat,aves
famcha1,Familiar Chat,aves
finwhe1,Finsch's Wheatear,aves
rebwhe3,Rusty-breasted Wheatear,aves
indcha1,Brown Rock Chat,aves
heuwhe1,Heuglin's Wheatear,aves
bkewhe1,Western Black-eared Wheatear,aves
isawhe1,Isabelline Wheatear,aves
whtwhe1,White-crowned Wheatear,aves
blawhe1,Black Wheatear,aves
mouwhe2,Mourning Wheatear,aves
mouwhe5,Arabian Wheatear,aves
mouwhe4,Abyssinian Wheatear,aves
bkewhe2,Eastern Black-eared Wheatear,aves
blacks1,Blackstart,aves
rerwhe1,Red-rumped Wheatear,aves
hoowhe1,Hooded Wheatear,aves
norwhe,Northern Wheatear,aves
somwhe1,Somali Wheatear,aves
varwhe1,Variable Wheatear,aves
capwhe1,Capped Wheatear,aves
piewhe1,Pied Wheatear,aves
brtcha1,Brown-tailed Chat,aves
norwhe3,Atlas Wheatear,aves
retwhe3,Kurdish Wheatear,aves
yeepar1,Yellow-eared Parrot,aves
1666304,Okanagana albibasalis,insecta
947848,Okanagana annulata,insecta
1065776,Okanagana arctostaphylae,insecta
559355,Prairie Cicada,insecta
322493,Mountain Cicada,insecta
889356,Okanagana canescens,insecta
883745,Wounded Cicada,insecta
714119,Okanagana fumipennis,insecta
701212,Okanagana magnifica,insecta
1065777,Okanagana napa,insecta
906870,Okanagana nigrodorsata,insecta
454573,Aspen Cicada,insecta
176581,Rocky Mountain Cicada,insecta
701204,Okanagana oregona,insecta
176579,Say's Cicada,insecta
701205,Okanagana triangulata,insecta
733194,Somber Cicada,insecta
1116233,Okanagana vocalis,insecta
322156,Pale-winged Desert Cicada,insecta
1038122,Oligoglena carayoni,insecta
1169252,Oligoglena tibialis,insecta
44820,Pygmy Rice Rats,mammalia
1530457,Dwarf Snouted Tree Frog,amphibia
1530406,Bandeirantes Snouted Tree Frog,amphibia
1530402,Santo Andre Snouted Tree Frog,amphibia
513918,Raymond's Grasshopper,insecta
362311,Woodland Grasshopper,insecta
132419,Common Green Grasshopper,insecta
norben1,Northern Bentbill,aves
souben1,Southern Bentbill,aves
45763,Muskrat,mammalia
lunant2,Lunulated Antbird,aves
whtant1,White-throated Antbird,aves
whbsta1,White-billed Starling,aves
somsta1,Somali Starling,aves
socsta1,Socotra Starling,aves
chwsta1,Chestnut-winged Starling,aves
rewsta1,Red-winged Starling,aves
pawsta1,Pale-winged Starling,aves
neusta1,Neumann's Starling,aves
brcsta1,Bristle-crowned Starling,aves
slbsta1,Slender-billed Starling,aves
trista1,Tristram's Starling,aves
walsta1,Waller's Starling,aves
45710,Chihuahuan Grasshopper Mouse,mammalia
aleter1,Aleutian Tern,aves
briter1,Bridled Tern,aves
sooter1,Sooty Tern,aves
gybter1,Gray-backed Tern,aves
royfly1,Tropical Royal Flycatcher,aves
royfly5,Atlantic Royal Flycatcher,aves
whrsno1,White-rumped Snowfinch,aves
66278,Strawberry Poison Dart Frog,amphibia
66280,Little Devil Poison Frog,amphibia
himqua1,Himalayan Quail,aves
hoatzi1,Hoatzin,aves
mouavo1,Mountain Avocetbill,aves
conwar,Connecticut Warbler,aves
1580084,Agile Meadow Katydid,insecta
226527,Texas Meadow Katydid,insecta
326091,Red-headed Meadow Katydid,insecta
129250,Gladiator Meadow Katydid,insecta
371382,Lesser Pine Katydid,insecta
143151,Black-legged Meadow Katydid,insecta
122041,Handsome Meadow Katydid,insecta
226531,Long-spurred Meadow Katydid,insecta
129260,Common Meadow Katydid,insecta
brotan1,Brown Tanager,aves
41521,Orca,mammalia
42414,Mountain Goat,mammalia
titber1,Tit Berrypecker,aves
crebel1,Crested Bellbird,aves
blcapa2,Black-collared Apalis,aves
ruwapa1,Rwenzori Apalis,aves
akikik,Akikiki,aves
beamou1,Bearded Mountaineer,aves
horgua1,Horned Guan,aves
robpri1,Roberts's Warbler,aves
tatdot1,Tawny-throated Dotterel,aves
bolbla1,Bolivian Blackbird,aves
plflor1,Plum-faced Lorikeet,aves
mouqua,Mountain Quail,aves
sagthr,Sage Thrasher,aves
fernwr1,Fernwren,aves
moufir1,Mountain Firetail,aves
fltwar1,Flame-throated Warbler,aves
crcwar,Crescent-chested Warbler,aves
tanfin1,Tanager Finch,aves
42384,Klipspringer,mammalia
wethil1,Wedge-tailed Hillstar,aves
ecuhil1,Ecuadorian Hillstar,aves
buthil1,Blue-throated Hillstar,aves
andhil3,Andean Hillstar,aves
whshil1,White-sided Hillstar,aves
blbhil1,Black-breasted Hillstar,aves
andhil2,Green-headed Hillstar,aves
origoo1,Orinoco Goose,aves
andgoo1,Andean Goose,aves
1044390,Orientopsaltria phaeophila,insecta
rumwar1,Rusty Mouse-Warbler,aves
momwar1,Mountain Mouse-Warbler,aves
rocwar1,Rockwarbler,aves
bervan1,Bernier's Vanga,aves
whlori1,White-lored Oriole,aves
afgori2,African Golden Oriole,aves
burori2,Buru Oriole,aves
wbhori1,Western Black-headed Oriole,aves
blnori1,Black-naped Oriole,aves
grhori1,Green-headed Oriole,aves
bacori1,Black-and-crimson Oriole,aves
datori7,Ventriloquial Oriole,aves
satori1,Sao Tome Oriole,aves
bacori3,Javan Oriole,aves
burori3,Tanimbar Oriole,aves
timori3,Wetar Oriole,aves
greori1,Green Oriole,aves
serori1,Seram Oriole,aves
blaori1,Black Oriole,aves
isaori1,Isabela Oriole,aves
ingori1,Indian Golden Oriole,aves
abhori1,African Black-headed Oriole,aves
timori1,Timor Oriole,aves
silori1,Silver Oriole,aves
dahori1,Ethiopian Black-headed Oriole,aves
blwori1,Black-winged Oriole,aves
eugori2,Eurasian Golden Oriole,aves
bltori1,Black-tailed Oriole,aves
halori1,Halmahera Oriole,aves
olbori1,Olive-backed Oriole,aves
phiori1,Philippine Oriole,aves
broori1,Brown Oriole,aves
slbori1,Slender-billed Oriole,aves
marori2,Maroon Oriole,aves
datori1,Dark-throated Oriole,aves
blhori1,Black-hooded Oriole,aves
strspa1,Striped Sparrow,aves
394050,Ornebius aperta,insecta
622565,Ornebius kanetataki,insecta
brctyr,Brown-capped Tyrannulet,aves
whltyr1,White-lored Tyrannulet,aves
yebtyr1,Yellow-bellied Tyrannulet,aves
43236,Platypus,mammalia
crepit1,Piping Bellbird,aves
wenher1,White-eared Night Heron,aves
andswa2,Andean Swallow,aves
pafswa1,Pale-footed Swallow,aves
brbswa1,Brown-bellied Swallow,aves
specha2,East Brazilian Chachalaca,aves
chacha1,Chaco Chachalaca,aves
grhcha1,Gray-headed Chachalaca,aves
colcha1,Colombian Chachalaca,aves
ruhcha1,Rufous-headed Chachalaca,aves
chwcha1,Chestnut-winged Chachalaca,aves
specha3,Speckled Chachalaca,aves
whbcha1,White-bellied Chachalaca,aves
varcha1,Variable Chachalaca,aves
wemcha1,West Mexican Chachalaca,aves
ruvcha1,Rufous-vented Chachalaca,aves
varcha3,Chestnut-headed Chachalaca,aves
specha4,Scaled Chachalaca,aves
bubcha1,Buff-browed Chachalaca,aves
placha,Plain Chachalaca,aves
rubcha1,Rufous-bellied Chachalaca,aves
olgtan1,Olive-green Tanager,aves
norlog1,Papuan Logrunner,aves
chowch1,Chowchilla,aves
soulog1,Australian Logrunner,aves
rebmac2,Red-bellied Macaw,aves
anchum1,Antillean Crested Hummingbird,aves
dantai1,Dark-necked Tailorbird,aves
phitai1,Visayan Tailorbird,aves
camtai1,Cambodian Tailorbird,aves
gnbtai1,Green-backed Tailorbird,aves
whetai1,White-eared Tailorbird,aves
gybtai1,Gray-backed Tailorbird,aves
ruftai1,Rufous-fronted Tailorbird,aves
whbtai1,White-browed Tailorbird,aves
ashtai1,Ashy Tailorbird,aves
yebtai1,Yellow-breasted Tailorbird,aves
olbtai1,Olive-backed Tailorbird,aves
ruttai1,Rufous-tailed Tailorbird,aves
comtai1,Common Tailorbird,aves
swafra1,Swamp Francolin,aves
gryfra,Gray Francolin,aves
crefra2,Crested Francolin,aves
quailf1,Quailfinch,aves
quailp1,Quail-plover,aves
43151,European Rabbit,mammalia
1575139,Northwestern Marsh Rice Rat,mammalia
24175,Tan-faced Spiny-backed Frog,amphibia
24182,Egg-eating Spiny-backed Frog,amphibia
24379,Hispaniolan Common Tree Frog,amphibia
24382,Cuban Tree Frog,amphibia
41761,South American Sea Lion,mammalia
phepig1,Pheasant Pigeon,aves
grebus1,Great Bustard,aves
42095,Bat-eared Fox,mammalia
43567,Brown Greater Galago,mammalia
43568,Small-eared Greater Galago,mammalia
40449,Desert Long-eared Bat,mammalia
180007,California Ground Squirrel,mammalia
1511713,Douglas's Ground Squirrel,mammalia
180008,Rock Squirrel,mammalia
flsowl1,Flores Scops-Owl,aves
nicsco1,Nicobar Scops-Owl,aves
jasowl2,Javan Scops-Owl,aves
insowl1,Indian Scops-Owl,aves
ansowl1,Andaman Scops-Owl,aves
biasco1,Biak Scops-Owl,aves
prisco1,Principe Scops-Owl,aves
rasowl1,Rajah Scops-Owl,aves
pasowl3,Pallid Scops-Owl,aves
ansowl2,Anjouan Scops-Owl,aves
sansco1,Sangihe Scops-Owl,aves
eursco3,Cyprus Scops-Owl,aves
ryusco1,Ryukyu Scops-Owl,aves
ensowl1,Enggano Scops-Owl,aves
evesco1,Everett's Scops-Owl,aves
pasowl2,Palawan Scops-Owl,aves
reusco1,Reunion Scops-Owl,aves
mineao1,Giant Scops-Owl,aves
stsowl1,Sao Tome Scops-Owl,aves
sasowl1,Sandy Scops-Owl,aves
sesowl1,Seychelles Scops-Owl,aves
sosowl1,Sokoke Scops-Owl,aves
rinsco1,Rinjani Scops-Owl,aves
susowl2,Sunda Scops-Owl,aves
cosowl1,Collared Scops-Owl,aves
lusowl1,Luzon Scops-Owl,aves
mosowl1,Moluccan Scops-Owl,aves
susowl1,Sulawesi Scops-Owl,aves
masowl2,Mantanani Scops-Owl,aves
maysco1,Mayotte Scops-Owl,aves
phsowl1,Philippine Scops-Owl,aves
sulsco5,Banggai Scops-Owl,aves
mesowl1,Mentawai Scops-Owl,aves
misowl2,Mindoro Scops-Owl,aves
misowl1,Mindanao Scops-Owl,aves
mohsco1,Moheli Scops-Owl,aves
rodsco1,Rodrigues Scops-Owl,aves
negsco1,Negros Scops-Owl,aves
arasco1,Arabian Scops-Owl,aves
cosowl3,Comoro Scops-Owl,aves
pesowl2,Pemba Scops-Owl,aves
palowl2,Palau Scops-Owl,aves
resowl1,Reddish Scops-Owl,aves
madsco1,Madagascar Scops-Owl,aves
wfsowl2,White-fronted Scops-Owl,aves
mausco1,Mauritius Scops-Owl,aves
eursco1,Eurasian Scops-Owl,aves
jasowl1,Japanese Scops-Owl,aves
afsowl1,African Scops-Owl,aves
sulsco2,Siau Scops-Owl,aves
wasowl1,Wallace's Scops-Owl,aves
afrsco2,Socotra Scops-Owl,aves
mosowl2,Mountain Scops-Owl,aves
sulsco3,Sula Scops-Owl,aves
orsowl,Oriental Scops-Owl,aves
molsco2,Wetar Scops-Owl,aves
sersco1,Serendib Scops-Owl,aves
sisowl1,Simeulue Scops-Owl,aves
121578,Domestic Sheep,mammalia
42391,Bighorn Sheep,mammalia
whtoxy1,White-throated Oxylabes,aves
bubhel1,Blue-bearded Helmetcrest,aves
gnbhel1,Green-bearded Helmetcrest,aves
whbhel1,White-bearded Helmetcrest,aves
bufhel1,Buffy Helmetcrest,aves
sharpb1,Sharpbill,aves
blbduc1,Blue-billed Duck,aves
andduc1,Andean Duck,aves
rudduc,Ruddy Duck,aves
whhduc1,White-headed Duck,aves
macduc1,Maccoa Duck,aves
lakduc1,Lake Duck,aves
1370800,South-western Free-tailed Bat,mammalia
1370825,Southeastern Free-tailed Bat,mammalia
1370811,Eastern Free-tailed Bat,mammalia
42171,Pampas Deer,mammalia
244023,Little mesquite cicada,insecta
504396,Little Juniper Cicada,insecta
dwawhi1,Goldenface,aves
grbwhi1,Green-backed Whistler,aves
walwhi1,Wallacean Whistler,aves
gobwhi1,Golden-backed Whistler,aves
golwhi2,Baliem Whistler,aves
necwhi3,New Caledonian Whistler,aves
1578907,Tenggara Whistler,aves
necwhi2,Vanuatu Whistler,aves
manwhi1,Mangrove Whistler,aves
biswhi1,Bismarck Whistler,aves
louwhi1,Louisiade Whistler,aves
renwhi1,Rennell Whistler,aves
samwhi1,Samoan Whistler,aves
fijwhi1,Yellow-throated Fiji Whistler,aves
drawhi1,Drab Whistler,aves
whvwhi1,White-vented Whistler,aves
ruswhi1,Rusty Whistler,aves
borwhi1,Bornean Whistler,aves
guhwhi1,Guadalcanal Hooded Whistler,aves
gilwhi1,Gilbert's Whistler,aves
tonwhi1,Tongan Whistler,aves
whbwhi2,White-breasted Whistler,aves
whbwhi1,White-bellied Whistler,aves
lorwhi1,Lorentz's Whistler,aves
yetwhi2,Moluccan whistler,aves
biawhi1,Biak Whistler,aves
bltwhi1,Black-tailed Whistler,aves
bkcwhi1,Black-chinned Whistler,aves
vogwhi1,Vogelkop Whistler,aves
brbwhi1,Brown-backed Whistler,aves
blhwhi1,Black-headed Whistler,aves
batwhi1,Bare-throated Whistler,aves
oliwhi1,Olive Whistler,aves
oriwhi1,Oriole Whistler,aves
temwhi2,Nendo Whistler,aves
fabwhi1,Fawn-breasted Whistler,aves
golwhi1,Golden Whistler,aves
islwhi2,Island Whistler,aves
yebwhi1,Yellow-bellied Whistler,aves
bohwhi1,Bougainville Hooded Whistler,aves
rufwhi1,Rufous Whistler,aves
relwhi1,Red-lored Whistler,aves
regwhi1,Regent Whistler,aves
yetwhi6,Babar Whistler,aves
grywhi2,Gray Whistler,aves
sclwhi1,Sclater's Whistler,aves
subwhi1,Sulphur-bellied Whistler,aves
mornin1,Morningbird,aves
rubwhi2,Selayar Whistler,aves
temwhi3,Utupua Whistler,aves
temwhi4,Vanikoro Whistler,aves
whtwhi1,White-throated Fiji Whistler,aves
grbrob1,Green-backed Robin,aves
wherob1,White-eyed Robin,aves
thbcuc1,Thick-billed Cuckoo,aves
thbflo1,Thick-billed Flowerpecker,aves
yevflo1,Yellow-vented Flowerpecker,aves
brbflo1,Brown-backed Flowerpecker,aves
yebflo1,Yellow-bellied Flowerpecker,aves
olbflo1,Olive-backed Flowerpecker,aves
whiflo1,Whiskered Flowerpecker,aves
whtflo1,White-throated Flowerpecker,aves
comwea1,Compact Weaver,aves
slbpri1,Slender-billed Prion,aves
fulpri1,Fulmar Prion,aves
dovpri1,Antarctic Prion,aves
salpri3,MacGillivray's Prion,aves
salpri2,Salvin's Prion,aves
faipri1,Fairy Prion,aves
brbpri1,Broad-billed Prion,aves
rotbec,Rose-throated Becard,aves
bawbec7,Black-and-white Becard,aves
chcbec1,Chestnut-crowned Becard,aves
cinbec1,Cinnamon Becard,aves
oncbec1,One-colored Becard,aves
grcbec1,Gray-collared Becard,aves
blcbec1,Black-capped Becard,aves
pitbec1,Pink-throated Becard,aves
jambec1,Jamaican Becard,aves
whwbec1,White-winged Becard,aves
cinbec2,Cinereous Becard,aves
bawbec6,Cryptic Becard,aves
slabec1,Slaty Becard,aves
glbbec1,Glossy-backed Becard,aves
crebec1,Crested Becard,aves
barbec1,Barred Becard,aves
grbbec1,Green-backed Becard,aves
gofgre1,Golden-fronted Greenlet,aves
lesgre1,Lesser Greenlet,aves
ducgre1,Dusky-capped Greenlet,aves
bucgre1,Buff-cheeked Greenlet,aves
rungre1,Rufous-naped Greenlet,aves
timspa4,Timor Sparrow,aves
javspa,Java Sparrow,aves
snopet1,Snow Petrel,aves
ivogul,Ivory Gull,aves
41702,Harp Seal,mammalia
41625,Masked Palm Civet,mammalia
487743,Bronze Tree-buzzer,insecta
crehon,Akohekohe,aves
locust3,Locustfinch,aves
wetsab1,Wedge-tailed Sabrewing,aves
rufsab1,Rufous Sabrewing,aves
brgdov1,Bronze Ground Dove,aves
pagdov1,Palau Ground Dove,aves
pogdov1,Polynesian Ground Dove,aves
tangrd1,Tanna Ground Dove,aves
wegdov1,Wetar Ground Dove,aves
wbgdov1,White-bibbed Ground Dove,aves
cigdov1,Caroline Islands Ground Dove,aves
norgrd1,Norfolk Ground Dove,aves
margrd1,Marquesan Ground Dove,aves
tbgdov1,Thick-billed Ground Dove,aves
scgdov1,Santa Cruz Ground Dove,aves
frgdov1,Shy Ground Dove,aves
wtgdov1,White-throated Ground Dove,aves
43578,Bonobo,mammalia
43577,Chimpanzee,mammalia
osprey,Osprey,aves
fithum1,Fiery-throated Hummingbird,aves
41964,Lion,mammalia
41970,Jaguar,mammalia
41963,Leopard,mammalia
41967,Tiger,mammalia
74831,Snow Leopard,mammalia
bearee1,Bearded Reedling,aves
lstswi1,Lesser Swallow-tailed Swift,aves
gstswi1,Great Swallow-tailed Swift,aves
abbboo2,Abbott's Booby,aves
74832,Olive Baboon,mammalia
67683,Yellow Baboon,mammalia
74833,Guinea Baboon,mammalia
57556,Chacma Baboon,mammalia
476523,Australian Wood Frog,amphibia
476480,Papurana elberti,amphibia
whrhaw1,White-rumped Hawk,aves
hrshaw,Harris's Hawk,aves
pwgdov1,Purple-winged Ground Dove,aves
mcgdov1,Maroon-chested Ground Dove,aves
25302,Haswell's Froglet,amphibia
41937,Selous' Mongoose,mammalia
205335,Central Texas Leaf-Katydid,insecta
shtpar1,Short-tailed Paradigalla,aves
lotpar1,Long-tailed Paradigalla,aves
gbopar2,Greater Bird-of-Paradise,aves
gbopar1,Goldie's Bird-of-Paradise,aves
ebopar1,Emperor Bird-of-Paradise,aves
lbopar1,Lesser Bird-of-Paradise,aves
rbopar1,Raggiana Bird-of-Paradise,aves
rbopar2,Red Bird-of-Paradise,aves
bbopar1,Blue Bird-of-Paradise,aves
grepar1,Great Parrotbill,aves
ruhpar2,Rufous-headed Parrotbill,aves
blbpar2,Black-breasted Parrotbill,aves
gyhpar3,Gray-headed Parrotbill,aves
spbpar1,Spot-breasted Parrotbill,aves
reepar3,Reed Parrotbill,aves
bkhpar1,Black-headed Parrotbill,aves
thtpar1,Three-toed Parrotbill,aves
ruhpar3,White-breasted Parrotbill,aves
bropar1,Brown Parrotbill,aves
925714,Northern Palm Civet,mammalia
854000,Southern Palm Civet,mammalia
1127568,Kenya Coast Galago,mammalia
lesmoo1,Lesser Moorhen,aves
1349846,Paragryllus rex,insecta
500648,Brown Hyaena,mammalia
creber2,Eastern Crested Berrypecker,aves
creber3,Western Crested Berrypecker,aves
47049,Hairy-tailed Mole,mammalia
183164,Canyon Bat,mammalia
46109,Alexander's Bush Squirrel,mammalia
46114,Boehm's Bush Squirrel,mammalia
46110,Smith's Bush Squirrel,mammalia
46116,Ochre Bush Squirrel,mammalia
46113,Red Bush Squirrel,mammalia
whcyuh1,White-collared Yuhina,aves
spopar1,Spotted Pardalote,aves
fospar1,Forty-spotted Pardalote,aves
rebpar6,Red-browed Pardalote,aves
strpar1,Striated Pardalote,aves
brewoo1,Brown-eared Woodpecker,aves
buswoo1,Buff-spotted Woodpecker,aves
sporai,Spotted Rail,aves
blarai1,Blackish Rail,aves
plurai1,Plumbeous Rail,aves
yesgro2,Yellow-shouldered Grosbeak,aves
louwat,Louisiana Waterthrush,aves
norwat,Northern Waterthrush,aves
jamant1,Jameson's Antpecker,aves
refant1,Red-fronted Antpecker,aves
wooant1,Woodhouse's Antpecker,aves
crfcar1,Crimson-fronted Cardinal,aves
yebcar,Yellow-billed Cardinal,aves
reccar,Red-crested Cardinal,aves
reccar2,Red-cowled Cardinal,aves
reccar4,Red-capped Cardinal,aves
reccar3,Masked Cardinal,aves
kakawa,Kakawahie,aves
oahala,Oahu Alauahio,aves
mauala,Maui Alauahio,aves
carpar3,Bronze Parotia,aves
carpar1,Carola's Parotia,aves
lawpar2,Eastern Parotia,aves
lawpar3,Lawes's Parotia,aves
wespar1,Western Parotia,aves
wahpar1,Wahnes's Parotia,aves
gretit2,Asian Tit,aves
gretit1,Great Tit,aves
grbtit1,Green-backed Tit,aves
saxspa1,Saxaul Sparrow,aves
somspa1,Somali Sparrow,aves
russpa2,Russet Sparrow,aves
korspa1,Kordofan Rufous Sparrow,aves
sghspa2,Southern Gray-headed Sparrow,aves
houspa,House Sparrow,aves
chespa1,Chestnut Sparrow,aves
argspa2,Arabian Golden Sparrow,aves
plbspa1,Plain-backed Sparrow,aves
pabspa1,Parrot-billed Sparrow,aves
gyhspa1,Northern Gray-headed Sparrow,aves
aakspa1,Abd al Kuri Sparrow,aves
spaspa1,Spanish Sparrow,aves
cavspa1,Cape Verde Sparrow,aves
socspa1,Socotra Sparrow,aves
itaspa1,Italian Sparrow,aves
sugspa1,Sudan Golden Sparrow,aves
capspa1,Cape Sparrow,aves
desspa1,Dead Sea Sparrow,aves
eutspa,Eurasian Tree Sparrow,aves
grrspa1,Great Rufous Sparrow,aves
sinspa1,Sind Sparrow,aves
kerspa2,Kenya Rufous Sparrow,aves
shrspa1,Shelley's Rufous Sparrow,aves
desspa3,Desert Sparrow,aves
swaspa1,Swahili Sparrow,aves
swaspa2,Swainson's Sparrow,aves
desspa4,Zarudny's Sparrow,aves
savspa,Savannah Sparrow,aves
foxspa,Fox Sparrow,aves
lazbun,Lazuli Bunting,aves
blugrb1,Blue Grosbeak,aves
paibun,Painted Bunting,aves
indbun,Indigo Bunting,aves
orbbun1,Orange-breasted Bunting,aves
robbun1,Rose-bellied Bunting,aves
varbun,Varied Bunting,aves
rossta2,Rosy Starling,aves
chipig2,Chilean Pigeon,aves
ritpig,Ring-tailed Pigeon,aves
pavpig2,Pale-vented Pigeon,aves
baepig2,Bare-eyed Pigeon,aves
batpig1,Band-tailed Pigeon,aves
rebpig1,Red-billed Pigeon,aves
duspig2,Dusky Pigeon,aves
plapig,Plain Pigeon,aves
whcpig2,White-crowned Pigeon,aves
spwpig3,Spot-winged Pigeon,aves
shbpig,Short-billed Pigeon,aves
perpig2,Peruvian Pigeon,aves
picpig2,Picazuro Pigeon,aves
plupig2,Plumbeous Pigeon,aves
scapig2,Scaled Pigeon,aves
scnpig1,Scaly-naped Pigeon,aves
rudpig,Ruddy Pigeon,aves
giahum1,Giant Hummingbird,aves
1154493,Flinders Squawker,insecta
1397832,Oven Squawker,insecta
905991,Slender Squawker,insecta
1098070,Large Mallee Squawker,insecta
424999,Alarm Clock Squawker,insecta
horcur2,Sira Curassow,aves
helcur1,Helmeted Curassow,aves
horcur3,Horned Curassow,aves
compea,Indian Peafowl,aves
grepea1,Green Peafowl,aves
42113,Collared Peccary,mammalia
43832,Speke's Gundi,mammalia
plawan1,Plains-wanderer,aves
453109,Fisher,mammalia
wfspet,White-faced Storm-Petrel,aves
bnwkin1,Brown-winged Kingfisher,aves
stbkin1,Stork-billed Kingfisher,aves
blbkin1,Great-billed Kingfisher,aves
42336,Grey Rhebok,mammalia
pedpet1,Peruvian Diving-Petrel,aves
sgdpet1,South Georgia Diving-Petrel,aves
madpet1,Magellanic Diving-Petrel,aves
codpet1,Common Diving-Petrel,aves
auspel1,Australian Pelican,aves
dalpel1,Dalmatian Pelican,aves
amwpel,American White Pelican,aves
brnpel,Brown Pelican,aves
grwpel1,Great White Pelican,aves
spbpel1,Spot-billed Pelican,aves
pibpel1,Pink-backed Pelican,aves
perpel1,Peruvian Pelican,aves
forfra2,Latham's Francolin,aves
sptbab1,Spot-throated Babbler,aves
ferbab1,Ferruginous Babbler,aves
sumbab1,Sumatran Babbler,aves
bbcbab1,Bornean Black-capped Babbler,aves
bkcbab2,Javan Black-capped Babbler,aves
sulbab1,Sulawesi Babbler,aves
ashbab1,Ashy-headed Babbler,aves
bncbab1,Brown-capped Babbler,aves
shtbab1,Short-tailed Babbler,aves
bkcbab1,Malayan Black-capped Babbler,aves
marbab2,Marsh Babbler,aves
tembab1,Temminck's Babbler,aves
whcbab1,White-chested Babbler,aves
putbab1,Puff-throated Babbler,aves
bubbab1,Buff-breasted Babbler,aves
25312,Common Spadefoot,amphibia
1633145,Green Tree Frog,amphibia
548416,Lusitanian Parsley Frog,amphibia
25316,Iberian parsley frog,amphibia
548418,Common Parsley Frog,amphibia
66318,Golden Pond Frog,amphibia
66321,Epirus Water Frog,amphibia
66322,Edible Frog,amphibia
1558164,Pool Frog,amphibia
1402618,Yellow River Frog,amphibia
66330,Black-spotted Frog,amphibia
66331,Iberian Green Frog,amphibia
66332,Eastern Golden Frog,amphibia
66333,Daruma Pond Frog,amphibia
1319807,Marsh Frog,amphibia
66335,Sahara Frog,amphibia
inldot2,Inland Dotterel,aves
lowpel1,Lowland Peltops,aves
moupel1,Mountain Peltops,aves
whwgua1,White-winged Guan,aves
batgua1,Band-tailed Guan,aves
beagua1,Bearded Guan,aves
dulgua3,Yungas Guan,aves
refgua1,Red-faced Guan,aves
spigua1,Spix's Guan,aves
whbgua1,White-browed Guan,aves
margua1,Marail Guan,aves
andgua1,Andean Guan,aves
dulgua1,Dusky-legged Guan,aves
chbgua1,Chestnut-bellied Guan,aves
baugua1,Baudo Guan,aves
caugua1,Cauca Guan,aves
whcgua1,White-crested Guan,aves
cregua1,Crested Guan,aves
rumgua1,Rusty-margined Guan,aves
minhor1,Mindanao Hornbill,aves
luzhor1,Luzon Hornbill,aves
minhor2,Mindoro Hornbill,aves
tarhor1,Visayan Hornbill,aves
samhor1,Samar Hornbill,aves
higgua1,Highland Guan,aves
1633155,Peron's Tree Frog,amphibia
1658294,Western Laughing Tree Frog,amphibia
1633156,Northern Laughing Tree Frog,amphibia
1633158,Tyler's Laughing Tree Frog,amphibia
43306,Long-nosed Bandicoot,mammalia
allant1,Allpahuayo Antbird,aves
blhant3,Black-headed Antbird,aves
robqua1,Rock Bush-Quail,aves
jubqua1,Jungle Bush-Quail,aves
pabqua1,Painted Bush-Quail,aves
mabqua1,Manipur Bush-Quail,aves
daupar1,Daurian Partridge,aves
tibpar1,Tibetan Partridge,aves
grypar,Gray Partridge,aves
whbmin2,Jerdon's Minivet,aves
shbmin2,Short-billed Minivet,aves
brrmin1,Brown-rumped Minivet,aves
smamin1,Small Minivet,aves
ashmin1,Ashy Minivet,aves
whbmin3,White-bellied Minivet,aves
lotmin1,Long-tailed Minivet,aves
scamin3,Orange Minivet,aves
fiemin1,Fiery Minivet,aves
flomin1,Flores Minivet,aves
sunmin1,Sunda Minivet,aves
rosmin1,Rosy Minivet,aves
gycmin1,Gray-chinned Minivet,aves
scamin1,Scarlet Minivet,aves
ryumin1,Ryukyu Minivet,aves
183166,Tricolored Bat,mammalia
paltit2,Palawan Tit,aves
coatit2,Coal Tit,aves
eletit2,Elegant Tit,aves
ruvtit2,Rufous-vented Tit,aves
bkbtit2,Rufous-naped Tit,aves
yebtit4,Yellow-bellied Tit,aves
crcgro,Crimson-collared Grosbeak,aves
rabgro1,Red-and-black Grosbeak,aves
gryjay,Canada Jay,aves
sibjay1,Siberian Jay,aves
sicjay1,Sichuan Jay,aves
capuch1,Capuchinbird,aves
euhbuz1,European Honey-buzzard,aves
barhob1,Sulawesi Honey-buzzard,aves
orihob2,Oriental Honey-buzzard,aves
barhob2,Philippine Honey-buzzard,aves
44416,Cotton Mouse,mammalia
44395,White-footed Mouse,mammalia
44396,Eastern Deermouse,mammalia
1431239,Western Deer Mouse,mammalia
41349,Greater Dog-like Bat,mammalia
41348,Lesser Dog-like Bat,mammalia
74859,Trinidad Dog-like Bat,mammalia
1032549,White-bellied Giant Flying Squirrel,mammalia
1279886,Taiwan Giant Flying Squirrel,mammalia
1279890,Taiwan Red-and-white Giant Flying Squirrel,mammalia
45982,Red Giant Flying Squirrel,mammalia
45984,Common Giant Flying Squirrel,mammalia
42783,Greater Glider,mammalia
42729,Yellow-bellied Glider,mammalia
1472419,Sugar Glider,mammalia
42722,Squirrel Glider,mammalia
1118599,Krefft's Glider,mammalia
faimar2,Fairy Martin,aves
sttswa2,Streak-throated Swallow,aves
cavswa,Cave Swallow,aves
tremar2,Tree Martin,aves
resswa2,Red Sea Swallow,aves
preswa2,Preuss's Swallow,aves
cliswa,Cliff Swallow,aves
retswa2,Red-throated Swallow,aves
chcswa2,Chestnut-collared Swallow,aves
soaswa2,South African Swallow,aves
42931,Yellow-footed Rock Wallaby,mammalia
snmrob1,Snow Mountain Robin,aves
nezrob3,South Island Robin,aves
alprob1,Subalpine Robin,aves
scarob2,Scarlet Robin,aves
recrob1,Red-capped Robin,aves
nezrob2,North Island Robin,aves
tomtit1,Tomtit,aves
pacrob2,Norfolk Robin,aves
flarob1,Flame Robin,aves
pacrob3,Solomons Robin,aves
pacrob1,Pacific Robin,aves
pinrob1,Pink Robin,aves
rosrob1,Rose Robin,aves
charob1,Black Robin,aves
rocpet1,Rock Sparrow,aves
wqrpig1,White-quilled Rock-Pigeon,aves
cqrpig1,Chestnut-quilled Rock-Pigeon,aves
bacspa,Bachman's Sparrow,aves
botspa,Botteri's Sparrow,aves
ruwspa,Rufous-winged Sparrow,aves
casspa,Cassin's Sparrow,aves
blcspa1,Black-chested Sparrow,aves
brispa1,Bridled Sparrow,aves
sthspa1,Stripe-headed Sparrow,aves
citspa1,Cinnamon-tailed Sparrow,aves
oliwar,Olive Warbler,aves
laffin1,Large-footed Finch,aves
rodsol2,Rodrigues Solitaire,aves
nigpar2,Night Parrot,aves
gropar1,Ground Parrot,aves
chbtho1,Chestnut-backed Thornbird,aves
oretho1,Orange-eyed Thornbird,aves
orbtho1,Orange-breasted Thornbird,aves
ruftho3,Plain Thornbird,aves
spbtho1,Spot-breasted Thornbird,aves
gretho2,Greater Thornbird,aves
ruftho1,Rufous-fronted Thornbird,aves
littho1,Little Thornbird,aves
stftho1,Streak-fronted Thornbird,aves
frbtho1,Freckle-breasted Thornbird,aves
chbmal4,Chestnut-breasted Malkoha,aves
blbmal1,Black-bellied Malkoha,aves
chbmal3,Mentawai Malkoha,aves
refmal1,Red-faced Malkoha,aves
chbmal1,Chestnut-bellied Malkoha,aves
grbmal1,Green-billed Malkoha,aves
blfmal1,Blue-faced Malkoha,aves
bcptan1,Black-crowned Palm-Tanager,aves
gcptan1,Gray-crowned Palm-Tanager,aves
oceant1,Ocellated Antbird,aves
scbhum1,Scaly-breasted Hummingbird,aves
dushum1,Dusky Hummingbird,aves
rebtro,Red-billed Tropicbird,aves
whttro,White-tailed Tropicbird,aves
rettro,Red-tailed Tropicbird,aves
lither3,Tapajos Hermit,aves
pabher1,Pale-bellied Hermit,aves
bkther1,Black-throated Hermit,aves
socher1,Sooty-capped Hermit,aves
stbher1,Straight-billed Hermit,aves
scther1,Scale-throated Hermit,aves
gycher1,Gray-chinned Hermit,aves
greher1,Green Hermit,aves
whbher1,White-bearded Hermit,aves
minher1,Minute Hermit,aves
koeher1,Koepcke's Hermit,aves
lobher,Long-billed Hermit,aves
lither2,Little Hermit,aves
grbher1,Great-billed Hermit,aves
mexher1,Mexican Hermit,aves
cither1,Cinnamon-throated Hermit,aves
nebher1,Needle-billed Hermit,aves
plaher1,Planalto Hermit,aves
redher1,Reddish Hermit,aves
stther1,Streak-throated Hermit,aves
duther1,Dusky-throated Hermit,aves
stther2,Stripe-throated Hermit,aves
whbher3,White-browed Hermit,aves
bubher1,Buff-bellied Hermit,aves
lother1,Long-tailed Hermit,aves
tabher1,Tawny-bellied Hermit,aves
whwher1,White-whiskered Hermit,aves
labter1,Large-billed Tern,aves
phaino,Phainopepla,aves
bayfly1,Black-and-yellow Silky-flycatcher,aves
capcor1,Cape Cormorant,aves
japcor1,Japanese Cormorant,aves
grecor,Great Cormorant,aves
piisha1,Pitt Island Shag,aves
blfcor1,Black-faced Cormorant,aves
indcor1,Indian Cormorant,aves
bancor1,Bank Cormorant,aves
soccor1,Socotra Cormorant,aves
sposha1,Spotted Shag,aves
libcor1,Little Black Cormorant,aves
piecor1,Pied Cormorant,aves
compoo,Common Poorwill,aves
42838,Southern Common Cuscus,mammalia
redpha1,Red Phalarope,aves
renpha,Red-necked Phalarope,aves
wilpha,Wilson's Phalarope,aves
74862,Montagne D’Ambre Fork-marked Lemur,mammalia
74863,Pale Fork-marked Lemur,mammalia
141737,Sickle-bearing Bush-cricket,insecta
132070,Mediterranean Katydid,insecta
amedov1,Amethyst Brown-Dove,aves
daedov2,Mindanao Brown-Dove,aves
daedov3,Tawitawi Brown-Dove,aves
whedov1,White-eared Brown-Dove,aves
combro1,Common Bronzewing,aves
brubro1,Brush Bronzewing,aves
flobro1,Flock Bronzewing,aves
creque1,Crested Quetzal,aves
gohque1,Golden-headed Quetzal,aves
whtque1,White-tipped Quetzal,aves
resque1,Resplendent Quetzal,aves
pavque1,Pavonine Quetzal,aves
40179,Brush-tailed Phascogale,mammalia
42983,Koala,mammalia
rinphe1,Ring-necked Pheasant,aves
rinphe2,Green Pheasant,aves
masmar1,Mascarene Martin,aves
bramar1,Brazza's Martin,aves
diaplo1,Diademed Sandpiper-Plover,aves
whbfly1,White-bearded Flycatcher,aves
blbgro2,Black-backed Grosbeak,aves
gobgro1,Golden Grosbeak,aves
yelgro,Yellow Grosbeak,aves
robgro,Rose-breasted Grosbeak,aves
bkhgro,Black-headed Grosbeak,aves
bltgro1,Black-thighed Grosbeak,aves
bltwre1,Black-throated Wren,aves
corwre1,Coraya Wren,aves
incwre1,Inca Wren,aves
pltwre2,Plain-tailed Wren,aves
blbwre1,Black-bellied Wren,aves
hapwre1,Happy Wren,aves
mouwre2,Moustached Wren,aves
spbwre1,Spot-breasted Wren,aves
whiwre1,Whiskered Wren,aves
rubwre1,Rufous-breasted Wren,aves
pltwre3,Gray-browed Wren,aves
spbwre2,Speckle-breasted Wren,aves
sohwre1,Sooty-headed Wren,aves
swtcot1,Swallow-tailed Cotinga,aves
1490570,Northern Four-eyed Opossum,mammalia
whnfri1,White-naped Friarbird,aves
sicfri1,Silver-crowned Friarbird,aves
brafri1,Brass's Friarbird,aves
helfri1,Helmeted Friarbird,aves
litfri1,Little Friarbird,aves
nebfri1,New Britain Friarbird,aves
noifri1,Noisy Friarbird,aves
necfri1,New Caledonian Friarbird,aves
neifri1,New Ireland Friarbird,aves
dusfri1,Morotai Friarbird,aves
timfri1,Timor Friarbird,aves
gryfri1,Gray Friarbird,aves
meyfri1,Meyer's Friarbird,aves
bkffri1,Buru Friarbird,aves
bkffri2,Tanimbar Friarbird,aves
serfri1,Seram Friarbird,aves
ruwphi2,Rufous-winged Philentoma,aves
mabphi2,Maroon-breasted Philentoma,aves
velasi1,Velvet Asity,aves
schasi1,Schlegel's Asity,aves
saddle3,South Island Saddleback,aves
saddle2,North Island Saddleback,aves
socwea1,Sociable Weaver,aves
matwoo1,Magenta-throated Woodstar,aves
putwoo1,Purple-throated Woodstar,aves
leskis1,Lesser Kiskadee,aves
22058,Masked Mountain Frog,amphibia
1402638,Sphagnum Frog,amphibia
banqua1,Banded Quail,aves
bcfgle1,Black-capped Foliage-gleaner,aves
alfgle1,Alagoas Foliage-gleaner,aves
crfgle1,Cinnamon-rumped Foliage-gleaner,aves
bafibi1,Bare-faced Ibis,aves
pafant1,Pale-faced Bare-eye,aves
rwbeye1,Reddish-winged Bare-eye,aves
bsbeye1,Black-spotted Bare-eye,aves
wrlrus1,Wren-like Rushbird,aves
perpie1,Peruvian Piedtail,aves
ecupie1,Ecuadorian Piedtail,aves
41708,Harbor Seal,mammalia
srlbao1,Sri Lanka Bay-Owl,aves
orbowl1,Oriental Bay-Owl,aves
shtalb,Short-tailed Albatross,aves
layalb,Laysan Albatross,aves
wavalb,Waved Albatross,aves
bkfalb,Black-footed Albatross,aves
sooalb1,Sooty Albatross,aves
limalb1,Light-mantled Albatross,aves
gurcot1,Guianan Red-Cotinga,aves
bnrcot1,Black-necked Red-Cotinga,aves
lesfla1,Lesser Flamingo,aves
andfla2,Andean Flamingo,aves
jamfla1,James's Flamingo,aves
chifla1,Chilean Flamingo,aves
grefla3,Greater Flamingo,aves
grefla2,American Flamingo,aves
whhwoo1,White-headed Woodhoopoe,aves
viowoo1,Violet Woodhoopoe,aves
grewoo2,Green Woodhoopoe,aves
blbwoo2,Black-billed Woodhoopoe,aves
alsred1,Ala Shan Redstart,aves
daured1,Daurian Redstart,aves
luzred1,Luzon Redstart,aves
bucred1,Blue-capped Redstart,aves
whwred2,White-winged Redstart,aves
rubred2,Rufous-backed Redstart,aves
blfred1,Blue-fronted Redstart,aves
plured1,Plumbeous Redstart,aves
hodred1,Hodgson's Redstart,aves
whcred1,White-capped Redstart,aves
moured1,Moussier's Redstart,aves
blared1,Black Redstart,aves
comred2,Common Redstart,aves
whtred1,White-throated Redstart,aves
shasta2,Sharpe's Starling,aves
332407,Alpine Dark Bush-cricket,insecta
55359,Dark Bush-cricket,insecta
tithyl1,Tit-hylia,aves
cubgra,Cuban Grassquit,aves
truman1,Trumpet Manucode,aves
nampri1,Namaqua Warbler,aves
bhsfin1,Black-hooded Sierra Finch,aves
gyhsif1,Gray-hooded Sierra Finch,aves
pasfin1,Patagonian Sierra Finch,aves
pesfin1,Peruvian Sierra Finch,aves
134958,Ahl's River Frog,amphibia
25369,Mababe puddle frog,amphibia
25383,Natal Puddle Frog,amphibia
25350,Phrynobatrachus stewartae,amphibia
25340,Tokba River Frog,amphibia
24899,Red-Banded Rubber Frog,amphibia
whchon2,White-cheeked Honeyeater,aves
nehhon2,New Holland Honeyeater,aves
crehon2,Crescent Honeyeater,aves
rufpot1,Rufous Potoo,aves
usabul1,Usambara Greenbul,aves
whtgre1,White-throated Greenbul,aves
baugre1,Baumann's Greenbul,aves
cabgre1,Cabanis's Greenbul,aves
gyogre1,Gray-olive Greenbul,aves
tingre1,Tiny Greenbul,aves
fisgre1,Fischer's Greenbul,aves
yesbul1,Yellow-streaked Greenbul,aves
paogre1,Pale-olive Greenbul,aves
toogre1,Toro Olive-Greenbul,aves
ictgre1,Icterine Greenbul,aves
sasgre1,Sassi's Greenbul,aves
caogre1,Cameroon Olive-Greenbul,aves
gyhgre1,Gray-headed Greenbul,aves
leaflo1,Leaf-love,aves
norbro1,Northern Brownbul,aves
terbro1,Terrestrial Brownbul,aves
whtgre4,Angola Greenbul,aves
xavgre1,Xavier's Greenbul,aves
moutai2,Mountain Tailorbird,aves
ruhtai2,Rufous-headed Tailorbird,aves
bubwar2,Buff-bellied Warbler,aves
23735,Sao Paulo Leaf Frog,amphibia
platyr2,Planalto Tyrannulet,aves
sohtyr1,Sooty-headed Tyrannulet,aves
gyctyr1,Gray-capped Tyrannulet,aves
plctyr1,Plumbeous-crowned Tyrannulet,aves
reityr1,Reiser's Tyrannulet,aves
scltyr1,Sclater's Tyrannulet,aves
urityr1,Urich's Tyrannulet,aves
gretyr1,Greenish Tyrannulet,aves
yuntyr1,Yungas Tyrannulet,aves
84403,Red-headed Bush Cricket,insecta
bahtyr1,Bahia Tyrannulet,aves
alatyr1,Alagoas Tyrannulet,aves
rultyr1,Rufous-lored Tyrannulet,aves
yegtyr1,Yellow-green Tyrannulet,aves
ecutyr1,Ecuadorian Tyrannulet,aves
restyr1,Restinga Tyrannulet,aves
blftyr1,Black-fronted Tyrannulet,aves
oustyr1,Oustalet's Tyrannulet,aves
ciftyr1,Cinnamon-faced Tyrannulet,aves
migtyr1,Minas Gerais Tyrannulet,aves
rubtyr1,Rufous-browed Tyrannulet,aves
bartyr1,Bay-ringed Tyrannulet,aves
moctyr2,Mottle-cheeked Tyrannulet,aves
olgtyr1,Olive-green Tyrannulet,aves
y00989,Tickell's Leaf Warbler,aves
kullew1,Kolombangara Leaf Warbler,aves
yeswar1,Yellow-streaked Warbler,aves
webwar1,Western Bonelli's Warbler,aves
arcwar1,Arctic Warbler,aves
salwar1,Sakhalin Leaf Warbler,aves
ugawow1,Uganda Woodland-Warbler,aves
goswar1,Green-crowned Warbler,aves
limlew1,Limestone Leaf Warbler,aves
caichi1,Canary Islands Chiffchaff,aves
yevwar1,Yellow-vented Warbler,aves
chcwar2,Chestnut-crowned Warbler,aves
letwar1,Lemon-throated Leaf Warbler,aves
parwar1,Lemon-rumped Warbler,aves
clalew1,Claudia's Leaf Warbler,aves
comchi1,Common Chiffchaff,aves
eacwar1,Eastern Crowned Warbler,aves
emlwar1,Emei Leaf Warbler,aves
arcwar2,Kamchatka Leaf Warbler,aves
siclew1,Sichuan Leaf Warbler,aves
smowar1,Smoky Warbler,aves
duswar,Dusky Warbler,aves
harlew1,Hartert's Leaf Warbler,aves
sunwar1,Sunda Warbler,aves
subwar2,Sulphur-bellied Warbler,aves
halwar1,Hainan Leaf Warbler,aves
bcwwar1,Black-capped Woodland-Warbler,aves
humwar1,Hume's Warbler,aves
ibechi2,Iberian Chiffchaff,aves
ijlwar1,Ijima's Leaf Warbler,aves
yebwar3,Yellow-browed Warbler,aves
davlew1,Davison's Leaf Warbler,aves
whswar1,White-spectacled Warbler,aves
ganlew1,Gansu Leaf Warbler,aves
rfwwar1,Red-faced Woodland-Warbler,aves
lauwow1,Laura's Woodland-Warbler,aves
astwar2,Ashy-throated Warbler,aves
isllew9,Numfor Leaf Warbler,aves
lblwar1,Large-billed Leaf Warbler,aves
sclwar1,Makira Leaf Warbler,aves
isllew10,Biak Leaf Warbler,aves
yebwar2,Yellow-breasted Warbler,aves
pllwar2,Plain Leaf Warbler,aves
sulwar1,Sulawesi Leaf Warbler,aves
mouwar4,Negros Leaf Warbler,aves
grnwar1,Green Warbler,aves
weclew1,Western Crowned Warbler,aves
klolew1,Kloss's Leaf Warbler,aves
phlwar1,Philippine Leaf Warbler,aves
marwar4,Martens's Warbler,aves
eabwar1,Eastern Bonelli's Warbler,aves
grewar2,Two-barred Warbler,aves
islwar1,Island Leaf Warbler,aves
gycwar2,Gray-cheeked Warbler,aves
tilwar2,Timor Leaf Warbler,aves
palwar5,Pallas's Leaf Warbler,aves
bubwar1,Buff-barred Warbler,aves
blylew1,Blyth's Leaf Warbler,aves
subwar3,Sulphur-breasted Warbler,aves
rolwar1,Rote Leaf Warbler,aves
yetwow1,Yellow-throated Woodland-Warbler,aves
sulwar3,Lompobattang Leaf Warbler,aves
radwar1,Radde's Warbler,aves
woowar,Wood Warbler,aves
mouchi2,Mountain Chiffchaff,aves
pltwar1,Alström's Warbler,aves
butwar1,Buff-throated Warbler,aves
brlwar1,Brooks's Leaf Warbler,aves
pllwar1,Pale-legged Leaf Warbler,aves
gycwar1,Gray-crowned Warbler,aves
mouwar2,Mountain Leaf Warbler,aves
grewar3,Greenish Warbler,aves
wlwwar,Willow Warbler,aves
tylwar1,Tytler's Leaf Warbler,aves
brwwar1,Brown Woodland-Warbler,aves
biawar1,Bianchi's Warbler,aves
whiwar2,Whistler's Warbler,aves
arcwar3,Japanese Leaf Warbler,aves
gyhwar2,Gray-hooded Warbler,aves
chilew1,Chinese Leaf Warbler,aves
41078,Greater Spear-nosed Bat,mammalia
23154,Bahia Dwarf Frog,amphibia
23158,Pale-legged Weeping Frog,amphibia
326272,Weeping Frog,amphibia
23144,Cuvier’s Foam Frog,amphibia
23152,Whistling Dwarf Frog,amphibia
23124,Graceful Dwarf Frog,amphibia
23134,Sorocaba Dwarf Frog,amphibia
23126,Santa Catharina Dwarf Frog,amphibia
23132,Atlantic Forest Dwarf Frog,amphibia
23136,Rio Grande Dwarf Frog,amphibia
708754,Dune Ticker Cicada,insecta
74890,Sperm Whale,mammalia
perpla1,Peruvian Plantcutter,aves
rutpla1,Rufous-tailed Plantcutter,aves
whtpla1,White-tipped Plantcutter,aves
squcuc1,Common Squirrel-Cuckoo,aves
blbcuc1,Black-bellied Cuckoo,aves
squcuc2,Mexican Squirrel-Cuckoo,aves
eurmag5,Asir Magpie,aves
eurmag6,Black-rumped Magpie,aves
bkbmag1,Black-billed Magpie,aves
eurmag3,Maghreb Magpie,aves
yebmag,Yellow-billed Magpie,aves
eurmag1,Eurasian Magpie,aves
orimag1,Oriental Magpie,aves
whnroc1,White-necked Rockfowl,aves
gynroc1,Gray-necked Rockfowl,aves
bkbwoo,Black-backed Woodpecker,aves
attwoo1,American Three-toed Woodpecker,aves
ettwoo1,Eurasian Three-toed Woodpecker,aves
1360980,Ambitious Ground Cricket,insecta
1483621,Flatwoods Ground Cricket,insecta
whbwoo7,White-browed Woodpecker,aves
stcwoo1,Stripe-cheeked Woodpecker,aves
gogwoo1,Golden-green Woodpecker,aves
yetwoo1,Yellow-throated Woodpecker,aves
whtwoo2,White-throated Woodpecker,aves
litwoo1,Lita Woodpecker,aves
ruwwoo1,Rufous-winged Woodpecker,aves
whwpic1,White-wedged Piculet,aves
babpic1,Bar-breasted Piculet,aves
plbpic1,Plain-breasted Piculet,aves
chepic1,Chestnut Piculet,aves
whbpic1,White-barred Piculet,aves
ocepic2,Ocellated Piculet,aves
gospic1,Golden-spangled Piculet,aves
runpic1,Rusty-necked Piculet,aves
grapic1,Grayish Piculet,aves
spepic1,Speckled Piculet,aves
lafpic1,Lafresnaye's Piculet,aves
ochpic1,Ochraceous Piculet,aves
arrpic1,Arrowhead Piculet,aves
motpic1,Mottled Piculet,aves
olipic1,Olivaceous Piculet,aves
oripic1,Orinoco Piculet,aves
spopic1,Spotted Piculet,aves
rubpic1,Rufous-breasted Piculet,aves
ecupic1,Ecuadorian Piculet,aves
whbpic2,White-bellied Piculet,aves
scapic1,Scaled Piculet,aves
spcpic1,Speckle-chested Piculet,aves
fibpic1,Fine-barred Piculet,aves
occpic1,Ochre-collared Piculet,aves
varpic1,Varzea Piculet,aves
japwoo1,Japanese Woodpecker,aves
gyfwoo1,Gray-headed Woodpecker,aves
lesyel1,Lesser Yellownape,aves
blhwoo1,Black-headed Woodpecker,aves
crwwoo1,Crimson-winged Woodpecker,aves
recwoo2,Red-collared Woodpecker,aves
grnwoo3,Iberian Green Woodpecker,aves
scbwoo1,Scaly-bellied Woodpecker,aves
levwoo1,Levaillant's Woodpecker,aves
stbwoo3,Streak-breasted Woodpecker,aves
eugwoo2,Eurasian Green Woodpecker,aves
lacwoo1,Laced Woodpecker,aves
sttwoo1,Streak-throated Woodpecker,aves
cinfin1,Cinereous Finch,aves
capher1,Capped Heron,aves
326023,Udzungwa Red Colobus,mammalia
moocha1,Moorland Chat,aves
rurlar1,Rufous-rumped Lark,aves
duslar1,Dusky Lark,aves
cocfin1,Cocos Finch,aves
boucha1,Boulder Chat,aves
greauk,Great Auk,aves
pingro,Pine Grosbeak,aves
whbpar1,White-bellied Parrot,aves
blhpar4,Black-headed Parrot,aves
recpar3,Pileated Parrot,aves
brwpar1,Bronze-winged Parrot,aves
duspar1,Dusky Parrot,aves
schpar1,Scaly-headed Parrot,aves
blhpar1,Blue-headed Parrot,aves
whcpar,White-crowned Parrot,aves
rebpar2,Red-billed Parrot,aves
spfpar1,Speckle-faced Parrot,aves
rtpgua1,Red-throated Piping-Guan,aves
butpig1,Blue-throated Piping-Guan,aves
butpig2,White-throated Piping-Guan,aves
bfpgua1,Black-fronted Piping-Guan,aves
trpgua1,Trinidad Piping-Guan,aves
gnttow,Green-tailed Towhee,aves
eastow,Eastern Towhee,aves
spotow,Spotted Towhee,aves
bertow1,Bermuda Towhee,aves
coltow1,Collared Towhee,aves
74892,Japanese Pipistrelle,mammalia
40384,Javan pipistrelle,mammalia
40383,Kuhl's pipistrelle,mammalia
40376,Madeira pipistrelle,mammalia
40391,Nathusius' Pipistrelle,mammalia
40364,Common Pipistrelle,mammalia
74908,Soprano Pipistrelle,mammalia
40394,least pipistrelle,mammalia
crhman1,Crimson-hooded Manakin,aves
batman1,Band-tailed Manakin,aves
witman2,Wire-tailed Manakin,aves
fabtan1,Fawn-breasted Tanager,aves
barfru1,Barred Fruiteater,aves
gobfru1,Golden-breasted Fruiteater,aves
fitfru1,Fiery-throated Fruiteater,aves
hanfru1,Handsome Fruiteater,aves
scbfru1,Scarlet-breasted Fruiteater,aves
batfru1,Band-tailed Fruiteater,aves
orbfru1,Orange-breasted Fruiteater,aves
blcfru1,Black-chested Fruiteater,aves
masfru1,Masked Fruiteater,aves
gabfru1,Green-and-black Fruiteater,aves
rebfru1,Red-banded Fruiteater,aves
wibpip1,Wing-barred Piprites,aves
grhpip1,Gray-headed Piprites,aves
bkcpip1,Black-capped Piprites,aves
flctan,Flame-colored Tanager,aves
rehtan1,Red-headed Tanager,aves
heptan,Hepatic Tanager,aves
whwtan1,White-winged Tanager,aves
westan,Western Tanager,aves
scatan,Scarlet Tanager,aves
rottan1,Rose-throated Tanager,aves
sumtan,Summer Tanager,aves
rehtan2,Red-hooded Tanager,aves
grekis,Great Kiskadee,aves
519428,Golden-faced Saki,mammalia
855277,Gray's Bald-faced Saki,mammalia
500655,Miller's Saki,mammalia
852369,Monk Saki,mammalia
815948,Napo Saki,mammalia
grpeag1,Philippine Eagle,aves
whpant1,White-plumed Antbird,aves
whmant2,White-masked Antbird,aves
varpit4,Raja Ampat Pitohui,aves
hoopit1,Hooded Pitohui,aves
varpit2,Northern Variable Pitohui,aves
varpit3,Southern Variable Pitohui,aves
hoopit4,Nicobar Hooded Pitta,aves
blfpit1,Black-faced Pitta,aves
afrpit1,African Pitta,aves
indpit1,Indian Pitta,aves
elepit2,Ornate Pitta,aves
elepit7,Elegant Pitta,aves
hoopit8,Minahasa Hooded Pitta,aves
raipit1,Rainbow Pitta,aves
ivbpit1,Ivory-breasted Pitta,aves
manpit1,Mangrove Pitta,aves
blwpit1,Blue-winged Pitta,aves
eahpit1,Eastern Hooded Pitta,aves
faipit1,Fairy Pitta,aves
grbpit1,Green-breasted Pitta,aves
hoopit11,Biak Hooded Pitta,aves
wehpit1,Western Hooded Pitta,aves
azbpit1,Azure-breasted Pitta,aves
suppit1,Superb Pitta,aves
noipit1,Noisy Pitta,aves
elepit6,Banda Sea Pitta,aves
blcant1,Black-crowned Antpitta,aves
rucant3,Rufous-crowned Antpitta,aves
29044,Gopher Snake,reptilia
borbri1,Bornean Bristlehead,aves
1594925,Kaempfer Cicada,insecta
1594929,Planopleura takasagona,insecta
rosspo1,Roseate Spoonbill,aves
afrspo1,African Spoonbill,aves
yebspo1,Yellow-billed Spoonbill,aves
eurspo1,Eurasian Spoonbill,aves
blfspo1,Black-faced Spoonbill,aves
royspo1,Royal Spoonbill,aves
pahros1,Pale-headed Rosella,aves
greros2,Green Rosella,aves
criros2,Crimson Rosella,aves
easros1,Eastern Rosella,aves
wesros1,Western Rosella,aves
norros1,Northern Rosella,aves
325322,Tuberous Bush-cricket,insecta
362293,Grey Bush-cricket,insecta
520863,Falcate Grey Bush-cricket,insecta
906209,Eastern Grey Bush-cricket,insecta
513856,Intermediate Grey Bush-cricket,insecta
570621,Platycleis sabulosa,insecta
1232787,Platylomia strongata,insecta
crejay1,Crested Jayshrike,aves
356418,Minor Cicada,insecta
62049,Putnam's Cicada,insecta
1090003,Platypedia similis,insecta
1447719,Platypedia sylvesteri,insecta
447778,Platypedia vanduzeei,insecta
66479,Ornate Burrowing Frog,amphibia
1076668,Platypleura fulvigera,insecta
550609,Platypleura octoguttata,insecta
sttspa1,Stub-tailed Spadebill,aves
gocspa1,Golden-crowned Spadebill,aves
yetspa1,Yellow-throated Spadebill,aves
ruwspa1,Russet-winged Spadebill,aves
whtspa1,White-throated Spadebill,aves
whcspa1,White-crested Spadebill,aves
cicspa1,Cinnamon-crested Spadebill,aves
blkmag2,Bornean Black Magpie,aves
blkmag1,Malayan Black Magpie,aves
vegfin2,Vegetarian Finch,aves
wfweye1,White-fronted Wattle-eye,aves
rcweye1,Red-cheeked Wattle-eye,aves
bnweye1,Black-necked Wattle-eye,aves
ybweye1,Yellow-bellied Wattle-eye,aves
btweye2,Brown-throated Wattle-eye,aves
jaweye1,Jameson's Wattle-eye,aves
baweye1,Banded Wattle-eye,aves
btweye1,Black-throated Wattle-eye,aves
40416,Brown Big-eared Bat,mammalia
40415,Grey Long-eared Bat,mammalia
245958,Gaisler's long-eared bat,mammalia
245959,Kolombatovic's long-eared bat,mammalia
74927,Mountain Long-eared Bat,mammalia
74928,Ognev's Long-eared Bat,mammalia
strhon1,Striped Honeyeater,aves
mckbun,McKay's Bunting,aves
snobun,Snow Bunting,aves
spwgoo1,Spur-winged Goose,aves
738200,Madidi Titi,mammalia
926855,Brown Titi,mammalia
738186,Booted Titi,mammalia
738201,Red-bearded Titi,mammalia
738185,Coppery Titi,mammalia
738187,White-tailed Titi,mammalia
738182,Bolivian Gray Titi,mammalia
738192,Hoffmanns's Titi,mammalia
738189,Red-bellied Titi,mammalia
738178,Rio Mayo Titi,mammalia
738180,Ornate Titi,mammalia
738183,Pale Titi,mammalia
906741,Toppin's Titi,mammalia
whfibi,White-faced Ibis,aves
gloibi,Glossy Ibis,aves
punibi1,Puna Ibis,aves
bltrob1,Black-throated Robin,aves
23214,Chilean Four-eyed Frog,amphibia
jerbus2,Jerdon's Bushlark,aves
benbus1,Bengal Bushlark,aves
indbus3,Indochinese Bushlark,aves
indbus2,Indian Bushlark,aves
burbus1,Burmese Bushlark,aves
dsswea1,Donaldson Smith's Sparrow-Weaver,aves
wbswea1,White-browed Sparrow-Weaver,aves
cbswea1,Chestnut-backed Sparrow-Weaver,aves
ccswea1,Chestnut-crowned Sparrow-Weaver,aves
mabwea1,Maxwell's Black Weaver,aves
strwea1,Strange Weaver,aves
bawwea1,Bar-winged Weaver,aves
orawea1,Orange Weaver,aves
gonwea1,Golden-naped Weaver,aves
cinwea1,Cinnamon Weaver,aves
bagwea1,Baglafecht Weaver,aves
banwea1,Bannerman's Weaver,aves
batwea1,Bates's Weaver,aves
benwea1,Black-breasted Weaver,aves
berwea2,Bertram's Weaver,aves
forwea1,Dark-backed Weaver,aves
gopwea1,Golden Palm Weaver,aves
bknwea1,Olive-naped Weaver,aves
kilwea1,Kilombero Weaver,aves
capwea1,Cape Weaver,aves
tagwea1,Taveta Golden-Weaver,aves
viewea2,Chestnut-and-black Weaver,aves
nbtwea1,Northern Brown-throated Weaver,aves
vilwea1,Village Weaver,aves
salwea1,Juba Weaver,aves
yecwea1,Yellow-capped Weaver,aves
yelwea2,Yellow-legged Weaver,aves
ruewea1,Rüppell's Weaver,aves
clawea1,Kilifi Weaver,aves
giawea1,Giant Weaver,aves
hemwea1,Heuglin's Masked-Weaver,aves
ruvwea1,Ruvu Weaver,aves
asgwea2,Asian Golden Weaver,aves
brcwea1,Brown-capped Weaver,aves
lesmaw1,Lesser Masked-Weaver,aves
gobwea1,Golden-backed Weaver,aves
kamwea1,Katanga Masked-Weaver,aves
litwea1,Little Weaver,aves
strwea2,Streaked Weaver,aves
yelwea1,Finn's Weaver,aves
blhwea1,Black-headed Weaver,aves
blbwea1,Black-billed Weaver,aves
nelwea1,Nelicourvi Weaver,aves
usawea1,Usambara Weaver,aves
viewea3,Vieillot's Black Weaver,aves
bknwea2,Black-necked Weaver,aves
bkcwea1,Black-chinned Weaver,aves
spewea1,Spectacled Weaver,aves
olhwea1,Olive-headed Weaver,aves
slbwea1,Slender-billed Weaver,aves
baywea1,Baya Weaver,aves
prewea1,Preuss's Weaver,aves
prgwea1,Principe Golden-Weaver,aves
tanmaw1,Tanganyika Masked-Weaver,aves
chewea1,Chestnut Weaver,aves
lalmaw1,Lake Lufira Masked-Weaver,aves
sakwea1,Sakalava Weaver,aves
satwea1,Sao Tome Weaver,aves
spewea2,Speke's Weaver,aves
foxwea1,Fox's Weaver,aves
afgwea1,African Golden-Weaver,aves
loawea1,Loango Weaver,aves
nomwea1,Northern Masked-Weaver,aves
bocwea1,Bocage's Weaver,aves
yemwea1,Yellow-mantled Weaver,aves
afmwea,Southern Masked-Weaver,aves
vimwea1,Vitelline Masked-Weaver,aves
weywea1,Weyns's Weaver,aves
hogwea1,Holub's Golden-Weaver,aves
sbtwea1,Southern Brown-throated Weaver,aves
eugplo,European Golden-Plover,aves
amgplo,American Golden-Plover,aves
pagplo,Pacific Golden-Plover,aves
bkbplo,Black-bellied Plover,aves
magplo1,Magellanic Plover,aves
egyplo1,Egyptian Plover,aves
scbcup3,Scaly-breasted Cupwing,aves
taiwrb1,Taiwan Cupwing,aves
immwrb1,Immaculate Cupwing,aves
pywbab1,Pygmy Cupwing,aves
marfro1,Marbled Frogmouth,aves
papfro1,Papuan Frogmouth,aves
tawfro1,Tawny Frogmouth,aves
afrfin1,African Finfoot,aves
colgre1,Colombian Grebe,aves
horgre,Horned Grebe,aves
grcgre1,Great Crested Grebe,aves
hoogre1,Hooded Grebe,aves
rengre,Red-necked Grebe,aves
gregre1,Great Grebe,aves
eargre,Eared Grebe,aves
silgre1,Silvery Grebe,aves
jungre1,Junin Grebe,aves
atigre1,Atitlan Grebe,aves
pibgre,Pied-billed Grebe,aves
xigjay1,Xinjiang Ground-Jay,aves
mogjay1,Mongolian Ground-Jay,aves
tugjay1,Turkestan Ground-Jay,aves
irgjay1,Iranian Ground-Jay,aves
bkcchi,Black-capped Chickadee,aves
carchi,Carolina Chickadee,aves
gyhchi,Gray-headed Chickadee,aves
pedtit1,Pere David's Tit,aves
mouchi,Mountain Chickadee,aves
borchi2,Boreal Chickadee,aves
bkbtit1,Black-bibbed Tit,aves
castit2,Caspian Tit,aves
somtit3,Sombre Tit,aves
wiltit1,Willow Tit,aves
martit2,Marsh Tit,aves
chbchi,Chestnut-backed Chickadee,aves
mexchi,Mexican Chickadee,aves
whbtit4,White-browed Tit,aves
sictit1,Sichuan Tit,aves
busrob1,Buff-sided Robin,aves
blsrob2,Black-sided Robin,aves
whbrob2,White-browed Robin,aves
azrtan1,Azure-rumped Tanager,aves
gagtan1,Gray-and-gold Tanager,aves
wcttyr1,White-cheeked Tody-Flycatcher,aves
gowtof1,Golden-winged Tody-Flycatcher,aves
bawtyr1,Black-and-white Tody-Flycatcher,aves
smftof1,Smoky-fronted Tody-Flycatcher,aves
ruftof1,Rusty-fronted Tody-Flycatcher,aves
johtot1,Johnson's Tody-Flycatcher,aves
ocftof1,Ochre-faced Tody-Flycatcher,aves
bkbtof1,Black-backed Tody-Flycatcher,aves
rcttyr1,Rufous-crowned Tody-Flycatcher,aves
rudtof1,Ruddy Tody-Flycatcher,aves
buctof1,Buff-cheeked Tody-Flycatcher,aves
shtfly1,Slate-headed Tody-Flycatcher,aves
kensta1,Kenrick's Starling,aves
natsta1,Narrow-tailed Starling,aves
stusta1,Stuhlmann's Starling,aves
lotfin1,Long-tailed Finch,aves
bltfin1,Black-throated Finch,aves
masfin1,Masked Finch,aves
rertin1,Red-rumped Tinkerbird,aves
yertin1,Yellow-rumped Tinkerbird,aves
yeftin1,Yellow-fronted Tinkerbird,aves
westin1,Western Tinkerbird,aves
moutin1,Moustached Tinkerbird,aves
reftin4,Southern Red-fronted Tinkerbird,aves
spetin1,Speckled Tinkerbird,aves
gretin2,Green Tinkerbird,aves
yettin1,Yellow-throated Tinkerbird,aves
1583576,Northern Red-fronted Tinkerbird,aves
whsrob1,White-starred Robin,aves
dotbar1,Double-toothed Barbet,aves
beabar1,Bearded Barbet,aves
brbbar1,Brown-breasted Barbet,aves
blbbar1,Black-backed Barbet,aves
blbbar4,Black-breasted Barbet,aves
chabrt1,Chapman's Bristle-Tyrant,aves
sdmtyr2,Serra do Mar Bristle-Tyrant,aves
sobtyr2,Southern Bristle-Tyrant,aves
anbtyr1,Antioquia Bristle-Tyrant,aves
mfbtyr1,Marble-faced Bristle-Tyrant,aves
spbtyr1,Spectacled Bristle-Tyrant,aves
saptyr1,Sao Paulo Bristle-Tyrant,aves
vabtyr1,Variegated Bristle-Tyrant,aves
vebtyr2,Venezuelan Bristle-Tyrant,aves
ninpar1,Niam-Niam Parrot,aves
brhpar2,Brown-headed Parrot,aves
yefpar4,Yellow-fronted Parrot,aves
brnpar1,Brown-necked Parrot,aves
refpar5,Red-fronted Parrot,aves
meypar1,Meyer's Parrot,aves
bnnpar2,Cape Parrot,aves
ruepar1,Rüppell's Parrot,aves
rebpar1,Red-bellied Parrot,aves
senpar,Senegal Parrot,aves
relcor1,Red-legged Cormorant,aves
mareag1,Martial Eagle,aves
pygfal1,Pygmy Falcon,aves
hohgre1,Hoary-headed Grebe,aves
nezgre1,New Zealand Grebe,aves
179937,Franklin's Ground Squirrel,mammalia
chbant1,Chestnut-backed Antbird,aves
whtwar1,White-tailed Warbler,aves
whbcra1,White-browed Crake,aves
978482,Polionemobius flavoantennalis,insecta
1603044,Polionemobius taprobanensis,insecta
whlgna2,White-lored Gnatcatcher,aves
whlgna3,Yucatan Gnatcatcher,aves
trogna2,White-browed Gnatcatcher,aves
buggna,Blue-gray Gnatcatcher,aves
calgna,California Gnatcatcher,aves
iqugna1,Iquitos Gnatcatcher,aves
masgna1,Masked Gnatcatcher,aves
guigna3,Guianan Gnatcatcher,aves
crbgna1,Creamy-bellied Gnatcatcher,aves
cubgna1,Cuban Gnatcatcher,aves
trogna3,Marañon Gnatcatcher,aves
bktgna,Black-tailed Gnatcatcher,aves
bkcgna,Black-capped Gnatcatcher,aves
guigna4,Klages's Gnatcatcher,aves
trogna1,Tropical Gnatcatcher,aves
sltgna1,Slate-throated Gnatcatcher,aves
mahhaw1,Madagascar Harrier-Hawk,aves
afhhaw1,African Harrier-Hawk,aves
blchum1,Blue-chested Hummingbird,aves
chahum1,Charming Hummingbird,aves
puchum1,Purple-chested Hummingbird,aves
brtcom1,Bronze-tailed Comet,aves
134788,Taiwan Whipping Frog,amphibia
1176929,Polypedates himalayensis,amphibia
26592,Common Southeast Asian Tree Frog,amphibia
26555,Chunam Tree Frog,amphibia
26571,Spot-legged Tree Frog,amphibia
84612,Ten-lined June Beetle,insecta
360353,Pine Chafer,insecta
grypep2,Gray Peacock-Pheasant,aves
btpphe1,Bronze-tailed Peacock-Pheasant,aves
gepphe1,Germain's Peacock-Pheasant,aves
mopphe1,Mountain Peacock-Pheasant,aves
grypep3,Hainan Peacock-Pheasant,aves
mapphe1,Malayan Peacock-Pheasant,aves
palpep1,Palawan Peacock-Pheasant,aves
bopphe1,Bornean Peacock-Pheasant,aves
470754,Bull Bush-cricket,insecta
steeid,Steller's Eider,aves
beatac1,Bearded Tachuri,aves
gybtac1,Gray-backed Tachuri,aves
alepar1,Princess Parrot,aves
regpar1,Regent Parrot,aves
suppar1,Superb Parrot,aves
whtgol1,White-tailed Goldenthroat,aves
tepgol1,Tepui Goldenthroat,aves
grtgol1,Green-tailed Goldenthroat,aves
rarmon1,Rarotonga Monarch,aves
eiamon1,Eiao Monarch,aves
iphmon2,Iphis Monarch,aves
maumon1,Maupiti Monarch,aves
marmon2,Marquesan Monarch,aves
uapmon1,Ua Pou Monarch,aves
tahmon2,Tahiti Monarch,aves
nuhmon1,Nuku Hiva Monarch,aves
fatmon1,Fatu Hiva Monarch,aves
chbscb2,Sunda Scimitar-Babbler,aves
cobscb1,Black-crowned Scimitar-Babbler,aves
insbab1,Indian Scimitar-Babbler,aves
srlscb1,Sri Lanka Scimitar-Babbler,aves
chbscb1,Javan Scimitar-Babbler,aves
taiscb1,Taiwan Scimitar-Babbler,aves
rbsbab1,Red-billed Scimitar-Babbler,aves
bncscb1,Brown-crowned Scimitar-Babbler,aves
sbsbab3,Streak-breasted Scimitar-Babbler,aves
wbsbab1,White-browed Scimitar-Babbler,aves
sbsbab1,Slender-billed Scimitar-Babbler,aves
halbab1,Hall's Babbler,aves
chcbab2,Chestnut-crowned Babbler,aves
whbbab3,White-browed Babbler,aves
gycbab1,Gray-crowned Babbler,aves
43582,Bornean Orangutan,mammalia
flrgra1,Fly River Grassbird,aves
spibir1,Spinifexbird,aves
litgra1,Little Grassbird,aves
fernbi1,New Zealand Fernbird,aves
chifer1,Chatham Islands Fernbird,aves
vesspa,Vesper Sparrow,aves
tumfin1,Tucuman Mountain Finch,aves
bowfin1,Bolivian Warbling Finch,aves
comfin1,Cochabamba Mountain Finch,aves
slbhem1,Slaty-backed Hemispingus,aves
cowfin1,Collared Warbling Finch,aves
barwaf1,Black-and-rufous Warbling Finch,aves
ciwfin2,Cinnamon Warbling Finch,aves
rbwfin1,Rufous-breasted Warbling Finch,aves
rubhem1,Rufous-browed Hemispingus,aves
barwaf2,Black-and-chestnut Warbling Finch,aves
cbmfin1,Chestnut-breasted Mountain Finch,aves
979914,Rufous-sided Warbling-Finch,aves
rswfin1,Rufous-sided Warbling Finch,aves
525679,Blue-banded Scratcher,insecta
639200,Sprinkler Squeaker,insecta
525673,Southern Red-eyed Squeaker,insecta
525678,Red Scratcher,insecta
lohswa1,Lord Howe Swamphen,aves
allgal1,Allen's Gallinule,aves
azugal1,Azure Gallinule,aves
takahe3,South Island Takahe,aves
purswa4,Black-backed Swamphen,aves
purswa2,African Swamphen,aves
takahe2,North Island Takahe,aves
purgal2,Purple Gallinule,aves
purswa6,Australasian Swamphen,aves
marswa1,Marquesan Swamphen,aves
purswa3,Gray-headed Swamphen,aves
purswa,Western Swamphen,aves
purswa5,Philippine Swamphen,aves
spfgal1,Spot-flanked Gallinule,aves
putcot1,Purple-throated Cotinga,aves
sora,Sora,aves
auscra1,Australian Crake,aves
spocra1,Spotted Crake,aves
42138,Bushpig,mammalia
42139,Red River Hog,mammalia
42988,Long-nosed Potoroo,mammalia
41678,Kinkajou,mammalia
25430,Montane Marsh Frog,amphibia
spobar1,Spotted Barbtail,aves
whtbar1,White-throated Barbtail,aves
ruwbar1,Rusty-winged Barbtail,aves
43507,Javan Surili,mammalia
43506,Banded Surili,mammalia
43504,Sumatran Surili,mammalia
1369312,Southern Mitered Langur,mammalia
1368503,Robinson’s Banded Langur,mammalia
43502,Maroon Leaf Monkey,mammalia
74946,White-thighed Surili,mammalia
yecmac,Yellow-collared Macaw,aves
buhmac1,Blue-headed Macaw,aves
buwmac1,Blue-winged Macaw,aves
hilpri1,Black-throated Prinia,aves
banpri1,Banded Prinia,aves
rufpri2,Rufous-fronted Prinia,aves
gycpri1,Gray-crowned Prinia,aves
brnpri2,Burmese Prinia,aves
strpri2,Himalayan Prinia,aves
rewpri1,Red-winged Prinia,aves
bawpri1,Bar-winged Prinia,aves
blcpri1,Black-chested Prinia,aves
yebpri1,Yellow-bellied Prinia,aves
rivpri1,River Prinia,aves
grapri1,Graceful Prinia,aves
gybpri1,Gray-breasted Prinia,aves
drapri1,Drakensberg Prinia,aves
plapri1,Plain Prinia,aves
bktpri2,Rufous-crowned Prinia,aves
delpri1,Delicate Prinia,aves
karpri1,Karoo Prinia,aves
satpri1,Sao Tome Prinia,aves
bropri1,Brown Prinia,aves
brnpri3,Annam Prinia,aves
rufpri1,Rufescent Prinia,aves
refwar2,Red-fronted Prinia,aves
ashpri1,Ashy Prinia,aves
palpri1,Pale Prinia,aves
strpri8,Striped Prinia,aves
tafpri1,Tawny-flanked Prinia,aves
hilpri2,Hill Prinia,aves
junpri1,Jungle Prinia,aves
760263,Prionacris cantans,insecta
760266,Prionacris erosa,insecta
922738,Mainland Leopard Cat,mammalia
bcrtai1,Blue-crowned Racquet-tail,aves
yebrat1,Yellow-breasted Racquet-tail,aves
grrtai1,Green Racquet-tail,aves
burtai1,Buru Racquet-tail,aves
minrat1,Mindoro Racquet-tail,aves
luzrat1,Luzon Racquet-tail,aves
bhrtai1,Blue-headed Racquet-tail,aves
gmrtai1,Golden-mantled Racquet-tail,aves
bwrtai1,Blue-winged Racquet-tail,aves
mirtai1,Mindanao Racquet-tail,aves
yebflo2,Yellow-breasted Flowerpecker,aves
crbflo1,Crimson-breasted Flowerpecker,aves
palflo1,Palawan Flowerpecker,aves
scbflo2,Scarlet-breasted Flowerpecker,aves
yerflo1,Yellow-rumped Flowerpecker,aves
golbow1,Golden Bowerbird,aves
yechel1,Yellow-crested Helmetshrike,aves
chbhel1,Red-billed Helmetshrike,aves
anghel1,Angola Helmetshrike,aves
whihel1,White-crested Helmetshrike,aves
gychel1,Gray-crested Helmetshrike,aves
rethel1,Retz's Helmetshrike,aves
rubhel1,Rufous-bellied Helmetshrike,aves
chfhel1,Chestnut-fronted Helmetshrike,aves
histro1,Hispaniolan Trogon,aves
cubtro1,Cuban Trogon,aves
66531,Cachabi Robber Frog,amphibia
66578,Bogota Robber Frog,amphibia
66713,Labiated Rainfrog,amphibia
66893,Banded Rain Frog,amphibia
66914,Striped Robber Frog,amphibia
palcoc1,Palm Cockatoo,aves
dabros1,Dark-breasted Rosefinch,aves
43086,Rock Hyrax,mammalia
whcpet1,White-chinned Petrel,aves
grapet,Gray Petrel,aves
spepet1,Spectacled Petrel,aves
parpet1,Parkinson's Petrel,aves
wespet1,Westland Petrel,aves
134964,Bahia Smooth-horned Frog,amphibia
whibel2,White Bellbird,aves
beabel1,Bearded Bellbird,aves
batbel1,Bare-throated Bellbird,aves
thwbel,Three-wattled Bellbird,aves
41667,Crab-eating Raccoon,mammalia
41663,Common Raccoon,mammalia
cashon1,Cassin's Honeybird,aves
wahhon1,Brown-backed Honeybird,aves
grbhon2,Green-backed Honeybird,aves
gybmar,Gray-breasted Martin,aves
cubmar,Cuban Martin,aves
carmar1,Caribbean Martin,aves
soumar,Southern Martin,aves
galmar1,Galapagos Martin,aves
permar1,Peruvian Martin,aves
sinmar1,Sinaloa Martin,aves
purmar,Purple Martin,aves
brcmar1,Brown-chested Martin,aves
capsug1,Cape Sugarbird,aves
gursug1,Gurney's Sugarbird,aves
41303,big crested mastiff bat,mammalia
41304,brown mastiff bat,mammalia
74959,Coquerel's Sifaka,mammalia
43604,Diademed Sifaka,mammalia
43603,Verreaux's Sifaka,mammalia
45968,Celebes Dwarf Squirrel,mammalia
kirsan1,Kiritimati Sandpiper,aves
moosan1,Moorea Sandpiper,aves
whwsan1,White-winged Sandpiper,aves
tuasan1,Tuamotu Sandpiper,aves
maspar2,Masked Shining-Parrot,aves
crspar1,Crimson Shining-Parrot,aves
respar1,Red Shining-Parrot,aves
tui1,Tui,aves
prowar,Prothonotary Warbler,aves
sdmman1,Serra do Mar Tyrant-Manakin,aves
46202,Forest Giant Squirrel,mammalia
bltacc1,Black-throated Accentor,aves
alpacc1,Alpine Accentor,aves
broacc1,Brown Accentor,aves
himacc1,Altai Accentor,aves
mabacc1,Maroon-backed Accentor,aves
monacc1,Mongolian Accentor,aves
dunnoc1,Dunnock,aves
sibacc,Siberian Accentor,aves
radacc2,Radde's Accentor,aves
robacc1,Robin Accentor,aves
japacc1,Japanese Accentor,aves
rubacc1,Rufous-breasted Accentor,aves
whhsaw1,White-headed Sawwing,aves
mousaw1,Mountain Sawwing,aves
sqtsaw1,Square-tailed Sawwing,aves
fansaw1,Fanti Sawwing,aves
blksaw1,Black Sawwing,aves
208006,Red Roarer,insecta
208004,Phantom Knight,insecta
207999,Clanger,insecta
208007,Golden Knight,insecta
208008,Yellowbelly,insecta
208009,Green Baron,insecta
208010,Redeye Cicada,insecta
208012,Little Baron,insecta
208011,Black Friday,insecta
208003,Black Prince,insecta
bushti,Bushtit,aves
lotbro1,Long-tailed Broadbill,aves
ruboro1,Russet-backed Oropendola,aves
dugoro1,Dusky-green Oropendola,aves
olioro1,Olive Oropendola,aves
bauoro2,Baudo Oropendola,aves
creoro1,Crested Oropendola,aves
blaoro1,Black Oropendola,aves
monoro1,Montezuma Oropendola,aves
greoro1,Green Oropendola,aves
chhoro1,Chestnut-headed Oropendola,aves
gospar1,Golden-shouldered Parrot,aves
hoopar1,Hooded Parrot,aves
parpar2,Paradise Parrot,aves
mulpar1,Mulga Parrot,aves
rerpar1,Red-rumped Parrot,aves
24256,Mountain Chorus Frog,amphibia
24265,Brimley's Chorus Frog,amphibia
24254,California Tree Frog,amphibia
24258,Spotted Chorus Frog,amphibia
1273326,Collinses' Mountain Chorus Frog,amphibia
24268,Spring Peeper,amphibia
24263,Upland Chorus Frog,amphibia
66952,Cajun Chorus Frog,amphibia
66953,New Jersey Chorus Frog,amphibia
24255,Boreal Chorus Frog,amphibia
24261,Southern Chorus Frog,amphibia
24262,Little Grass Frog,amphibia
24266,Ornate Chorus Frog,amphibia
24259,Pacific chorus frog,amphibia
24257,Strecker's Chorus Frog,amphibia
24267,Western Chorus Frog,amphibia
caccan1,Cactus Canastero,aves
dutcan1,Dusky-tailed Canastero,aves
patcan2,Patagonian Canastero,aves
stecan1,Steinbach's Canastero,aves
whihaw1,White Hawk,aves
gybhaw2,Gray-backed Hawk,aves
manhaw2,Mantled Hawk,aves
gawtyr2,Gray-and-white Tyrannulet,aves
gyrswa1,Gray-rumped Swallow,aves
whsibi1,White-shouldered Ibis,aves
giaibi1,Giant Ibis,aves
renibi1,Red-naped Ibis,aves
24411,Lesser Swimming Frog,amphibia
24412,Paradoxical Swimming Frog,amphibia
66971,Paraguayan Swimming Frog,amphibia
warfly1,Ward's Vanga,aves
maspet1,Mascarene Petrel,aves
becpet1,Beck's Petrel,aves
fijpet1,Fiji Petrel,aves
tahpet1,Tahiti Petrel,aves
grabro1,Grauer's Broadbill,aves
42775,Common Ring-tailed Possum,mammalia
afrmar2,African River Martin,aves
wermar2,White-eyed River Martin,aves
458943,Marsh meadow grasshopper,insecta
496774,Water-meadow Grasshopper,insecta
501625,Meadow Grasshopper,insecta
strtuf1,Streaked Tuftedcheek,aves
buftuf3,Pacific Tuftedcheek,aves
buftuf1,Buffy Tuftedcheek,aves
subdor1,Subtropical Doradito,aves
ticdor1,Ticking Doradito,aves
dindor2,Dinelli's Doradito,aves
wardor1,Warbling Doradito,aves
credor1,Crested Doradito,aves
yermar1,Yellow-rumped Marshbird,aves
baymar1,Brown-and-yellow Marshbird,aves
maupar,Maui Parrotbill,aves
gyhsow1,Gray-capped Social-Weaver,aves
bcswea1,Black-capped Social-Weaver,aves
23174,Hensel's Swamp Frog,amphibia
476633,Pseudopaludicola pocoto,amphibia
70881,Amboli bush frog,amphibia
26433,Waynad bush frog,amphibia
25258,Red-crowned Toadlet,amphibia
25260,Brown Brood Frog,amphibia
25257,Red-backed Brood Frog,amphibia
25253,Dendy's Brood Frog,amphibia
25254,Crawling Brood Frog,amphibia
25261,Major Brood Frog,amphibia
25250,Copper-backed Brood Frog,amphibia
25251,Southern Brood Frog,amphibia
900612,Pseudophyllus hercules,insecta
whcman2,White-crowned Manakin,aves
grotit1,Ground Tit,aves
41539,False Killer Whale,mammalia
ruspit1,Rusty Pitohui,aves
whbpit1,White-bellied Pitohui,aves
363817,Pseudorhynchus gigas,insecta
701931,Lesson's Mimicking Snout-nose,insecta
rubsal1,Rufous-bellied Mountain Tanager,aves
caacac1,Caatinga Cacholote,aves
whtcac2,White-throated Cacholote,aves
brncac1,Brown Cacholote,aves
rufcac2,Rufous Cacholote,aves
blhhem1,Black-headed Hemispingus,aves
drahem1,Drab Hemispingus,aves
boptyr1,Bronze-olive Pygmy-Tyrant,aves
rhptyr1,Rufous-headed Pygmy-Tyrant,aves
hfptyr1,Hazel-fronted Pygmy-Tyrant,aves
indbar1,Indochinese Barbet,aves
flfbar1,Flame-fronted Barbet,aves
bltbar2,Blue-throated Barbet,aves
gotbar3,Necklaced Barbet,aves
litbar1,Yellow-eared Barbet,aves
tutbar1,Turquoise-throated Barbet,aves
gowbar2,Gold-whiskered Barbet,aves
brtbar1,Brown-throated Barbet,aves
buebar1,Blue-eared Barbet,aves
buebar2,Black-eared Barbet,aves
borbar1,Bornean Barbet,aves
chibar1,Chinese Barbet,aves
grebar3,Green-eared Barbet,aves
yefbar1,Yellow-fronted Barbet,aves
gotbar2,Golden-throated Barbet,aves
copbar1,Coppersmith Barbet,aves
yecbar1,Yellow-crowned Barbet,aves
moubar2,Moustached Barbet,aves
blbbar2,Black-banded Barbet,aves
revbar1,Red-vented Barbet,aves
linbar1,Lineated Barbet,aves
crfbar1,Malabar Barbet,aves
moubar1,Mountain Barbet,aves
retbar1,Red-throated Barbet,aves
taibar2,Taiwan Barbet,aves
blbbar5,Black-browed Barbet,aves
gonbar1,Golden-naped Barbet,aves
fitbar1,Fire-tufted Barbet,aves
recbar1,Red-crowned Barbet,aves
crfbar3,Crimson-fronted Barbet,aves
grebar1,Great Barbet,aves
whcbar1,White-cheeked Barbet,aves
brhbar1,Brown-headed Barbet,aves
moupar2,Mountain Parakeet,aves
gyhpar1,Gray-hooded Parakeet,aves
spobam1,Spotted Bamboowren,aves
flaowl,Flammulated Owl,aves
grnpar2,Socorro Parakeet,aves
hispar,Hispaniolan Parakeet,aves
rempar,Red-masked Parakeet,aves
cubpar2,Cuban Parakeet,aves
crfpar,Crimson-fronted Parakeet,aves
scfpar3,Cordilleran Parakeet,aves
grnpar,Green Parakeet,aves
whepar2,White-eyed Parakeet,aves
purpar2,Puerto Rican Parakeet,aves
mitpar,Mitred Parakeet,aves
pacpar1,Pacific Parakeet,aves
scfpar2,Scarlet-fronted Parakeet,aves
brtpar2,Brehm's Tiger-Parrot,aves
matpar1,Madarasz's Tiger-Parrot,aves
motpar1,Modest Tiger-Parrot,aves
patpar1,Painted Tiger-Parrot,aves
rebpar4,Red-breasted Parakeet,aves
magpar1,Mauritius Gray Parrot,aves
laypar1,Layard's Parakeet,aves
nicpar1,Nicobar Parakeet,aves
malpar1,Malabar Parakeet,aves
plhpar1,Plum-headed Parakeet,aves
derpar1,Derbyan Parakeet,aves
maupar1,Echo Parakeet,aves
alepar2,Alexandrine Parakeet,aves
newpar2,Newton's Parakeet,aves
gyhpar2,Gray-headed Parakeet,aves
slhpar1,Slaty-headed Parakeet,aves
rorpar,Rose-ringed Parakeet,aves
lotpar2,Long-tailed Parakeet,aves
blhpar3,Blossom-headed Parakeet,aves
seypar2,Seychelles Parakeet,aves
grepar,Gray Parrot,aves
grypar10,Timneh Parrot,aves
puclor1,Purple-crowned Lorikeet,aves
litlor1,Little Lorikeet,aves
varlor1,Varied Lorikeet,aves
burpar5,Simeulue Parrot,aves
blrpar1,Blue-rumped Parrot,aves
ou,Ou,aves
pespar1,Pesquet's Parrot,aves
gywtru1,Gray-winged Trumpeter,aves
pawtru2,Pale-winged Trumpeter,aves
dawtru1,Dark-winged Trumpeter,aves
chiwed2,Chirruping Wedgebill,aves
weswhi1,Western Whipbird,aves
chiwed1,Chiming Wedgebill,aves
easwhi1,Eastern Whipbird,aves
470524,Rattle Grasshopper,insecta
33891,Common Barking Gecko,reptilia
kospar1,King-of-Saxony Bird-of-Paradise,aves
rebfra1,Red-billed Spurfowl,aves
renfra1,Red-necked Spurfowl,aves
ahafra2,Ahanta Spurfowl,aves
dosfra2,Double-spurred Spurfowl,aves
camfra2,Mount Cameroon Spurfowl,aves
capfra2,Cape Spurfowl,aves
chnfra2,Chestnut-naped Spurfowl,aves
clafra1,Clapperton's Spurfowl,aves
ercfra,Erckel's Spurfowl,aves
gysfra1,Gray-striped Spurfowl,aves
harfra3,Hartlaub's Spurfowl,aves
harfra4,Harwood's Spurfowl,aves
hilfra2,Hildebrandt's Spurfowl,aves
heufra1,Heuglin's Spurfowl,aves
jacfra2,Jackson's Spurfowl,aves
yenspu1,Yellow-necked Spurfowl,aves
natfra2,Natal Spurfowl,aves
hanfra2,Handsome Spurfowl,aves
djifra1,Djibouti Spurfowl,aves
gybfra1,Gray-breasted Spurfowl,aves
scafra2,Scaly Spurfowl,aves
swafra2,Swainson's Spurfowl,aves
swifra2,Swierstra's Spurfowl,aves
pitsan1,Pin-tailed Sandgrouse,aves
dobsan1,Double-banded Sandgrouse,aves
bursan1,Burchell's Sandgrouse,aves
crosan1,Crowned Sandgrouse,aves
blfsan1,Black-faced Sandgrouse,aves
chbsan,Chestnut-bellied Sandgrouse,aves
yetsan1,Yellow-throated Sandgrouse,aves
paisan1,Painted Sandgrouse,aves
licsan1,Lichtenstein's Sandgrouse,aves
namsan1,Namaqua Sandgrouse,aves
blbsan1,Black-bellied Sandgrouse,aves
madsan1,Madagascar Sandgrouse,aves
fobsan1,Four-banded Sandgrouse,aves
sposan1,Spotted Sandgrouse,aves
phopet1,Phoenix Petrel,aves
tripet1,Trindade Petrel,aves
henpet1,Henderson Petrel,aves
chapet1,Chatham Islands Petrel,aves
barpet1,Barau's Petrel,aves
colpet1,Collared Petrel,aves
berpet,Bermuda Petrel,aves
bkcpet2,Jamaican Petrel,aves
whnpet,White-necked Petrel,aves
coopet,Cook's Petrel,aves
maspet3,Masatierra Petrel,aves
feapet2,Desertas Petrel,aves
jufpet,Juan Fernandez Petrel,aves
feapet3,Cape Verde Petrel,aves
grwpet2,Gray-faced Petrel,aves
bkcpet,Black-capped Petrel,aves
herpet2,Herald Petrel,aves
bonpet,Bonin Petrel,aves
atlpet1,Atlantic Petrel,aves
motpet,Mottled Petrel,aves
whhpet1,White-headed Petrel,aves
goupet1,Gould's Petrel,aves
stepet,Stejneger's Petrel,aves
grwpet3,Great-winged Petrel,aves
madpet,Zino's Petrel,aves
magpet1,Magenta Petrel,aves
soppet1,Soft-plumaged Petrel,aves
kerpet,Kermadec Petrel,aves
bkwpet,Black-winged Petrel,aves
galpet,Galapagos Petrel,aves
pycpet1,Pycroft's Petrel,aves
lshpet1,Large St. Helena Petrel,aves
hawpet1,Hawaiian Petrel,aves
solpet1,Providence Petrel,aves
murpet,Murphy's Petrel,aves
blnara1,Black-necked Aracari,aves
ivbara1,Ivory-billed Aracari,aves
saftou2,Saffron Toucanet,aves
cucara1,Curl-crested Aracari,aves
renara1,Red-necked Aracari,aves
cheara1,Chestnut-eared Aracari,aves
338135,Pale-mandibled Aracari,aves
fibara1,Fiery-billed Aracari,aves
letara1,Lettered Aracari,aves
mabara1,Many-banded Aracari,aves
colara2,Collared Aracari,aves
greara1,Green Aracari,aves
46146,Siberian Flying Squirrel,mammalia
468533,Marsh-cricket,insecta
925190,Confusing Pygmy Cricket,insecta
harduc1,Hartlaub's Duck,aves
1431098,Clarion Mustached Bat,mammalia
41219,Davy's naked-backed bat,mammalia
1076872,Tawny Naked-backed Bat,mammalia
765484,Mesoamerican Common Mustached Bat,mammalia
41220,Wagner's moustached bat,mammalia
41222,Sooty Moustached Bat,mammalia
1453917,Rusty Mustached Bat,mammalia
41845,Giant Otter,mammalia
gresap1,Great Sapphirewing,aves
118951,Common True Katydid,insecta
cthhue1,Chestnut-throated Huet-huet,aves
moutur1,Moustached Turca,aves
bthhue1,Black-throated Huet-huet,aves
40913,Black Flying-fox,mammalia
40911,Spectacled Flying-fox,mammalia
40887,Ryukyu Flying-fox,mammalia
40884,Variable Flying-fox,mammalia
40898,Lyle's Flying-fox,mammalia
1641421,Indian Flying Fox,mammalia
40892,Mauritius Flying-fox,mammalia
40905,Grey-headed Flying-fox,mammalia
40872,Bonin Flying-fox,mammalia
40908,Little Red Flying-fox,mammalia
40871,Seychelles Flying-fox,mammalia
40918,Pacific Flying-fox,mammalia
40902,Large Flying-fox,mammalia
40901,Pemba Flying-fox,mammalia
whtlau1,White-throated Laughingthrush,aves
buflau1,Buffy Laughingthrush,aves
gyslau,Gray-sided Laughingthrush,aves
bltlau1,Black-throated Laughingthrush,aves
buclau1,Blue-crowned Laughingthrush,aves
pedlau1,Pere David's Laughingthrush,aves
wynlau1,Wayanad Laughingthrush,aves
yetlau1,Yellow-throated Laughingthrush,aves
ruvlau1,Rufous-vented Laughingthrush,aves
tibbab1,Tibetan Babax,aves
chibab2,Chinese Babax,aves
chclau3,Chestnut-capped Laughingthrush,aves
chblau1,Chestnut-backed Laughingthrush,aves
gnlthr,Greater Necklaced Laughingthrush,aves
maslau1,Masked Laughingthrush,aves
ruslau1,Rusty Laughingthrush,aves
ruclau2,Rufous-crowned Laughingthrush,aves
runlau1,Rufous-necked Laughingthrush,aves
whblau1,White-browed Laughingthrush,aves
chhlau1,Chestnut-hooded Laughingthrush,aves
whclau1,White-cheeked Laughingthrush,aves
giabab1,Giant Babax,aves
chibub1,Mount Victoria Babax,aves
cfsbab1,Trilling Shrike-Babbler,aves
whbshb1,White-browed Shrike-Babbler,aves
wbsbab2,Pied Shrike-Babbler,aves
clishb1,Clicking Shrike-Babbler,aves
besbab1,Black-eared Shrike-Babbler,aves
bhsbab1,Black-headed Shrike-Babbler,aves
grsbab1,Green Shrike-Babbler,aves
bbfdov2,Black-banded Fruit-Dove,aves
nefdov1,Negros Fruit-Dove,aves
offdov1,Orange-fronted Fruit-Dove,aves
mafdov1,Makatea Fruit-Dove,aves
gygfrd2,Raiatea Fruit-Dove,aves
bbfdov1,Black-backed Fruit-Dove,aves
atfdov1,Atoll Fruit-Dove,aves
cofdov1,Coroneted Fruit-Dove,aves
rnfdov1,Red-naped Fruit-Dove,aves
wcfdov1,White-capped Fruit-Dove,aves
whfdov2,White-headed Fruit-Dove,aves
cafdov1,Carunculated Fruit-Dove,aves
rbfdov1,Red-bellied Fruit-Dove,aves
kosfrd1,Kosrae Fruit-Dove,aves
clfdov1,Cloven-feathered Dove,aves
rafdov1,Rapa Fruit-Dove,aves
gyhfrd1,Gray-headed Fruit-Dove,aves
kbfdov1,Knob-billed Fruit-Dove,aves
hifdov1,Henderson Island Fruit-Dove,aves
obfdov1,Orange-bellied Fruit-Dove,aves
veldov1,Whistling Dove,aves
goldov1,Golden Dove,aves
bknfrd1,Black-naped Fruit-Dove,aves
rmfdov1,Red-moustached Fruit-Dove,aves
bcfdov2,Blue-capped Fruit-Dove,aves
dwafrd1,Dwarf Fruit-Dove,aves
orfdov1,Ornate Fruit-Dove,aves
pafdov1,Palau Fruit-Dove,aves
psfdov1,Pink-spotted Fruit-Dove,aves
mcfdov1,Many-colored Fruit-Dove,aves
pucfrd1,Purple-capped Fruit-Dove,aves
ccfdov1,Crimson-crowned Fruit-Dove,aves
phfdov1,Pink-headed Fruit-Dove,aves
befdov1,Beautiful Fruit-Dove,aves
gygfrd1,Gray-green Fruit-Dove,aves
cifdov1,Cook Islands Fruit-Dove,aves
rcfdov1,Rose-crowned Fruit-Dove,aves
scfdov1,Silver-capped Fruit-Dove,aves
whbfrd1,White-breasted Fruit-Dove,aves
mafdov2,Mariana Fruit-Dove,aves
yebfrd2,Yellow-bibbed Fruit-Dove,aves
yebfrd1,Geelvink Fruit-Dove,aves
sufdov1,Superb Fruit-Dove,aves
tafdov1,Tanna Fruit-Dove,aves
oradov1,Orange Dove,aves
cbfdov1,Claret-breasted Fruit-Dove,aves
wafdov1,Wallace's Fruit-Dove,aves
ltsfly1,Long-tailed Silky-flycatcher,aves
grsfly1,Gray Silky-flycatcher,aves
fawbab1,Falcated Wren-Babbler,aves
bowbab1,Bornean Wren-Babbler,aves
stwbab2,Striated Wren-Babbler,aves
satbow1,Satin Bowerbird,aves
nahfra2,Nahan's Partridge,aves
stopar1,Stone Partridge,aves
rushon1,Rufous-sided Honeyeater,aves
rubhon1,Rufous-backed Honeyeater,aves
mayhon1,Mayr's Honeyeater,aves
olshon1,Yellow-streaked Honeyeater,aves
blbhon1,Gray-streaked Honeyeater,aves
leahon1,Leaden Honeyeater,aves
swfowl1,Southern White-faced Owl,aves
nwfowl1,Northern White-faced Owl,aves
magrif2,Growling Riflebird,aves
magrif3,Magnificent Riflebird,aves
parrif1,Paradise Riflebird,aves
vicrif1,Victoria's Riflebird,aves
blujeb1,Blue Jewel-babbler,aves
cbjbab1,Chestnut-backed Jewel-babbler,aves
blujeb2,Dimorphic Jewel-babbler,aves
spjbab1,Spotted Jewel-babbler,aves
piapia1,Piapiac,aves
yethon2,Yellow-tinted Honeyeater,aves
fushon1,Fuscous Honeyeater,aves
gyhhon1,Gray-headed Honeyeater,aves
yephon1,Yellow-plumed Honeyeater,aves
whphon1,White-plumed Honeyeater,aves
gyfhon1,Gray-fronted Honeyeater,aves
cubbla,Cuban Blackbird,aves
25778,Anchieta's Ridged Frog,amphibia
25782,Mascarene Ridged Frog,amphibia
25763,Mozambique ridged frog,amphibia
476664,Nile Ridged Frog,amphibia
25744,Sharp-nosed ridged frog,amphibia
casauk,Cassin's Auklet,aves
duscrm1,Dusky Crag-Martin,aves
rocmar5,Southern Crag-Martin,aves
465888,Pale Crag-Martin,aves
rocmar4,Red-throated Crag-Martin,aves
eurcrm1,Eurasian Crag-Martin,aves
kokphe1,Koklass Pheasant,aves
42169,Southern Pudú,mammalia
litshe8,Little Shearwater,aves
towshe1,Townsend's Shearwater,aves
troshe5,Tropical Shearwater,aves
troshe4,Bannerman's Shearwater,aves
litshe1,Barolo Shearwater,aves
litshe2,Boyd's Shearwater,aves
bryshe1,Bryan's Shearwater,aves
litshe4,Subantarctic Shearwater,aves
flushe1,Fluttering Shearwater,aves
heishe1,Heinroth's Shearwater,aves
hutshe1,Hutton's Shearwater,aves
audshe,Sargasso Shearwater,aves
balshe1,Balearic Shearwater,aves
towshe3,Rapa Shearwater,aves
chrshe,Christmas Shearwater,aves
towshe2,Newell's Shearwater,aves
bkvshe,Black-vented Shearwater,aves
pershe1,Persian Shearwater,aves
manshe,Manx Shearwater,aves
audshe3,Galapagos Shearwater,aves
medshe1,Yelkouan Shearwater,aves
476395,Brown Marsh Frog,amphibia
476401,Rough-sided frog,amphibia
476484,Side-spotted Swamp Frog,amphibia
tabowl1,Tawny-browed Owl,aves
babowl1,Band-bellied Owl,aves
speowl1,Spectacled Owl,aves
42007,Mountain Lion,mammalia
909419,Purana gigas,insecta
556897,Purana usnani,insecta
whfhon1,White-fronted Honeyeater,aves
recpar1,Red-capped Parrot,aves
1603072,Hooded Saddle Bush-cricket,insecta
sohbul1,Sooty-headed Bulbul,aves
combul2,Common Bulbul,aves
orsbul3,Orange-spotted Bulbul,aves
ayebul1,Ayeyarwady Bulbul,aves
reebul1,Red-eyed Bulbul,aves
revbul,Red-vented Bulbul,aves
capbul1,Cape Bulbul,aves
asfbul1,Ashy-fronted Bulbul,aves
stebul2,Streak-eared Bulbul,aves
sttbul2,Pale-eyed Bulbul,aves
sttbul3,Stripe-throated Bulbul,aves
flabul1,Flavescent Bulbul,aves
yevbul1,Yellow-vented Bulbul,aves
rewbul,Red-whiskered Bulbul,aves
whcbul2,Himalayan Bulbul,aves
flabul3,Pale-faced Bulbul,aves
whebul1,White-eared Bulbul,aves
whbbul2,White-browed Bulbul,aves
blfbul1,Black-fronted Bulbul,aves
yeebul1,Yellow-eared Bulbul,aves
olwbul1,Olive-winged Bulbul,aves
crebul1,Cream-eyed Bulbul,aves
crvbul1,Cream-vented Bulbul,aves
livbul1,Light-vented Bulbul,aves
orsbul2,Aceh Bulbul,aves
stybul1,Styan's Bulbul,aves
spnbul1,Spot-necked Bulbul,aves
yetbul1,Yellow-throated Bulbul,aves
whsbul1,White-spectacled Bulbul,aves
brbbul1,Brown-breasted Bulbul,aves
sthbul1,Straw-headed Bulbul,aves
pilotb1,Pilotbird,aves
marhon1,Marbled Honeyeater,aves
plahon1,Plain Honeyeater,aves
sthhon1,Streak-headed Honeyeater,aves
whttre2,White-throated Treerunner,aves
43517,Red-shanked Douc Langur,mammalia
74992,Black-shanked Douc Langur,mammalia
spwant2,Spot-winged Antshrike,aves
bawswa1,Blue-and-white Swallow,aves
blcswa2,Black-collared Swallow,aves
adepen1,Adelie Penguin,aves
chipen2,Chinstrap Penguin,aves
genpen1,Gentoo Penguin,aves
lessee1,Lesser Seedcracker,aves
blbsee1,Black-bellied Seedcracker,aves
crisee1,Crimson Seedcracker,aves
blasno1,Blanford's Snowfinch,aves
pedsno1,Pere David's Snowfinch,aves
runsno1,Rufous-necked Snowfinch,aves
afgsno1,Afghan Snowfinch,aves
fbfeye1,Fringe-backed Fire-eye,aves
eaafie1,East Amazonian Fire-eye,aves
wsfeye1,White-shouldered Fire-eye,aves
wesfie1,Western Fire-eye,aves
whbfie9,Tapajos Fire-eye,aves
balpar1,Bald Parrot,aves
orcpar2,Orange-cheeked Parrot,aves
caipar2,Caica Parrot,aves
brhpar1,Brown-hooded Parrot,aves
rofpar2,Rose-faced Parrot,aves
sahpar1,Saffron-headed Parrot,aves
vulpar1,Vulturine Parrot,aves
brufly1,Brujo Flycatcher,aves
verfly,Vermilion Flycatcher,aves
rerfru1,Red-ruffed Fruitcrow,aves
fiediu1,Fire-eyed Diucon,aves
yebcho1,Yellow-billed Chough,aves
rebcho1,Red-billed Chough,aves
redthr1,Redthroat,aves
spewar3,Speckled Warbler,aves
cinfly2,Cinnamon Flycatcher,aves
gonfin1,Gold-naped Finch,aves
orabul1,Orange Bullfinch,aves
gyhbul2,Gray-headed Bullfinch,aves
rehbul1,Red-headed Bullfinch,aves
whcbul1,White-cheeked Bullfinch,aves
eurbul1,Azores Bullfinch,aves
brobul1,Brown Bullfinch,aves
gyhbul5,Taiwan Bullfinch,aves
eurbul,Eurasian Bullfinch,aves
whnpar1,White-necked Parakeet,aves
sanpar2,Santarem Parakeet,aves
paipar5,Perija Parakeet,aves
brbpar2,Brown-breasted Parakeet,aves
bltpar2,Ochre-marked Parakeet,aves
blwpar2,Blaze-winged Parakeet,aves
fispar1,Fiery-shouldered Parakeet,aves
paipar6,Venezuelan Parakeet,aves
mabpar,Maroon-bellied Parakeet,aves
gybpar1,Gray-breasted Parakeet,aves
reepar1,Red-eared Parakeet,aves
suwpar1,Sulphur-winged Parakeet,aves
peapar1,Pearly Parakeet,aves
mafpar3,Maroon-faced Parakeet,aves
bonpar1,Bonaparte's Parakeet,aves
matpar2,Maroon-tailed Parakeet,aves
gncpar,Green-cheeked Parakeet,aves
elopar1,El Oro Parakeet,aves
crbpar1,Crimson-bellied Parakeet,aves
pfrpar1,Pfrimer's Parakeet,aves
paipar2,Painted Parakeet,aves
rohpar1,Rose-headed Parakeet,aves
rofpar3,Rose-fronted Parakeet,aves
blcpar1,Black-capped Parakeet,aves
496005,Subandean Parakeet,aves
sampar1,Santa Marta Parakeet,aves
orwpyt1,Orange-winged Pytilia,aves
refpyt1,Red-faced Pytilia,aves
rebpyt1,Red-billed Pytilia,aves
grwpyt1,Green-winged Pytilia,aves
rewpyt1,Red-winged Pytilia,aves
bawnig3,Tschudi's Nightjar,aves
carque1,Cardinal Quelea,aves
rehque1,Red-headed Quelea,aves
rebque1,Red-billed Quelea,aves
putfru1,Purple-throated Fruitcrow,aves
244024,Giant Cicada,insecta
cargra1,Carib Grackle,aves
botgra,Boat-tailed Grackle,aves
grtgra,Great-tailed Grackle,aves
nicgra1,Nicaraguan Grackle,aves
gragra1,Greater Antillean Grackle,aves
slbgra1,Slender-billed Grackle,aves
comgra,Common Grackle,aves
caaant1,Caatinga Antwren,aves
radshe1,Radjah Shelduck,aves
forrai1,Forbes's Forest Rail,aves
wsfrai1,White-striped Forest Rail,aves
mayrai1,Mayr's Forest Rail,aves
chfrai1,Chestnut Forest Rail,aves
andcra1,Andaman Crake,aves
sllcra1,Slaty-legged Crake,aves
relcra1,Red-legged Crake,aves
rencra1,Red-necked Crake,aves
virrai1,Ecuadorian Rail,aves
ausrai1,Austral Rail,aves
watrai1,Water Rail,aves
afrrai1,African Rail,aves
clarai11,Clapper Rail,aves
kinrai4,King Rail,aves
bncrai1,Brown-cheeked Rail,aves
virrai2,Virginia Rail,aves
manrai1,Mangrove Rail,aves
madrai1,Madagascar Rail,aves
ridrai1,Ridgway's Rail,aves
bograi1,Bogota Rail,aves
kinrai2,Aztec Rail,aves
plfrai1,Plain-flanked Rail,aves
vichum,Violet-crowned Hummingbird,aves
grfhum1,Green-fronted Hummingbird,aves
bkmtou1,Yellow-throated Toucan,aves
chotou1,Choco Toucan,aves
rebtou2,Red-breasted Toucan,aves
kebtou1,Keel-billed Toucan,aves
toctou1,Toco Toucan,aves
whttou1,White-throated Toucan,aves
chbtou1,Channel-billed Toucan,aves
refdov1,Red-eared Fruit-Dove,aves
macfrd1,Maroon-chinned Fruit-Dove,aves
jafdov1,Jambu Fruit-Dove,aves
bcfdov1,Black-chinned Fruit-Dove,aves
macfrd2,Sula Fruit-Dove,aves
fbfdov1,Flame-breasted Fruit-Dove,aves
crbfrd1,Cream-breasted Fruit-Dove,aves
ybfdov2,Yellow-breasted Fruit-Dove,aves
macfrd3,Banggai Fruit-Dove,aves
lobgna5,Long-billed Gnatwren,aves
lobgna4,Chattering Gnatwren,aves
bratan1,Brazilian Tanager,aves
sibtan2,Silver-beaked Tanager,aves
crbtan1,Crimson-backed Tanager,aves
flrtan1,Flame-rumped Tanager,aves
bkbtan1,Black-bellied Tanager,aves
mactan1,Masked Crimson Tanager,aves
y00599,Scarlet-rumped Tanager,aves
crctan1,Crimson-collared Tanager,aves
whbthr3,Martinique Thrasher,aves
whbthr4,St. Lucia Thrasher,aves
thblar1,Thick-billed Lark,aves
sabher1,Saw-billed Hermit,aves
blbtho1,Black-backed Thornbill,aves
pubtho1,Purple-backed Thornbill,aves
flafly1,Flammulated Flycatcher,aves
dutfla1,Dusky-tailed Flatbill,aves
lahfla2,Large-headed Flatbill,aves
rutfla1,Rufous-tailed Flatbill,aves
babhon1,Bar-breasted Honeyeater,aves
brbhon1,Brown-backed Honeyeater,aves
25488,Moor Frog,amphibia
25545,Northern Red-legged Frog,amphibia
25669,Agile Frog,amphibia
25523,Tago's Brown Frog,amphibia
25591,European Common Frog,amphibia
460621,Ueno's Brown Frog,amphibia
ranwar1,Rand's Warbler,aves
42199,Caribou,mammalia
517069,Green-and-Golden Bell Frog,amphibia
517096,Motorbike Frog,amphibia
517107,Southern Bell Frog,amphibia
70908,Variable Bush Frog,amphibia
26350,Beddome's Bush Frog,amphibia
134972,Coorg Yellow Bush Frog,amphibia
66387,Kalpetta Yellow Bush Frog,amphibia
26426,Karin Bubble-nest Frog,amphibia
26310,Kudremukh Bush Frog,amphibia
dodo1,Dodo,aves
44570,Australian Bush Rat,mammalia
1458045,Australian Swamp Rat,mammalia
44576,Brown Rat,mammalia
44575,Black Rat,mammalia
46032,Pale Giant Squirrel,mammalia
46033,Black Giant Squirrel,mammalia
46030,Indian Giant Squirrel,mammalia
baytan3,Blue-and-yellow Tanager,aves
1658296,South Australian Tree Frog,amphibia
1633164,Southern Brown Tree Frog,amphibia
1633168,Whirring Tree Frog,amphibia
1633169,Verreaux's Tree Frog,amphibia
ameavo,American Avocet,aves
andavo1,Andean Avocet,aves
pieavo1,Pied Avocet,aves
renavo1,Red-necked Avocet,aves
42305,Southern Reedbuck,mammalia
42306,Mountain Reedbuck,mammalia
flamec1,Flamecrest,aves
firecr1,Common Firecrest,aves
firecr3,Madeira Firecrest,aves
goldcr1,Goldcrest,aves
gockin,Golden-crowned Kinglet,aves
picdov1,Pied Cuckoo-Dove,aves
crcdov1,Crested Cuckoo-Dove,aves
grcdov2,Great Cuckoo-Dove,aves
44431,Western Harvest Mouse,mammalia
chptit1,Chinese Penduline-Tit,aves
wcptit1,White-crowned Penduline-Tit,aves
bhptit1,Black-headed Penduline-Tit,aves
euptit1,Eurasian Penduline-Tit,aves
lobrha1,Long-billed Rhabdornis,aves
stbrha1,Stripe-breasted Rhabdornis,aves
stsrha2,Stripe-sided Rhabdornis,aves
visrha1,Visayan Rhabdornis,aves
wrihor1,Wrinkled Hornbill,aves
sulhor1,Sulawesi Hornbill,aves
wrihor2,Writhed Hornbill,aves
wrbhor1,Writhe-billed Hornbill,aves
743461,Rhacocleis annulata,insecta
67078,Leaf Litter Toad,amphibia
motwhi1,Mottled Berryhunter,aves
yebmal1,Yellow-billed Malkoha,aves
sirnee1,Silver-rumped Spinetail,aves
sabspi1,Sabine's Spinetail,aves
grerhe1,Greater Rhea,aves
lesrhe2,Lesser Rhea,aves
harant1,Harlequin Antbird,aves
chcant1,Chestnut-crested Antbird,aves
baeant1,Bare-eyed Antbird,aves
whbant5,White-breasted Antbird,aves
hacant1,Hairy-crested Antbird,aves
crearg3,Malayan Crested Argus,aves
crearg1,Vietnamese Crested Argus,aves
67093,Argentine Toad,amphibia
67107,Cururu Toad,amphibia
67108,Bella Vista Toad,amphibia
67114,granular toad,amphibia
517119,Giant Toad,amphibia
67117,Yellow Cururu Toad,amphibia
553515,Cane Toad,amphibia
67135,Ornate Forest toad,amphibia
43345,Indian Rhinoceros,mammalia
cregal1,Crested Gallito,aves
40694,acuminate horseshoe bat,mammalia
40676,Intermediate Horseshoe Bat,mammalia
40673,Blasius's horseshoe bat,mammalia
1425890,Indochinese Horseshoe Bat,mammalia
320633,Geoffroy's horseshoe bat,mammalia
40646,Creagh's horseshoe bat,mammalia
40677,Mediterranean horseshoe bat,mammalia
40645,Greater Horseshoe Bat,mammalia
75013,Formosan Woolly Horseshoe Bat,mammalia
183175,Hildebrandt's horseshoe bat,mammalia
40695,Lesser Horseshoe Bat,mammalia
40679,insular horseshoe bat,mammalia
40686,Woolly Horseshoe Bat,mammalia
40661,Eastern Horseshoe Bat,mammalia
785254,Formosan Lesser Horseshoe Bat,mammalia
1421190,Glossy Horseshoe Bat,mammalia
40654,Rufous Horseshoe Bat,mammalia
40702,Lesser Woolly Horseshoe Bat,mammalia
40693,Bushveld horseshoe bat,mammalia
75023,Chinese Rufous Horseshoe Bat,mammalia
40670,Swinny's horseshoe bat,mammalia
40692,Trefoil Horseshoe Bat,mammalia
26686,Mexican Burrowing Toad,amphibia
helhor1,Helmeted Hornbill,aves
155330,Egyptian Mouse-tailed Bat,mammalia
40640,Greater Mouse-tailed Bat,mammalia
blsbil1,Black Scimitarbill,aves
forwoo1,Forest Scimitarbill,aves
cosbil1,Common Scimitarbill,aves
absbil1,Abyssinian Scimitarbill,aves
jercou1,Jerdon's Courser,aves
brwcou1,Bronze-winged Courser,aves
thbcou1,Three-banded Courser,aves
rafmal1,Raffles's Malkoha,aves
whtfan1,White-throated Fantail,aves
gryfan1,Gray Fantail,aves
visfan1,Visayan Fantail,aves
spbfan1,Spot-breasted Fantail,aves
frifan1,Friendly Fantail,aves
blafan1,Black Fantail,aves
whbfan2,White-browed Fantail,aves
dimfan1,Dimorphic Fantail,aves
whwfan1,White-winged Fantail,aves
cocfan4,White-gorgeted Fantail,aves
blhfan1,Blue-headed Fantail,aves
bisfan1,Bismarck Fantail,aves
stbfan1,Streak-breasted Fantail,aves
brcfan1,Brown-capped Fantail,aves
brnfan1,Bougainville Fantail,aves
arafan1,Arafura Fantail,aves
whbfan1,White-bellied Fantail,aves
nezfan1,New Zealand Fantail,aves
citfan1,Cinnamon-tailed Fantail,aves
pelfan1,Peleng Fantail,aves
chbfan1,Chestnut-bellied Fantail,aves
piefan1,Malaysian Pied-Fantail,aves
pohfan1,Pohnpei Fantail,aves
fisfan1,Fiji Streaked Fantail,aves
palfan1,Palau Fantail,aves
wilwag1,Willie-wagtail,aves
wbtfan1,White-bellied Thicket-Fantail,aves
ruffan4,Louisiade Fantail,aves
bltfan1,Black Thicket-Fantail,aves
malfan1,Malaita Fantail,aves
matfan1,Mussau Fantail,aves
sacfan1,Santa Cruz Fantail,aves
samfan1,Samoan Fantail,aves
phipif1,Philippine Pied-Fantail,aves
bacfan1,Black-and-cinnamon Fantail,aves
brnfan2,Guadalcanal Fantail,aves
lotfan1,Long-tailed Fantail,aves
spofan1,Spotted Fantail,aves
kanfan1,Kadavu Fantail,aves
manfan1,Mangrove Fantail,aves
rutfan1,Rufous-tailed Fantail,aves
renfan1,Rennell Fantail,aves
rubfan1,Rufous-backed Fantail,aves
ruffan13,Australian Rufous Fantail,aves
norfan1,Northern Fantail,aves
sorfan1,Solomons Rufous Fantail,aves
visblf1,Visayan Blue-Fantail,aves
tabfan1,Tablas Fantail,aves
arafan2,Supertramp Fantail,aves
manfan2,Manus Fantail,aves
strfan2,Vanuatu Streaked Fantail,aves
rubfan3,Taliabu Fantail,aves
blufan1,Mindanao Blue-Fantail,aves
cibfan1,Tawny-backed Fantail,aves
dusfan1,Dusky Fantail,aves
rubfan2,Sulawesi Fantail,aves
sotfan1,Sooty Thicket-Fantail,aves
ruffan3,Gilolo Fantail,aves
strfan5,New Caledonian Streaked Fantail,aves
mirfan1,Micronesian Rufous Fantail,aves
45026,Large Bamboo Rats,mammalia
lobpar2,Dulit Partridge,aves
lobpar3,Long-billed Partridge,aves
lekfin,Lesser Koa-Finch,aves
grkfin,Greater Koa-Finch,aves
rottan2,Rosy Thrush-Tanager,aves
pihduc1,Pink-headed Duck,aves
crwfin2,Crimson-winged Finch,aves
ropbus1,Rosy-patched Bushshrike,aves
oashum1,Oasis Hummingbird,aves
crbfin1,Crimson-breasted Finch,aves
desfin2,Desert Finch,aves
rosgul,Ross's Gull,aves
75036,Yucatán Yellow Bat,mammalia
75038,Thomas's Yellow Bat,mammalia
40410,little yellow bat,mammalia
45832,Great Gerbil,mammalia
sttant1,Star-throated Antwren,aves
tarbab1,Tarim Babbler,aves
beibab1,Beijing Babbler,aves
sleant1,Slender Antbird,aves
btsfin1,Band-tailed Sierra Finch,aves
blufin1,Blue Finch,aves
casfin1,Carbonated Sierra Finch,aves
mosfin1,Mourning Sierra Finch,aves
olifla2,Western Olivaceous Flatbill,aves
eyrfla1,Eye-ringed Flatbill,aves
fubfla1,Fulvous-breasted Flatbill,aves
olifla3,Eastern Olivaceous Flatbill,aves
pacfla1,Pacific Flatbill,aves
43224,Black-and-rufous Sengi,mammalia
41396,Proboscis Bat,mammalia
mcclon,Thick-billed Longspur,aves
thbpar,Thick-billed Parrot,aves
mafpar1,Maroon-fronted Parrot,aves
tafqua1,Tawny-faced Quail,aves
stcspa2,Yungas Sparrow,aves
tumspa1,Tumbes Sparrow,aves
stcspa3,Chaco Sparrow,aves
somgro1,Somali Grosbeak,aves
gowgro2,Arabian Grosbeak,aves
gowgro3,Socotra Grosbeak,aves
huatin1,Huayco Tinamou,aves
rewtin1,Red-winged Tinamou,aves
kagu1,Kagu,aves
knohor1,Knobbed Hornbill,aves
sumhor1,Sumba Hornbill,aves
narhor1,Narcondam Hornbill,aves
blyhor1,Blyth's Hornbill,aves
plphor1,Plain-pouched Hornbill,aves
wrehor1,Wreathed Hornbill,aves
rufmou1,Rufous Mourner,aves
pabmou1,Pale-bellied Mourner,aves
gramou1,Grayish Mourner,aves
blhhum1,Blue-headed Hummingbird,aves
braeme2,Brace's Emerald,aves
pureme1,Puerto Rican Emerald,aves
cubeme1,Cuban Emerald,aves
hiseme1,Hispaniolan Emerald,aves
aztthr,Aztec Thrush,aves
soifro1,Solomons Frogmouth,aves
gytmar1,Gray-throated Martin,aves
conmar1,Congo Martin,aves
plamar3,Madagascar Martin,aves
pasmar1,Pale Martin,aves
plamar1,Plain Martin,aves
banswa,Bank Swallow,aves
relkit,Red-legged Kittiwake,aves
bklkit,Black-legged Kittiwake,aves
luzwrb1,Cordillera Ground-Warbler,aves
gybbab2,Bicol Ground-Warbler,aves
simgrw1,Sierra Madre Ground-Warbler,aves
458944,Roesel's Bush-cricket,insecta
titgre1,Titicaca Grebe,aves
whtgre3,White-tufted Grebe,aves
crepar1,Crested Partridge,aves
1501181,Romalea picticornis,insecta
rorbar1,Roraiman Barbtail,aves
auspas1,Australian Painted-Snipe,aves
grpsni1,Greater Painted-Snipe,aves
snakit,Snail Kite,aves
rourai1,Rouget's Rail,aves
75042,Egyptian Rousette,mammalia
40848,Geoffroy's Rousette,mammalia
75044,Leschenault’s Rousette,mammalia
40850,Madagascan Rousette,mammalia
goifin1,Gough Island Finch,aves
gybbul1,Gray-bellied Bulbul,aves
bkcbul3,Ruby-throated Bulbul,aves
spebul1,Spectacled Bulbul,aves
blcbul2,Black-crested Bulbul,aves
bkcbul1,Flame-throated Bulbul,aves
bkcbul2,Black-capped Bulbul,aves
bkcbul4,Bornean Bulbul,aves
scbbul1,Scaly-breasted Bulbul,aves
75046,Barasingha,mammalia
75047,Eld's Deer,mammalia
blbcra1,Black-banded Crake,aves
rawcra1,Red-and-white Crake,aves
ocecra1,Ocellated Crake,aves
ruccra1,Russet-crowned Crake,aves
rufcra1,Rufous-faced Crake,aves
lbweye2,Long-billed White-eye,aves
trweye1,Teardrop White-eye,aves
75049,Kipunji,mammalia
42347,Northern Chamois,mammalia
andcot1,Andean Cock-of-the-rock,aves
gcoroc1,Guianan Cock-of-the-rock,aves
roahaw,Roadside Hawk,aves
75051,Philippine Brown Deer,mammalia
75052,Javan Rusa,mammalia
75053,Sambar,mammalia
499203,Ruspolia lineosa,insecta
362292,Large Conehead,insecta
indski1,Indian Skimmer,aves
afrski1,African Skimmer,aves
blkski,Black Skimmer,aves
41342,Yellow-bellied Pouched Bat,mammalia
41344,Pel's pouched bat,mammalia
41343,Bare-rumped Pouched Bat,mammalia
41337,Greater Sac-winged Bat,mammalia
41338,Frosted Sac-winged Bat,mammalia
41336,Amazonian Sac-winged Bat,mammalia
41339,Lesser Sac-winged Bat,mammalia
secret2,Secretarybird,aves
43389,Saddleback Tamarin,mammalia
43384,Geoffroy’s Tamarin,mammalia
43390,Black-chinned Emperor Tamarin,mammalia
43382,Mottled-face Tamarin,mammalia
43388,Red-chested Mustached Tamarin,mammalia
1368627,Red-mantle Saddle-back Tamarin,mammalia
1368625,Andean Saddle-back Tamarin,mammalia
43385,Silvery-brown Tamarin,mammalia
43387,Golden-handed Tamarin,mammalia
43380,Spix's Mustached Tamarin,mammalia
75057,Western Black-handed Tamarin,mammalia
43386,Black-mantled Tamarin,mammalia
43391,Cotton-headed Tamarin,mammalia
1568140,Red-cap Mustached Tamarin,mammalia
43381,Golden-mantle Saddleback Tamarin,mammalia
901356,Eastern Black-handed Tamarin,mammalia
1368626,White-mantled Tamarin,mammalia
43426,Black-capped Squirrel Monkey,mammalia
1368519,Humboldt’s Squirrel Monkey,mammalia
1368523,Collins' Squirrel Monkey,mammalia
1641936,Ecuadorian Squirrel Monkey,mammalia
43425,Central American Squirrel Monkey,mammalia
43428,Common Squirrel Monkey,mammalia
sicant1,Silvery-cheeked Antshrike,aves
bkcant2,Black-crested Antshrike,aves
gloant1,Glossy Antshrike,aves
bkcant1,Streak-fronted Antshrike,aves
rocwre,Rock Wren,aves
spocre2,African Spotted Creeper,aves
spocre3,Indian Spotted Creeper,aves
leasal1,Lesser Antillean Saltator,aves
blhsal1,Black-headed Saltator,aves
blwsal1,Black-winged Saltator,aves
gobsal1,Golden-billed Saltator,aves
massal1,Masked Saltator,aves
grasal3,Bluish-gray Saltator,aves
bltgro2,Black-throated Grosbeak,aves
grasal2,Cinnamon-bellied Saltator,aves
slcgro1,Slate-colored Grosbeak,aves
thbsal1,Thick-billed Saltator,aves
butsal1,Buff-throated Saltator,aves
blcsal1,Black-cowled Saltator,aves
grasal4,Olive-gray Saltator,aves
orisal1,Orinocan Saltator,aves
grwsal1,Green-winged Saltator,aves
strsal1,Streaked Saltator,aves
bltsal1,Black-throated Saltator,aves
mccfin1,Many-colored Chaco Finch,aves
saltea1,Salvadori's Teal,aves
1633186,White-lipped Tree Frog,amphibia
496700,Brown Capuchin,mammalia
516975,Hooded Capuchin,mammalia
516974,Black-striped Capuchin,mammalia
410834,Black capuchin,mammalia
499235,Crested Capuchin,mammalia
sapayo1,Sapayoa,aves
retcom1,Red-tailed Comet,aves
rehvul1,Red-headed Vulture,aves
visbro1,Visayan Broadbill,aves
watbro1,Wattled Broadbill,aves
40232,Tasmanian Devil,mammalia
coleto1,Coleto,aves
kinvul1,King Vulture,aves
comduc2,Knob-billed Duck,aves
comduc3,Comb Duck,aves
spwsta1,Spot-winged Starling,aves
strflu1,Striped Flufftail,aves
whwflu1,White-winged Flufftail,aves
stbflu1,Streaky-breasted Flufftail,aves
busflu1,Buff-spotted Flufftail,aves
madflu1,Madagascar Flufftail,aves
chhflu1,Chestnut-headed Flufftail,aves
whsflu1,White-spotted Flufftail,aves
recflu1,Red-chested Flufftail,aves
slbflu1,Slender-billed Flufftail,aves
rufpic1,Rufous Piculet,aves
whbpic3,White-browed Piculet,aves
yebtyr2,Yellow-browed Tyrant,aves
berhum,Berylline Hummingbird,aves
chbhum1,Chestnut-bellied Hummingbird,aves
gnbhum2,Copper-tailed Hummingbird,aves
inchum1,Indigo-capped Hummingbird,aves
azchum1,Azure-crowned Hummingbird,aves
blthum1,Blue-tailed Hummingbird,aves
snbhum1,Snowy-bellied Hummingbird,aves
buvhum1,Blue-vented Hummingbird,aves
stvhum2,Steely-vented Hummingbird,aves
corhum1,Copper-rumped Hummingbird,aves
grbhum1,Green-bellied Hummingbird,aves
saugul2,Saunders's Gull,aves
75062,Roberts's flat-headed bat,mammalia
piebus1,Pied Bushchat,aves
caisto1,Fuerteventura Stonechat,aves
grybus1,Gray Bushchat,aves
timbus1,Timor Bushchat,aves
whtbus1,White-throated Bushchat,aves
jerbus1,Jerdon's Bushchat,aves
whtsto2,White-tailed Stonechat,aves
whbbus4,White-browed Bushchat,aves
y00427,Siberian Stonechat,aves
whinch1,Whinchat,aves
stonec4,European Stonechat,aves
stonec7,Amur Stonechat,aves
reusto1,Reunion Stonechat,aves
afrsto1,African Stonechat,aves
blkpho,Black Phoebe,aves
easpho,Eastern Phoebe,aves
saypho,Say's Phoebe,aves
47014,Eastern Mole,mammalia
26691,Couch's Spadefoot,amphibia
26695,Eastern Spadefoot,amphibia
26693,Hurter's Spadefoot,amphibia
whttap1,White-throated Tapaculo,aves
chutap1,Chucao Tapaculo,aves
tobcat2,Tooth-billed Bowerbird,aves
mrmwar1,Mrs. Moreau's Warbler,aves
rufvan1,Rufous Vanga,aves
thlsch8,Foothill Schiffornis,aves
varsch1,Varzea Schiffornis,aves
thlsch7,Olivaceous Schiffornis,aves
thlsch4,Russet-winged Schiffornis,aves
thlsch3,Brown-winged Schiffornis,aves
thlsch2,Northern Schiffornis,aves
gresch2,Greenish Schiffornis,aves
21861,African Red Toad,amphibia
webhum3,White-throated Daggerbill,aves
webhum1,Geoffroy's Daggerbill,aves
blftan1,Black-faced Tanager,aves
cintan1,Cinnamon Tanager,aves
silpri2,Sierra Leone Prinia,aves
whcpri2,White-chinned Prinia,aves
brtgra2,Broad-tailed Grassbird,aves
brigra2,Bristled Grassbird,aves
chospi2,Chotoy Spinetail,aves
dusful1,Dusky Fulvetta,aves
ruwful1,Rufous-winged Fulvetta,aves
yetful1,Yellow-throated Fulvetta,aves
rucful1,Rusty-capped Fulvetta,aves
bkcful1,Black-crowned Fulvetta,aves
rutful1,Rufous-throated Fulvetta,aves
gofful2,Gold-fronted Fulvetta,aves
scaswi1,Scarce Swift,aves
zimant1,Zimmer's Antbird,aves
chtant2,Chestnut-tailed Antbird,aves
24293,Crubixa Snouted Tree Frog,amphibia
24359,Boeseman's Snouted Tree Frog,amphibia
555176,Manaus Snouted Tree Frog,amphibia
134631,Olive Snouted Tree Frog,amphibia
24287,Brown-bordered Snouted Tree Frog,amphibia
24285,Fuscous-blotched Snouted Tree Frog,amphibia
24288,Eirunepe Snouted Tree Frog,amphibia
24363,Argentine Snouted Tree Frog,amphibia
24354,Hay's Snouted Tree Frog,amphibia
199793,Santa Catarina Snouted Tree Frog,amphibia
24279,Lesser Snouted Tree Frog,amphibia
24362,Spix's Snouted Tree Frog,amphibia
24324,Ribeirão Branco Snouted Tree Frog,amphibia
24322,Red Snouted Tree Frog,amphibia
24357,Striped Snouted Tree Frog,amphibia
24323,Stauffer's Tree Frog,amphibia
199795,Coastal Snouted Tree Frog,amphibia
fibmyn2,Finch-billed Myna,aves
46026,Neotropical Pygmy Squirrel,mammalia
75066,Gabon Squirrel Galago,mammalia
46077,Père David's Rock Squirrel,mammalia
46018,Abert's Squirrel,mammalia
45998,Guianan Squirrel,mammalia
46014,Allen's Squirrel,mammalia
46015,Caucasian Squirrel,mammalia
46019,Arizona Gray Squirrel,mammalia
46009,Red-bellied Squirrel,mammalia
1546001,Brazilian Squirrel,mammalia
46017,Eastern Gray Squirrel,mammalia
46016,Collie's Squirrel,mammalia
45997,Deppe's Squirrel,mammalia
46010,Red-tailed Squirrel,mammalia
46023,Western Gray Squirrel,mammalia
46002,Bolivian Squirrel,mammalia
46000,Japanese Squirrel,mammalia
1596234,White-naped Squirrel,mammalia
46020,Eastern Fox Squirrel,mammalia
46008,Peters's Squirrel,mammalia
46007,Andean Squirrel,mammalia
46011,Southern Amazon Red Squirrel,mammalia
46004,Guayaquil Squirrel,mammalia
46005,Variegated Squirrel,mammalia
46001,Eurasian Red Squirrel,mammalia
46003,Yucatán Squirrel,mammalia
silant1,Silvered Antbird,aves
517132,Raucous Toad,amphibia
517052,Garman's Toad,amphibia
517053,Guttural Toad,amphibia
733757,Hallowell's Toad,amphibia
517047,Mauritanian Toad,amphibia
517449,Western Leopard Toad,amphibia
517450,Eastern Leopard Toad,amphibia
517056,Power's Toad,amphibia
517057,Eastern Flat-backed Toad,amphibia
517048,Egyptian Toad,amphibia
gywfra1,Gray-winged Francolin,aves
moofra3,Elgon Francolin,aves
finfra2,Finsch's Francolin,aves
orrfra2,Orange River Francolin,aves
rewfra2,Red-winged Francolin,aves
moofra2,Moorland Francolin,aves
shefra1,Shelley's Francolin,aves
rinfra2,Ring-necked Francolin,aves
shefra3,Whyte's Francolin,aves
grtlea1,Gray-throated Leaftosser,aves
bltlea1,Black-tailed Leaftosser,aves
sctlea1,Scaly-throated Leaftosser,aves
tatlea1,Middle American Leaftosser,aves
soalea1,South American Leaftosser,aves
shblea1,Short-billed Leaftosser,aves
rublea1,Rufous-breasted Leaftosser,aves
bukwoo1,Bukidnon Woodcock,aves
sulwoo1,Sulawesi Woodcock,aves
amewoo,American Woodcock,aves
amawoo1,Amami Woodcock,aves
molwoo1,Moluccan Woodcock,aves
duswoo3,New Guinea Woodcock,aves
eurwoo,Eurasian Woodcock,aves
duswoo4,Javan Woodcock,aves
hamerk1,Hamerkop,aves
stswar1,Scrub Warbler,aves
vefowl1,Vermiculated Fishing-Owl,aves
pefowl1,Pel's Fishing-Owl,aves
rufowl1,Rufous Fishing-Owl,aves
40436,Yellow-bellied House Bat,mammalia
75069,Greater Asian Yellow Bat,mammalia
40432,Lesser Asian Yellow Bat,mammalia
465042,Giant House Bat,mammalia
75073,Inland Broad-nosed Bat,mammalia
75075,Eastern Broad-nosed Bat,mammalia
230718,Curve-tailed Bush Katydid,insecta
55957,Fork-tailed Bush Katydid,insecta
230720,Broad-winged Bush Katydid,insecta
203449,Northern Bush Katydid,insecta
153212,Texas Bush Katydid,insecta
tsctap1,Tschudi's Tapaculo,aves
anctap1,Ancash Tapaculo,aves
nebtap1,Neblina Tapaculo,aves
alptap1,Tatama Tapaculo,aves
partap4,Loja Tapaculo,aves
siftap1,Silvery-fronted Tapaculo,aves
whctap1,White-crowned Tapaculo,aves
boltap1,Bolivian Tapaculo,aves
partap1,Paramillo Tapaculo,aves
cartap1,Caracas Tapaculo,aves
chotap1,Choco Tapaculo,aves
diatap2,Diamantina Tapaculo,aves
ruvtap1,Rufous-vented Tapaculo,aves
miltap1,Jalca Tapaculo,aves
dustap1,Dusky Tapaculo,aves
juntap1,Junin Tapaculo,aves
sertap1,Boa Nova Tapaculo,aves
mattap1,Pale-bellied Tapaculo,aves
blatap2,Utcubamba Tapaculo,aves
martap1,Marsh Tapaculo,aves
whwtap1,White-winged Tapaculo,aves
brrtap1,Brown-rumped Tapaculo,aves
blatap1,Blackish Tapaculo,aves
laftap1,Large-footed Tapaculo,aves
magtap1,Magellanic Tapaculo,aves
mertap1,Merida Tapaculo,aves
lottap1,Long-tailed Tapaculo,aves
bratap1,Brasilia Tapaculo,aves
partap2,Paramo Tapaculo,aves
platap1,Planalto Tapaculo,aves
tactap1,Tacarcuna Tapaculo,aves
chutap2,Chusquea Tapaculo,aves
tritap1,Trilling Tapaculo,aves
pertap1,Perija Tapaculo,aves
roctap1,Rock Tapaculo,aves
ecutap1,Ecuadorian Tapaculo,aves
upmtap1,Magdalena Tapaculo,aves
samtap1,Santa Marta Tapaculo,aves
diatap1,Diademed Tapaculo,aves
puntap1,Puna Tapaculo,aves
moctap1,Mouse-colored Tapaculo,aves
spitap2,Spillmann's Tapaculo,aves
stitap1,Stiles's Tapaculo,aves
whbtap2,White-browed Tapaculo,aves
unitap1,Unicolored Tapaculo,aves
viltap1,Vilcabamba Tapaculo,aves
nartap2,Nariño Tapaculo,aves
amptap1,Ampay Tapaculo,aves
zimtap1,Zimmer's Tapaculo,aves
chbcuc2,Channel-billed Cuckoo,aves
ovenbi1,Ovenbird,aves
glthum1,Glow-throated Hummingbird,aves
calhum,Calliope Hummingbird,aves
withum1,Wine-throated Hummingbird,aves
volhum1,Volcano Hummingbird,aves
bumhum,Bumblebee Hummingbird,aves
brthum,Broad-tailed Hummingbird,aves
rufhum,Rufous Hummingbird,aves
allhum,Allen's Hummingbird,aves
scihum1,Scintillant Hummingbird,aves
goutou1,Gould's Toucanet,aves
spbtou1,Spot-billed Toucanet,aves
tattou1,Tawny-tufted Toucanet,aves
guitou1,Guianan Toucanet,aves
goctou1,Golden-collared Toucanet,aves
yeetou1,Yellow-eared Toucanet,aves
twwbop1,Twelve-wired Bird-of-Paradise,aves
740697,Semia watanabei,insecta
walsta2,Standardwing Bird-of-Paradise,aves
23528,Weale's Running Frog,amphibia
1071032,Bengal Sacred Langur,mammalia
54869,Terai Sacred Langur,mammalia
1071035,Malabar Sacred Langur,mammalia
963196,Nilgiri Langur,mammalia
1071036,Tufted Gray Langur,mammalia
1070741,Nepal Sacred Langur,mammalia
1369308,Purple-faced Langur,mammalia
prbbar1,Prong-billed Barbet,aves
toubar1,Toucan Barbet,aves
juffir1,Juan Fernandez Firecrown,aves
grbfir1,Green-backed Firecrown,aves
becscr1,Tropical Scrubwren,aves
whbscr1,White-browed Scrubwren,aves
tasscr1,Tasmanian Scrubwren,aves
athscr1,Atherton Scrubwren,aves
whbscr3,Spotted Scrubwren,aves
labscr2,Large-billed Scrubwren,aves
larscr1,Large Scrubwren,aves
whctan1,White-capped Tanager,aves
flabow2,Flame Bowerbird,aves
flabow3,Masked Bowerbird,aves
fimbow1,Fire-maned Bowerbird,aves
regbow1,Regent Bowerbird,aves
sibbro3,Silver-breasted Broadbill,aves
sibbro2,Gray-lored Broadbill,aves
bkhcan2,Black-headed Canary,aves
comcan,Island Canary,aves
capcan1,Cape Canary,aves
yeccan1,Yellow-crowned Canary,aves
abysis1,Ethiopian Siskin,aves
fifser1,Fire-fronted Serin,aves
eurser1,European Serin,aves
syrser1,Syrian Serin,aves
tortyr1,Torrent Tyrannulet,aves
gyctyr2,Straneck's Tyrannulet,aves
rivtyr1,River Tyrannulet,aves
sootyr1,Sooty Tyrannulet,aves
y01036,White-crested Tyrannulet,aves
1423556,Ground Robber Frog,amphibia
samnig1,Todd's Nightjar,aves
caynig1,Cayenne Nightjar,aves
litnig1,Little Nightjar,aves
adewar1,Adelaide's Warbler,aves
yelwar1,Northern Yellow Warbler,aves
norpar,Northern Parula,aves
elwwar1,Elfin-woods Warbler,aves
btbwar,Black-throated Blue Warbler,aves
babwar,Bay-breasted Warbler,aves
cerwar,Cerulean Warbler,aves
gchwar,Golden-cheeked Warbler,aves
hoowar,Hooded Warbler,aves
yerwar,Yellow-rumped Warbler,aves
stlwar,St. Lucia Warbler,aves
prawar,Prairie Warbler,aves
yetwar,Yellow-throated Warbler,aves
yetwar3,Bahama Warbler,aves
bkbwar,Blackburnian Warbler,aves
grawar,Grace's Warbler,aves
kirwar,Kirtland's Warbler,aves
magwar,Magnolia Warbler,aves
btywar,Black-throated Gray Warbler,aves
herwar,Hermit Warbler,aves
palwar,Palm Warbler,aves
chswar,Chestnut-sided Warbler,aves
yelwar,Mangrove Yellow Warbler,aves
arrwar1,Arrowhead Warbler,aves
pinwar,Pine Warbler,aves
tropar,Tropical Parula,aves
olcwar1,Olive-capped Warbler,aves
pluwar1,Plumbeous Warbler,aves
amered,American Redstart,aves
bkpwar,Blackpoll Warbler,aves
barwar,Barbuda Warbler,aves
camwar,Cape May Warbler,aves
towwar,Townsend's Warbler,aves
btnwar,Black-throated Green Warbler,aves
vitwar1,Vitelline Warbler,aves
hobbul1,Hook-billed Bulbul,aves
equaka1,Equatorial Akalat,aves
rubaka1,Rubeho Akalat,aves
bocaka11,Bocage's Akalat,aves
lowaka1,Lowland Akalat,aves
gabaka1,Gabela Akalat,aves
eacaka1,East Coast Akalat,aves
iriaka1,Iringa Akalat,aves
usaaka1,Usambara Akalat,aves
shtaka2,Short-tailed Akalat,aves
gywroc1,Gray-winged Robin-Chat,aves
shaaka1,Sharpe's Akalat,aves
whbsho3,White-bellied Sholakili,aves
whbsho1,Nilgiri Sholakili,aves
moublu,Mountain Bluebird,aves
wesblu,Western Bluebird,aves
easblu,Eastern Bluebird,aves
baitea,Baikal Teal,aves
gryfin2,Greater Yellow-Finch,aves
styfin1,Stripe-tailed Yellow-Finch,aves
ofyfin1,Orange-fronted Yellow-Finch,aves
saffin,Saffron Finch,aves
payfin1,Patagonian Yellow-Finch,aves
puyfin1,Puna Yellow-Finch,aves
chyfin1,Citron-headed Yellow-Finch,aves
gryfin1,Grassland Yellow-Finch,aves
monyef1,Monte Yellow-Finch,aves
gryfin3,Greenish Yellow-Finch,aves
rayfin1,Raimondi's Yellow-Finch,aves
sutfin1,Sulphur-throated Finch,aves
bryfin1,Bright-rumped Yellow-Finch,aves
fisfly1,Fiscal Flycatcher,aves
44902,Hispid Cotton Rat,mammalia
67185,Rainforest Rocket Frog,amphibia
yebcht1,Yellow-bellied Chat-Tyrant,aves
crocht2,Crowned Chat-Tyrant,aves
jelcht1,Jelski's Chat-Tyrant,aves
gobcht1,Golden-browed Chat-Tyrant,aves
crocht3,Kalinowski's Chat-Tyrant,aves
740357,Eremophila and Senna Cicadas,insecta
1650286,Priest Cicada,insecta
jampau,Jamaican Pauraque,aves
leapau1,Least Pauraque,aves
sttant3,Stub-tailed Antbird,aves
dumant1,Dull-mantled Antbird,aves
esmant1,Esmeraldas Antbird,aves
dumant3,Magdalena Antbird,aves
walfai1,Wallace's Fairywren,aves
spepri1,Spectacled Prickletail,aves
whrsir1,White-rumped Sirystes,aves
siryst3,Choco Sirystes,aves
sibsir1,Sibilant Sirystes,aves
todsir1,Todd's Sirystes,aves
520469,Eastern Massasauga,reptilia
eurnut6,Siberian Nuthatch,aves
blunut1,Blue Nuthatch,aves
rebnut,Red-breasted Nuthatch,aves
whbnut,White-breasted Nuthatch,aves
kasnut1,Kashmir Nuthatch,aves
chbnut2,Indian Nuthatch,aves
chbnut3,Chestnut-bellied Nuthatch,aves
eurnut2,Eurasian Nuthatch,aves
beanut1,Beautiful Nuthatch,aves
vefnut1,Velvet-fronted Nuthatch,aves
whtnut1,White-tailed Nuthatch,aves
bnhnut2,Bahama Nuthatch,aves
krunut1,Krüper's Nuthatch,aves
algnut1,Algerian Nuthatch,aves
whcnut1,White-cheeked Nuthatch,aves
gianut1,Giant Nuthatch,aves
chvnut1,Chestnut-vented Nuthatch,aves
chbnut4,Burmese Nuthatch,aves
rocnut1,Western Rock Nuthatch,aves
subnut1,Sulphur-billed Nuthatch,aves
prznut1,Przevalski's Nuthatch,aves
bnhnut,Brown-headed Nuthatch,aves
pygnut,Pygmy Nuthatch,aves
yebnut1,Yellow-billed Nuthatch,aves
pernut1,Eastern Rock Nuthatch,aves
whbnut1,White-browed Nuthatch,aves
snbnut1,Snowy-browed Nuthatch,aves
cornut1,Corsican Nuthatch,aves
yunnut1,Yunnan Nuthatch,aves
oliwoo1,Olivaceous Woodcreeper,aves
vartit3,Chestnut-bellied Tit,aves
vartit2,Iriomote Tit,aves
vartit4,Owston's Tit,aves
whftit2,White-fronted Tit,aves
vartit1,Varied Tit,aves
weebil1,Weebill,aves
24277,Mexican Treefrog,amphibia
24272,Masked Tree Frog,amphibia
24275,Pugnosed Tree Frog,amphibia
afrbro1,African Broadbill,aves
rusbro1,Rufous-sided Broadbill,aves
gyhbro1,Gray-headed Broadbill,aves
dobcou2,Double-banded Courser,aves
olipih2,Olivaceous Piha,aves
gytpih1,Gray-tailed Piha,aves
speeid,Spectacled Eider,aves
comeid,Common Eider,aves
kineid,King Eider,aves
46414,Common Shrew,mammalia
46405,Crowned Shrew,mammalia
46433,Smoky Shrew,mammalia
46438,American Pygmy Shrew,mammalia
46471,Eurasian Pygmy Shrew,mammalia
46352,Pacific Shrew,mammalia
46503,Trowbridge's Shrew,mammalia
112853,Guyana Dolphin,mammalia
575103,Australian Humpback Dolphin,mammalia
45913,Coruro,mammalia
bcwspi1,Bay-capped Wren-Spinetail,aves
norsho,Northern Shoveler,aves
cintea,Cinnamon Teal,aves
buwtea,Blue-winged Teal,aves
hottea1,Blue-billed Teal,aves
redsho1,Red Shoveler,aves
puntea1,Puna Teal,aves
gargan,Garganey,aves
aussho1,Australasian Shoveler,aves
capsho1,Cape Shoveler,aves
siltea1,Silver Teal,aves
26699,Plains Spadefoot,amphibia
26702,Western Spadefoot,amphibia
26704,Great Basin Spadefoot,amphibia
26698,Mexican Spadefoot,amphibia
speduc2,Spectacled Duck,aves
magsta1,Magpie Starling,aves
miswrb1,Mishmi Wren-Babbler,aves
rtwbab1,Rufous-throated Wren-Babbler,aves
ltwbab1,Naga Wren-Babbler,aves
patwrb1,Pale-throated Wren-Babbler,aves
tbwbab1,Tawny-breasted Wren-Babbler,aves
chhwrb1,Chin Hills Wren-Babbler,aves
gybwrb1,Gray-bellied Wren-Babbler,aves
bwwbab1,Bar-winged Wren-Babbler,aves
bawman1,Black-and-white Mannikin,aves
broman1,Bronze Mannikin,aves
magman1,Magpie Mannikin,aves
gyhsil1,Gray-headed Silverbill,aves
wesblu1,Western Bluebill,aves
grablu1,Grant's Bluebill,aves
rehblu1,Red-headed Bluebill,aves
46037,European Ground Squirrel,mammalia
46036,Daurian Ground Squirrel,mammalia
46035,Yellow Ground Squirrel,mammalia
46048,Russet Ground Squirrel,mammalia
46061,Caucasian Mountain Ground Squirrel,mammalia
46047,Speckled Ground Squirrel,mammalia
46041,Asia Minor Ground Squirrel,mammalia
67191,Caramaschi's Hatchet-faced Tree Frog,amphibia
923245,Western Burrowing Frog,amphibia
wetfig1,Wetar Figbird,aves
ausfig1,Australasian Figbird,aves
grnfig1,Green Figbird,aves
jacpen1,African Penguin,aves
humpen1,Humboldt Penguin,aves
magpen1,Magellanic Penguin,aves
galpen1,Galapagos Penguin,aves
capgra1,Cape Grassbird,aves
olehem1,Oleaginous Hemispingus,aves
bkehem2,Black-eared Hemispingus,aves
bkehem3,Western Hemispingus,aves
bkehem1,Piura Hemispingus,aves
rensap,Red-naped Sapsucker,aves
rebsap,Red-breasted Sapsucker,aves
wilsap,Williamson's Sapsucker,aves
yebsap,Yellow-bellied Sapsucker,aves
1633207,Kuranda Tree Frog,amphibia
1672269,Australian Spotted Cuscus,mammalia
41882,Alleghanian Spotted Skunk,mammalia
spodov,Spotted Dove,aves
laudov1,Laughing Dove,aves
crilon1,Cricket Longtail,aves
crseag1,Crested Serpent-Eagle,aves
anseag1,Andaman Serpent-Eagle,aves
phseag1,Philippine Serpent-Eagle,aves
moseag1,Mountain Serpent-Eagle,aves
nicsee1,Nicobar Serpent-Eagle,aves
suseag1,Sulawesi Serpent-Eagle,aves
hisspi,Hispaniolan Spindalis,aves
jamspi,Jamaican Spindalis,aves
purspi,Puerto Rican Spindalis,aves
wesspi,Western Spindalis,aves
blasis1,Black Siskin,aves
blcsis1,Black-capped Siskin,aves
blcsis2,Black-chinned Siskin,aves
thbsis1,Thick-billed Siskin,aves
redsis1,Red Siskin,aves
antsis1,Antillean Siskin,aves
lawgol,Lawrence's Goldfinch,aves
hoosis1,Hooded Siskin,aves
blhsis1,Black-headed Siskin,aves
olisis1,Olivaceous Siskin,aves
pinsis,Pine Siskin,aves
lesgol,Lesser Goldfinch,aves
safsis1,Saffron Siskin,aves
andsis1,Andean Siskin,aves
eursis,Eurasian Siskin,aves
tibser1,Tibetan Serin,aves
amegfi,American Goldfinch,aves
yersis1,Yellow-rumped Siskin,aves
yebsis1,Yellow-bellied Siskin,aves
yefsis1,Yellow-faced Siskin,aves
dickci,Dickcissel,aves
baceag2,Black-and-chestnut Eagle,aves
bawhae1,Black-and-white Hawk-Eagle,aves
orheag1,Ornate Hawk-Eagle,aves
blheag1,Black Hawk-Eagle,aves
bkcspa,Black-chinned Sparrow,aves
brespa,Brewer's Sparrow,aves
clcspa,Clay-colored Sparrow,aves
chispa,Chipping Sparrow,aves
fiespa,Field Sparrow,aves
worspa,Worthen's Sparrow,aves
amtspa,American Tree Sparrow,aves
spwfal2,Spot-winged Falconet,aves
crefin1,Crested Finchbill,aves
colfin1,Collared Finchbill,aves
piblar1,Pink-billed Lark,aves
shtlar1,Short-tailed Lark,aves
botlar1,Botha's Lark,aves
obblar1,Obbia Lark,aves
maslar1,Masked Lark,aves
scllar1,Sclater's Lark,aves
stalar2,Stark's Lark,aves
whcsta1,White-cheeked Starling,aves
rebsta1,Red-billed Starling,aves
blctan2,Blue-capped Tanager,aves
whtsee1,White-throated Seedeater,aves
wibsee1,Wing-barred Seedeater,aves
cbsfin,Chestnut-bellied Seed-Finch,aves
dubsee1,Dubois's Seedeater,aves
bbsfin1,Black-billed Seed-Finch,aves
trosee1,Tropeiro Seedeater,aves
capsee1,Copper Seedeater,aves
lessee2,Lesson's Seedeater,aves
docsee1,Double-collared Seedeater,aves
chbsee1,Chestnut-bellied Seedeater,aves
chesee1,Chestnut Seedeater,aves
rucsee1,Rusty-collared Seedeater,aves
varsee3,Variable Seedeater,aves
lbsfin1,Large-billed Seed-Finch,aves
temsee1,Temminck's Seedeater,aves
whnsee1,White-naped Seedeater,aves
bufsee1,Buffy-fronted Seedeater,aves
tbsfin1,Thick-billed Seed-Finch,aves
rursee1,Rufous-rumped Seedeater,aves
tabsee1,Tawny-bellied Seedeater,aves
ibesee1,Ibera Seedeater,aves
grysee1,Gray Seedeater,aves
whbsee1,White-bellied Seedeater,aves
linsee1,Lined Seedeater,aves
bawsee1,Black-and-white Seedeater,aves
gbsfin1,Great-billed Seed-Finch,aves
blbsee2,Black-bellied Seedeater,aves
rubsee1,Ruddy-breasted Seedeater,aves
whcsee1,Morelet's Seedeater,aves
yebsee1,Yellow-bellied Seedeater,aves
batsee2,Black-and-tawny Seedeater,aves
nisfin1,Nicaraguan Seed-Finch,aves
marsee1,Marsh Seedeater,aves
pabsee1,Parrot-billed Seedeater,aves
pebsee1,Pearly-bellied Seedeater,aves
plusee1,Plumbeous Seedeater,aves
datsee1,Dark-throated Seedeater,aves
slcsee1,Slate-colored Seedeater,aves
drasee1,Drab Seedeater,aves
chtsee1,Chestnut-throated Seedeater,aves
whcsee2,Cinnamon-rumped Seedeater,aves
spfwea1,Speckle-fronted Weaver,aves
scawea1,Scaly Weaver,aves
whbbab2,White-breasted Babbler,aves
soobab1,Sooty Babbler,aves
wbwbab1,Sikkim Wedge-billed Babbler,aves
whnbab1,White-necked Babbler,aves
chrbab1,Chestnut-rumped Babbler,aves
gytbab1,Gray-throated Babbler,aves
bltbab1,Black-throated Babbler,aves
nonbab1,Nonggang Babbler,aves
sntbab1,Snowy-throated Babbler,aves
gyhbab1,Gray-headed Babbler,aves
chbbab1,Cachar Wedge-billed Babbler,aves
spnbab1,Spot-necked Babbler,aves
whbbab1,White-bibbed Babbler,aves
ancbar1,Anchieta's Barbet,aves
whebar1,White-eared Barbet,aves
whybar1,Whyte's Barbet,aves
beafir1,Beautiful Firetail,aves
diafir1,Diamond Firetail,aves
reefir1,Red-eared Firetail,aves
stryuh1,Striated Yuhina,aves
chcyuh1,Chestnut-crested Yuhina,aves
indyuh1,Indochinese Yuhina,aves
bhqdov1,Blue-headed Quail-Dove,aves
116703,Ladder Grasshopper,insecta
oilbir1,Oilbird,aves
slbgre1,Slender-billed Greenbul,aves
srwswa1,Southern Rough-winged Swallow,aves
nrwswa,Northern Rough-winged Swallow,aves
41494,Striped Dolphin,mammalia
41503,Atlantic Spotted Dolphin,mammalia
362307,Stripe-winged Grasshopper,insecta
faifly1,Fairy Flycatcher,aves
crheag1,Crowned Eagle,aves
diatan1,Diademed Tanager,aves
plover3,Green-crowned Plovercrest,aves
plover4,Purple-crowned Plovercrest,aves
1642450,Stephoblemmus minor,insecta
brnsku3,Brown Skua,aves
chisku1,Chilean Skua,aves
lotjae,Long-tailed Jaeger,aves
sopsku1,South Polar Skua,aves
parjae,Parasitic Jaeger,aves
pomjae,Pomarine Jaeger,aves
gresku1,Great Skua,aves
blbter1,Black-bellied Tern,aves
rivter1,River Tern,aves
roster,Roseate Tern,aves
forter,Forster's Tern,aves
soater1,South American Tern,aves
comter,Common Tern,aves
arcter,Arctic Tern,aves
whcter1,White-cheeked Tern,aves
whfter1,White-fronted Tern,aves
blnter1,Black-naped Tern,aves
truter,Snowy-crowned Tern,aves
kerter1,Kerguelen Tern,aves
antter1,Antarctic Tern,aves
vichum2,Violet-chested Hummingbird,aves
litter1,Little Tern,aves
leater1,Least Tern,aves
damter2,Damara Tern,aves
perter2,Peruvian Tern,aves
faiter2,Australian Fairy Tern,aves
sauter2,Saunders's Tern,aves
yebter2,Yellow-billed Tern,aves
bkcbab3,Calabarzon Babbler,aves
rucbab3,Rusty-crowned Babbler,aves
gocbab1,Golden-crowned Babbler,aves
bkcbab10,Visayan Babbler,aves
231723,Graceful Sedge Grasshopper,insecta
57444,Large Marsh Grasshopper,insecta
231724,Striped Sedge Grasshopper,insecta
freduc1,Freckled Duck,aves
leswat2,Bahia Wagtail-Tyrant,aves
grwtyr1,Greater Wagtail-Tyrant,aves
lewtyr1,Lesser Wagtail-Tyrant,aves
gnttan1,Green-throated Tanager,aves
bubtan2,Burnished-buff Tanager,aves
leatan1,Lesser Antillean Tanager,aves
blntan1,Blue-necked Tanager,aves
bkhtan1,Black-headed Tanager,aves
blctan1,Black-capped Tanager,aves
gohtan1,Golden-hooded Tanager,aves
grctan1,Green-capped Tanager,aves
mastan1,Masked Tanager,aves
blbtan1,Black-backed Tanager,aves
sirtan1,Sira Tanager,aves
chbtan1,Chestnut-backed Tanager,aves
siltan1,Silvery Tanager,aves
scrtan1,Scrub Tanager,aves
bkhtan2,Black-hooded Tanager,aves
461900,Giant Katydid,insecta
obfrob1,Orange-breasted Forest Robin,aves
forrob4,Yellow-breasted Forest Robin,aves
forrob6,Olive-backed Forest Robin,aves
souemu1,Southern Emuwren,aves
malemu1,Mallee Emuwren,aves
rucemu1,Rufous-crowned Emuwren,aves
dobfin1,Double-barred Finch,aves
fifthr1,Finsch's Flycatcher-Thrush,aves
rufthr1,Rufous Flycatcher-Thrush,aves
yelhon1,Yellow Honeyeater,aves
whghon1,White-gaped Honeyeater,aves
476387,Mongolian Toad,amphibia
1665893,Streeyola iwasakii,insecta
1665894,Streeyola kuroiwae,insecta
1650287,Autumn Cicada,insecta
1665897,Streeyola oshimensis,insecta
1665886,Streeyola silhetana,insecta
blacur2,Black Currawong,aves
piecur1,Pied Currawong,aves
grycur1,Gray Currawong,aves
baemyn1,Bare-eyed Myna,aves
whnmyn1,White-necked Myna,aves
iscdov1,Sunda Collared-Dove,aves
rindov,Ring-necked Dove,aves
eucdov,Eurasian Collared-Dove,aves
afmdov1,Mourning Collared-Dove,aves
phicod1,Philippine Collared-Dove,aves
adtdov1,Adamawa Turtle-Dove,aves
dutdov1,Dusky Turtle-Dove,aves
ortdov,Oriental Turtle-Dove,aves
wwcdov1,White-winged Collared-Dove,aves
afcdov1,African Collared-Dove,aves
reedov1,Red-eyed Dove,aves
recdov1,Red Collared-Dove,aves
eutdov,European Turtle-Dove,aves
vindov1,Vinaceous Dove,aves
eurcod2,Burmese Collared-Dove,aves
bisswi1,Biscutate Swift,aves
tepswi1,Tepui Swift,aves
chcswi1,Chestnut-collared Swift,aves
whnswi1,White-naped Swift,aves
whcswi,White-collared Swift,aves
bouhon1,Bougainville Honeyeater,aves
kakapo2,Kakapo,aves
rubowl3,Rufous-banded Owl,aves
tawowl1,Tawny Owl,aves
omaowl1,Omani Owl,aves
chaowl1,Chaco Owl,aves
fulowl1,Fulvous Owl,aves
humowl1,Desert Owl,aves
bkbowl1,Black-banded Owl,aves
rubowl2,Rusty-barred Owl,aves
brwowl1,Brown Wood-Owl,aves
grgowl,Great Gray Owl,aves
bawowl1,Black-and-white Owl,aves
himowl1,Himalayan Owl,aves
spoowl,Spotted Owl,aves
mowowl1,Mottled Wood-Owl,aves
rulowl1,Rufous-legged Owl,aves
barowl13,Cinereous Owl,aves
spwowl1,Spotted Wood-Owl,aves
uraowl1,Ural Owl,aves
brdowl,Barred Owl,aves
motowl,Mottled Owl,aves
afwowl1,African Wood-Owl,aves
26212,Banded Stream Frog,amphibia
26218,Striped Stream Frog,amphibia
26214,Clicking Stream Frog,amphibia
apostl1,Apostlebird,aves
ostric2,Common Ostrich,aves
ostric3,Somali Ostrich,aves
lilmea2,Chihuahuan Meadowlark,aves
easmea,Eastern Meadowlark,aves
wesmea,Western Meadowlark,aves
malsta1,Malabar Starling,aves
whhsta2,White-headed Starling,aves
y00824,Chestnut-tailed Starling,aves
brasta1,Brahminy Starling,aves
whssta2,White-shouldered Starling,aves
whfsta2,White-faced Starling,aves
sposta1,Spotless Starling,aves
eursta,European Starling,aves
nosfly1,Northern Scrub-Flycatcher,aves
sosfly1,Southern Scrub-Flycatcher,aves
amsfly1,Amazonian Scrub-Flycatcher,aves
blahon1,Black Honeyeater,aves
suifly1,Suiriri Flycatcher,aves
360851,Suisha coreana,insecta
cocboo1,Cocos Booby,aves
masboo,Masked Booby,aves
nazboo1,Nazca Booby,aves
brnboo,Brown Booby,aves
bfoboo,Blue-footed Booby,aves
refboo,Red-footed Booby,aves
perboo1,Peruvian Booby,aves
488827,Sulphogaeana sulphurea,insecta
852333,Pygmy White-toothed Shrew,mammalia
46531,Asian House Shrew,mammalia
1279885,Sumatran Mountain Squirrel,mammalia
46161,Brooke's Squirrel,mammalia
871605,Bornean Mountain Ground Squirrel,mammalia
46154,Jentink's Squirrel,mammalia
46160,Northern Palawan Tree Squirrel,mammalia
1279893,Robinson's Squirrel,mammalia
46150,Lowland Slender Squirrel,mammalia
41943,Meerkat,mammalia
nohowl,Northern Hawk Owl,aves
asidrc2,Fork-tailed Drongo-Cuckoo,aves
asidrc3,Square-tailed Drongo-Cuckoo,aves
asidrc4,Moluccan Drongo-Cuckoo,aves
phidrc1,Philippine Drongo-Cuckoo,aves
42134,Wild Boar,mammalia
astpar1,Ashy-throated Parrotbill,aves
blbpar3,Pale-billed Parrotbill,aves
bnwpar2,Brown-winged Parrotbill,aves
spepar2,Spectacled Parrotbill,aves
shtpar3,Short-tailed Parrotbill,aves
fulpar1,Fulvous Parrotbill,aves
bltpar1,Black-throated Parrotbill,aves
rutpar2,Rusty-throated Parrotbill,aves
bnwpar1,Eye-ringed Parrotbill,aves
golpar2,Golden Parrotbill,aves
vitpar1,Vinous-throated Parrotbill,aves
gyhpar4,Gray-hooded Parrotbill,aves
865317,Svercacheta siamensis,insecta
520869,Cicada Cricket,insecta
603589,Svistella bifasciata,insecta
swyrob1,Swynnerton's Robin,aves
525686,Sand Fairy,insecta
1633210,Green-thighed Tree Frog,amphibia
afhbab1,African Hill Babbler,aves
blackc1,Eurasian Blackcap,aves
afhbab3,Rwenzori Hill Babbler,aves
garwar1,Garden Warbler,aves
dohthb1,Dohrn's Thrush-Babbler,aves
abycat1,Abyssinian Catbird,aves
busbla1,Bush Blackcap,aves
norcro1,Northern Crombec,aves
lebcro1,Lemon-bellied Crombec,aves
somcro1,Somali Crombec,aves
whbcro2,White-browed Crombec,aves
shbcro1,Short-billed Crombec,aves
capcro1,Long-billed Crombec,aves
reccro1,Red-capped Crombec,aves
grecro1,Green Crombec,aves
refcro1,Red-faced Crombec,aves
43111,Eastern Cottontail,mammalia
43102,Marsh Rabbit,mammalia
demwir1,Des Murs's Wiretail,aves
tatspi1,Tawny Tit-Spinetail,aves
yebtit3,Yellow-browed Tit,aves
476245,Guenther's Frog,amphibia
476407,Black-striped Frog,amphibia
moukin1,Mountain Kingfisher,aves
yebkin1,Yellow-billed Kingfisher,aves
75115,Siamang,mammalia
blamon1,Fan-tailed Monarch,aves
bawmon2,Solomons Monarch,aves
1585475,Moluccan Spectacled Monarch,aves
blcmon1,Boano Monarch,aves
biamon1,Biak Monarch,aves
kulmon1,Kolombangara Monarch,aves
whtmon2,Tanahjampea Monarch,aves
spwmon1,Spot-winged Monarch,aves
manmon1,Manus Monarch,aves
blbmon1,Kofiau Monarch,aves
whtmon1,Kai Monarch,aves
bltmon2,Buru Monarch,aves
bawmon4,Malaita Monarch,aves
hoomon1,Hooded Monarch,aves
spemon10,Louisiade Spectacled Monarch,aves
whbmon1,Mussau Monarch,aves
blbmon2,Banda Sea Monarch,aves
velmon1,Vella Lavella Monarch,aves
rufmon1,Rufous Monarch,aves
flomon1,Flores Monarch,aves
spemon1,Australian Spectacled Monarch,aves
bltmon1,Bismarck Monarch,aves
whcmon2,White-collared Monarch,aves
pabspi1,Pale-breasted Spinetail,aves
dabspi1,Dark-breasted Spinetail,aves
whlspi1,White-lored Spinetail,aves
azaspi1,Azara's Spinetail,aves
riospi1,Rio Orinoco Spinetail,aves
slaspi1,Slaty Spinetail,aves
cabspi1,Cabanis's Spinetail,aves
whwspi1,White-whiskered Spinetail,aves
bltspi1,Black-throated Spinetail,aves
chtspi1,Chestnut-throated Spinetail,aves
necspi3,Chinchipe Spinetail,aves
gybspi1,Gray-bellied Spinetail,aves
bahspi1,Bahia Spinetail,aves
stbspi1,Stripe-breasted Spinetail,aves
apuspi1,Apurimac Spinetail,aves
rubspi2,Rufous-breasted Spinetail,aves
sofspi1,Sooty-fronted Spinetail,aves
ruhspi1,Rusty-headed Spinetail,aves
plcspi1,Plain-crowned Spinetail,aves
resspi2,Red-shouldered Spinetail,aves
grespi2,Great Spinetail,aves
cibspi1,Cinereous-breasted Spinetail,aves
pinspi1,Pinto's Spinetail,aves
hotspi1,Hoary-throated Spinetail,aves
mccspi1,McConnell's Spinetail,aves
marspi3,Marañon Spinetail,aves
dusspi1,Dusky Spinetail,aves
rucspi1,Rufous-capped Spinetail,aves
rudspi1,Ruddy Spinetail,aves
occspi1,Ochre-cheeked Spinetail,aves
whlspi3,Araguaia Spinetail,aves
spispi1,Spix's Spinetail,aves
necspi1,Necklaced Spinetail,aves
sitspi1,Silvery-throated Spinetail,aves
blhspi1,Blackish-headed Spinetail,aves
rufspi1,Rufous Spinetail,aves
rubspi3,Russet-bellied Spinetail,aves
42405,African Buffalo,mammalia
rumfog1,Russet-mantled Foliage-gleaner,aves
gufgle1,Guttulate Foliage-gleaner,aves
wtfgle1,White-throated Foliage-gleaner,aves
rnfgle1,Rufous-necked Foliage-gleaner,aves
bbfgle1,Buff-browed Foliage-gleaner,aves
bolrec1,Bolivian Recurvebill,aves
lifgle1,Lineated Foliage-gleaner,aves
perrec1,Peruvian Recurvebill,aves
bluqua1,Blue Quail,aves
blbqua1,Blue-breasted Quail,aves
snmqua2,Snow Mountain Quail,aves
broqua1,Brown Quail,aves
ancmur,Ancient Murrelet,aves
cramur,Craveri's Murrelet,aves
xanmur1,Guadalupe Murrelet,aves
xanmur2,Scripps's Murrelet,aves
japmur1,Japanese Murrelet,aves
lesflo2,Lesser Florican,aves
whiher1,Whistling Heron,aves
ellphe1,Elliot's Pheasant,aves
humphe1,Mrs. Hume's Pheasant,aves
mikphe1,Mikado Pheasant,aves
reephe1,Reeves's Pheasant,aves
copphe1,Copper Pheasant,aves
palsan1,Pallas's Sandgrouse,aves
tibsan1,Tibetan Sandgrouse,aves
ligtyr1,Little Ground-Tyrant,aves
bawnig1,Band-winged Nightjar,aves
sirmal1,Sirkeer Malkoha,aves
pygswi1,Pygmy Palm Swift,aves
anpswi,Antillean Palm Swift,aves
ftpswi1,Fork-tailed Palm Swift,aves
mcrtyr1,Many-colored Rush Tyrant,aves
leagre,Least Grebe,aves
ausgre1,Australasian Grebe,aves
madgre1,Madagascar Grebe,aves
litgre1,Little Grebe,aves
alagre1,Alaotra Grebe,aves
manswa1,Mangrove Swallow,aves
whwswa1,White-winged Swallow,aves
treswa,Tree Swallow,aves
bahswa,Bahama Swallow,aves
golswa1,Golden Swallow,aves
chiswa1,Chilean Swallow,aves
whrswa1,White-rumped Swallow,aves
tumswa1,Tumbes Swallow,aves
vigswa,Violet-green Swallow,aves
falstd1,Falkland Steamer-Duck,aves
whhstd1,White-headed Steamer-Duck,aves
flystd1,Flying Steamer-Duck,aves
flistd1,Flightless Steamer-Duck,aves
43239,Short-beaked Echidna,mammalia
motswi2,Mottled Swift,aves
alpswi1,Alpine Swift,aves
ructan1,Ruby-crowned Tanager,aves
tactan1,Tawny-crested Tanager,aves
restan1,Red-shouldered Tanager,aves
whltan1,White-lined Tanager,aves
fuctan1,Fulvous-crested Tanager,aves
piegos1,Pied Goshawk,aves
shikra1,Shikra,aves
nebspa1,New Britain Sparrowhawk,aves
levspa1,Levant Sparrowhawk,aves
nicspa1,Nicobar Sparrowhawk,aves
colspa1,Collared Sparrowhawk,aves
runspa1,Rufous-necked Sparrowhawk,aves
retspa1,Red-thighed Sparrowhawk,aves
brogos1,Brown Goshawk,aves
fragos2,Frances's Sparrowhawk,aves
japspa1,Japanese Sparrowhawk,aves
necgos1,New Caledonian Goshawk,aves
molgos1,Moluccan Goshawk,aves
vargos1,Variable Goshawk,aves
imispa1,Imitator Sparrowhawk,aves
slmgos1,Slaty-mantled Goshawk,aves
blmgos1,Black-mantled Goshawk,aves
litspa1,Little Sparrowhawk,aves
smaspa1,Small Sparrowhawk,aves
grygos1,Gray Goshawk,aves
gyhgos1,Gray-headed Goshawk,aves
nebgos1,New Britain Goshawk,aves
vibspa1,Vinous-breasted Sparrowhawk,aves
fijgos1,Fiji Goshawk,aves
grfhaw1,Chinese Sparrowhawk,aves
sptgos1,Spot-tailed Goshawk,aves
besra1,Besra,aves
460591,Tacua speciosa,insecta
41300,Egyptian Free-tailed Bat,mammalia
41301,Mexican Free-tailed Bat,mammalia
75126,East Asian Free-tailed Bat,mammalia
41298,European Free-tailed Bat,mammalia
soashe1,South African Shelduck,aves
creshe1,Crested Shelduck,aves
rudshe,Ruddy Shelduck,aves
comshe,Common Shelduck,aves
ausshe1,Australian Shelduck,aves
parshe1,Paradise Shelduck,aves
colowl1,Collared Owlet,aves
colowl3,Sunda Owlet,aves
zebfin2,Zebra Finch,aves
blctyr2,Black-chested Tyrant,aves
701115,Taiwanosemia hoppoensis,insecta
886150,Talainga binghami,insecta
olshum1,Olive-spotted Hummingbird,aves
rebbrt1,Red-billed Brushturkey,aves
bkbbrt1,Yellow-legged Brushturkey,aves
bncbrt1,Red-legged Brushturkey,aves
46970,European Mole,mammalia
47105,Northern Tamandua,mammalia
47104,Southern Tamandua,mammalia
208193,Brown Bunyip,insecta
46217,Eastern Chipmunk,mammalia
46259,Douglas's Squirrel,mammalia
900236,Fremont's Squirrel,mammalia
46260,American Red Squirrel,mammalia
46168,Maritime Striped Squirrel,mammalia
697692,Himalayan Striped Squirrel,mammalia
75152,Cambodian Striped Squirrel,mammalia
46167,Swinhoe's Striped Squirrel,mammalia
goltan1,Golden Tanager,aves
turtan3,White-bellied Tanager,aves
opctan1,Opal-crowned Tanager,aves
partan1,Paradise Tanager,aves
goetan1,Golden-eared Tanager,aves
rentan1,Red-necked Tanager,aves
blbtan3,Blue-browed Tanager,aves
gietan1,Gilt-edged Tanager,aves
brbtan1,Brassy-breasted Tanager,aves
spctan1,Spangle-cheeked Tanager,aves
sectan1,Seven-colored Tanager,aves
emetan1,Emerald Tanager,aves
grntan1,Green-naped Tanager,aves
bahtan1,Bay-headed Tanager,aves
sittan1,Silver-throated Tanager,aves
plctan1,Plain-colored Tanager,aves
blwtan1,Blue-whiskered Tanager,aves
megtan1,Metallic-green Tanager,aves
ruwtan1,Rufous-winged Tanager,aves
turtan1,Turquoise Tanager,aves
bestan1,Beryl-spangled Tanager,aves
flftan1,Flame-faced Tanager,aves
ructan2,Rufous-cheeked Tanager,aves
gagtan2,Green-and-gold Tanager,aves
grhtan2,Green-headed Tanager,aves
babtan1,Blue-and-black Tanager,aves
oprtan1,Opal-rumped Tanager,aves
sactan1,Saffron-crowned Tanager,aves
926313,Tanna abdominalis,insecta
737780,Tanna infuscata,insecta
355995,Evening Cicada,insecta
902096,Tanna ornatipennis,insecta
1106813,Tanna sayurie,insecta
565875,Tanna sozanensis,insecta
915544,Tanna taipinensis,insecta
921066,Tanna viridis,insecta
azrpar8,Blue-backed Parrot,aves
bllpar1,Black-lored Parrot,aves
blnpar1,Blue-naped Parrot,aves
grbpar1,Great-billed Parrot,aves
azrpar9,Azure-rumped Parrot,aves
nupkin1,Numfor Paradise-Kingfisher,aves
bhpkin1,Brown-headed Paradise-Kingfisher,aves
kopkin1,Kofiau Paradise-Kingfisher,aves
copkin1,Common Paradise-Kingfisher,aves
lipkin1,Little Paradise-Kingfisher,aves
bubpak2,Black-capped Paradise-Kingfisher,aves
rbpkin1,Red-breasted Paradise-Kingfisher,aves
bipkin1,Biak Paradise-Kingfisher,aves
bubpak1,Buff-breasted Paradise-Kingfisher,aves
dwatin1,Dwarf Tinamou,aves
strcuc1,Striped Cuckoo,aves
41376,Black-bearded Tomb Bat,mammalia
41381,Egyptian Tomb Bat,mammalia
gybcom1,Gray-bellied Comet,aves
mashum1,Many-spotted Hummingbird,aves
43355,Baird's Tapir,mammalia
43354,Mountain Tapir,mammalia
43353,South American Tapir,mammalia
greant1,Great Antshrike,aves
468535,Tarbinskiellus portentosus,insecta
chaear1,Chaco Earthcreeper,aves
bolear1,Bolivian Earthcreeper,aves
refblu2,Qilian Bluetail,aves
gobrob1,Golden Bush-Robin,aves
refblu1,Red-flanked Bluetail,aves
whbbur3,Taiwan Bush-Robin,aves
rbbrob1,Rufous-breasted Bush-Robin,aves
whbbur4,White-browed Bush-Robin,aves
cobrob1,Collared Bush-Robin,aves
himblu1,Himalayan Bluetail,aves
1064527,Makassar Tarsier,mammalia
1047733,Gursky's Spectral Tarsier,mammalia
bantur1,Bannerman's Turaco,aves
knytur1,Knysna Turaco,aves
rectur1,Red-crested Turaco,aves
fistur1,Fischer's Turaco,aves
hartur1,Hartlaub's Turaco,aves
whctur2,White-crested Turaco,aves
livtur1,Livingstone's Turaco,aves
yebtur1,Yellow-billed Turaco,aves
guitur1,Guinea Turaco,aves
rostur1,Ross's Turaco,aves
schtur1,Schalow's Turaco,aves
blbtur1,Black-billed Turaco,aves
viotur1,Violet Turaco,aves
792850,Hibiscus cicada,insecta
41789,American Badger,mammalia
42115,White-lipped Peccary,mammalia
brctch1,Brown-crowned Tchagra,aves
thstch1,Three-streaked Tchagra,aves
bkctch1,Black-crowned Tchagra,aves
soutch1,Southern Tchagra,aves
blaspi1,Black Spinetail,aves
motspi1,Mottled Spinetail,aves
sangal1,Sandy Gallito,aves
397920,Australian Black Field Cricket,insecta
710321,Teleogryllus derelictus,insecta
415442,Emma Field Cricket,insecta
560791,Teleogryllus infernalis,insecta
491961,Teleogryllus mitratus,insecta
473439,Teleogryllus occipitalis,insecta
layfin,Laysan Finch,aves
nihfin,Nihoa Finch,aves
626859,Paperbark Cicada,insecta
dohbus1,Doherty's Bushshrike,aves
focbus2,Four-colored Bushshrike,aves
bokmak1,Bokmakierie,aves
rattre2,Ratchet-tailed Treepie,aves
srlwoo1,Sri Lanka Woodshrike,aves
comwoo1,Common Woodshrike,aves
malwoo1,Malabar Woodshrike,aves
larwoo1,Large Woodshrike,aves
mamtan1,Masked Mountain Tanager,aves
rufwhe1,Rufescent White-eye,aves
rornig1,Roraiman Nightjar,aves
batele1,Bateleur,aves
21231,Santa Cecilia Glass Frog,amphibia
rutfly2,Ruddy-tailed Flycatcher,aves
stcant3,Streak-capped Antwren,aves
orbant1,Orange-bellied Antwren,aves
yehwar1,Yellow-headed Warbler,aves
oriwar1,Oriente Warbler,aves
blypaf2,Blyth's Paradise-Flycatcher,aves
japfly1,Black Paradise-Flycatcher,aves
stpfly1,Sao Tome Paradise-Flycatcher,aves
batpaf1,Bates's Paradise-Flycatcher,aves
bepfly1,Bedford's Paradise-Flycatcher,aves
mapfly2,Mascarene Paradise-Flycatcher,aves
rupfly1,Rufous Paradise-Flycatcher,aves
sepfly1,Seychelles Paradise-Flycatcher,aves
blpfly1,Blue Paradise-Flycatcher,aves
blypaf3,Tenggara Paradise-Flycatcher,aves
amupaf1,Amur Paradise-Flycatcher,aves
mapfly1,Malagasy Paradise-Flycatcher,aves
aspfly1,Indian Paradise-Flycatcher,aves
bhpfly1,Black-headed Paradise-Flycatcher,aves
rvpfly1,Rufous-vented Paradise-Flycatcher,aves
afpfly1,African Paradise-Flycatcher,aves
swatan1,Swallow Tanager,aves
gybtes1,Gray-bellied Tesia,aves
ructes1,Russet-capped Tesia,aves
slbtes1,Slaty-bellied Tesia,aves
javtes1,Javan Tesia,aves
318470,Brown-spotted Bush-cricket,insecta
blbcap1,Black-billed Capercaillie,aves
wescap1,Western Capercaillie,aves
altsno1,Altai Snowcock,aves
cassno1,Caspian Snowcock,aves
causno1,Caucasian Snowcock,aves
himsno,Himalayan Snowcock,aves
tibsno1,Tibetan Snowcock,aves
verpar1,Chestnut-throated Monal-Partridge,aves
szepar1,Buff-throated Monal-Partridge,aves
hazgro1,Hazel Grouse,aves
sevgro1,Chinese Grouse,aves
litbus1,Little Bustard,aves
894951,Tettigettalna argentata,insecta
747135,Tettigettalna estrellae,insecta
959446,Tettigettalna helianthemi,insecta
894952,Tettigettalna josei,insecta
499221,Tettigettalna mariae,insecta
914822,Tettigettula pygmea,insecta
423693,Upland Green Bush-cricket,insecta
555649,Eastern Green Bush-cricket,insecta
357378,Japanese Green Bush-Cricket,insecta
133250,Great Green Bush-cricket,insecta
1419841,Necklace Sprite,mammalia
bulalb2,Buller's Albatross,aves
yenalb3,Indian Yellow-nosed Albatross,aves
whcalb1,White-capped Albatross,aves
yenalb2,Atlantic Yellow-nosed Albatross,aves
gyhalb,Gray-headed Albatross,aves
shyalb2,Chatham Albatross,aves
bkbalb,Black-browed Albatross,aves
salalb1,Salvin's Albatross,aves
royter2,West African Crested Tern,aves
lecter2,Lesser Crested Tern,aves
grcter1,Great Crested Tern,aves
chcter2,Chinese Crested Tern,aves
eleter1,Elegant Tern,aves
royter1,Royal Tern,aves
santer1,Sandwich Tern,aves
antpet1,Antarctic Petrel,aves
whbduc1,White-backed Duck,aves
crowoo1,Crowned Woodnymph,aves
fotwoo1,Fork-tailed Woodnymph,aves
vicwoo2,Violet-capped Woodnymph,aves
lotwoo2,Long-tailed Woodnymph,aves
rusant1,Russet Antshrike,aves
rufant12,Rufescent Antshrike,aves
moccha1,Mocking Cliff-Chat,aves
dutant2,Dusky-throated Antshrike,aves
cinant1,Cinereous Antshrike,aves
satant1,Saturnine Antshrike,aves
blsant1,Bluish-slate Antshrike,aves
whsant2,White-shouldered Antshrike,aves
amaant2,Amazonian Antshrike,aves
soosla1,Sooretama Slaty-Antshrike,aves
uplant1,Upland Antshrike,aves
wesant1,Black-crowned Antshrike,aves
colant2,Collared Antshrike,aves
blhant2,Black-hooded Antshrike,aves
varant1,Variable Antshrike,aves
casant1,Castelnau's Antshrike,aves
acrant1,Acre Antshrike,aves
barant1,Barred Antshrike,aves
stbant1,Streak-backed Antshrike,aves
blbant1,Black-backed Antshrike,aves
batant2,Band-tailed Antshrike,aves
bacant2,Bar-crested Antshrike,aves
mocant1,Mouse-colored Antshrike,aves
blaant1,Black Antshrike,aves
blgant2,Blackish-gray Antshrike,aves
chbant2,Chestnut-backed Antshrike,aves
plasla1,Planalto Slaty-Antshrike,aves
cocant1,Cocha Antshrike,aves
norsla1,Northern Slaty-Antshrike,aves
rucant1,Rufous-capped Antshrike,aves
plwant1,Plain-winged Antshrike,aves
colant3,Marañon Antshrike,aves
natsla1,Natterer's Slaty-Antshrike,aves
bolsla1,Bolivian Slaty-Antshrike,aves
linant1,Lined Antshrike,aves
ruwant2,Rufous-winged Antshrike,aves
uniant2,Uniform Antshrike,aves
chaant1,Chapman's Antshrike,aves
thamno2,Thamnornis,aves
tumhum1,Tumbes Hummingbird,aves
spthum2,Spot-throated Hummingbird,aves
pershe2,Peruvian Sheartail,aves
bucpar,Blue-crowned Parakeet,aves
bkfibi2,Andean Ibis,aves
pluibi1,Plumbeous Ibis,aves
bunibi1,Buff-necked Ibis,aves
bkfibi1,Black-faced Ibis,aves
43530,Gelada,mammalia
swagre1,Swamp Greenbul,aves
gybsee1,Gray-breasted Seedsnipe,aves
leasee1,Least Seedsnipe,aves
hooplo2,Hooded Plover,aves
lirplo,Little Ringed Plover,aves
forplo1,Forbes's Plover,aves
blfdot1,Black-fronted Dotterel,aves
shoplo1,Shore Plover,aves
lobplo1,Long-billed Plover,aves
thbplo1,Three-banded Plover,aves
fuhtan1,Fulvous-headed Tanager,aves
bubtan1,Buff-bellied Tanager,aves
ructan3,Rufous-chested Tanager,aves
brftan1,Brown-flanked Tanager,aves
chhtan1,Chestnut-headed Tanager,aves
raytan1,Rust-and-yellow Tanager,aves
orhtan1,Orange-headed Tanager,aves
suphem1,Superciliaried Hemispingus,aves
208179,Eastern Double Drummer,insecta
208180,Northern Double Drummer,insecta
yewtan1,Yellow-winged Tanager,aves
azstan1,Azure-shouldered Tanager,aves
bugtan,Blue-gray Tanager,aves
glatan1,Glaucous Tanager,aves
goctan2,Golden-chevroned Tanager,aves
paltan1,Palm Tanager,aves
saytan1,Sayaca Tanager,aves
patbar1,Pale-tailed Barbthroat,aves
soobar1,Sooty Barbthroat,aves
batbar1,Band-tailed Barbthroat,aves
sacibi2,African Sacred Ibis,aves
sacibi3,Malagasy Sacred Ibis,aves
blhibi1,Black-headed Ibis,aves
ausibi1,Australian Ibis,aves
reusol1,Reunion Ibis,aves
stnibi1,Straw-necked Ibis,aves
607215,Rabudo,mammalia
flatre1,Flammulated Treehunter,aves
strtre1,Striped Treehunter,aves
unitre1,Uniform Treehunter,aves
blbtre1,Black-billed Treehunter,aves
stbtre1,Streak-breasted Treehunter,aves
rubtre1,Rufous-backed Treehunter,aves
stctre1,Streak-capped Treehunter,aves
deasof1,Delta Amacuro Softtail,aves
orisof1,Orinoco Softtail,aves
plasof1,Plain Softtail,aves
spespi1,Speckled Spinetail,aves
strsof1,Striated Softtail,aves
bewwre,Bewick's Wren,aves
nicwre1,Niceforo's Wren,aves
banwre1,Banded Wren,aves
rawwre1,Rufous-and-white Wren,aves
antwre2,Antioquia Wren,aves
sinwre1,Sinaloa Wren,aves
timwre1,Timberline Wren,aves
carwre,Carolina Wren,aves
1431533,Thylamys,mammalia
42970,Rufous-bellied Pademelon,mammalia
42961,Red-legged Pademelon,mammalia
42968,Red-necked Pademelon,mammalia
513853,Thyreonotus corsicus,insecta
40633,Thyroptera,mammalia
yefgra1,Yellow-faced Grassquit,aves
1037811,Tibicina garricola,insecta
496256,Red Cicada,insecta
1189320,Tibicina quadrisignata,insecta
1121926,Tibicina steveni,insecta
1497663,Tibicinoides catalina,insecta
1497665,Tibicinoides hesperia,insecta
1106581,Tibicinoides minuta,insecta
1497666,Tibicinoides pallidula,insecta
1497668,Tibicinoides rubrovenosa,insecta
1497672,Sagebrush Cicada,insecta
1497673,Van Duzee's Cicada,insecta
wallcr1,Wallcreeper,aves
brbwar1,Broad-billed Warbler,aves
whcbit1,White-crested Tiger-Heron,aves
father1,Fasciated Tiger-Heron,aves
ruther1,Rufescent Tiger-Heron,aves
btther1,Bare-throated Tiger-Heron,aves
spthum1,Sparkling-tailed Hummingbird,aves
chcbab1,Chestnut-capped Babbler,aves
olistr1,Olive Straightbill,aves
tawstr1,Tawny Straightbill,aves
pattin1,Patagonian Tinamou,aves
puntin1,Puna Tinamou,aves
whttin1,White-throated Tinamou,aves
gretin1,Great Tinamou,aves
blatin1,Black Tinamou,aves
soltin1,Solitary Tinamou,aves
grytin1,Gray Tinamou,aves
blttit1,Black-tailed Tityra,aves
blctit1,Black-crowned Tityra,aves
whttit2,White-tailed Tityra,aves
mastit1,Masked Tityra,aves
67243,Dwarf Mexican Tree Frog,amphibia
golpip1,Golden Pipit,aves
drbhor1,Damara Red-billed Hornbill,aves
vddhor1,Von der Decken's Hornbill,aves
rebhor1,Northern Red-billed Hornbill,aves
eybhor1,Eastern Yellow-billed Hornbill,aves
jachor1,Jackson's Hornbill,aves
wrbhor2,Western Red-billed Hornbill,aves
sybhor1,Southern Yellow-billed Hornbill,aves
monhor1,Monteiro's Hornbill,aves
trbhor1,Tanzanian Red-billed Hornbill,aves
srbhor1,Southern Red-billed Hornbill,aves
colkin2,Mariana Kingfisher,aves
nebkin1,New Britain Kingfisher,aves
cibkin1,Cinnamon-banded Kingfisher,aves
colkin1,Collared Kingfisher,aves
mickin1,Guam Kingfisher,aves
colkin17,Colonist Kingfisher,aves
bawkin1,Blue-and-white Kingfisher,aves
talkin1,Talaud Kingfisher,aves
chbkin1,Vanuatu Kingfisher,aves
somkin1,Sombre Kingfisher,aves
tuakin2,Tuamotu Kingfisher,aves
markin2,Marquesan Kingfisher,aves
lazkin1,Lazuli Kingfisher,aves
ultkin1,Ultramarine Kingfisher,aves
forkin1,Forest Kingfisher,aves
blbkin3,Blue-black Kingfisher,aves
mickin4,Palau Kingfisher,aves
rebkin2,Red-backed Kingfisher,aves
flbkin1,Flat-billed Kingfisher,aves
mickin5,Pohnpei Kingfisher,aves
mankin1,Mewing Kingfisher,aves
packin1,Pacific Kingfisher,aves
sackin1,Sacred Kingfisher,aves
beakin2,Beach Kingfisher,aves
colkin9,Torresian Kingfisher,aves
melkin1,Melanesian Kingfisher,aves
chakin2,Chattering Kingfisher,aves
tahkin1,Society Kingfisher,aves
rulkin1,Rufous-lored Kingfisher,aves
ybtfly1,Yellow-browed Tody-Flycatcher,aves
cotfly1,Common Tody-Flycatcher,aves
sptfly1,Spotted Tody-Flycatcher,aves
bhtfly1,Black-headed Tody-Flycatcher,aves
patfly1,Painted Tody-Flycatcher,aves
gyhtof1,Gray-headed Tody-Flycatcher,aves
matfly1,Maracaibo Tody-Flycatcher,aves
nabtod1,Narrow-billed Tody,aves
purtod1,Puerto Rican Tody,aves
cubtod1,Cuban Tody,aves
brbtod1,Broad-billed Tody,aves
jamtod1,Jamaican Tody,aves
yemfly1,Yellow-margined Flatbill,aves
yebfly3,Ochre-lored Flatbill,aves
yemfly2,Yellow-winged Flatbill,aves
gycfly1,Gray-crowned Flatbill,aves
yeofly1,Yellow-olive Flatbill,aves
orefly1,Orange-eyed Flatbill,aves
yebfly4,Olive-faced Flatbill,aves
47079,Three-banded Armadillos,mammalia
1273308,Confused Sand frog,amphibia
25806,Cape sand frog,amphibia
25801,Natal sand frog,amphibia
critop1,Crimson Topaz,aves
fietop1,Fiery Topaz,aves
lafvul1,Lappet-faced Vulture,aves
zapspa1,Zapata Sparrow,aves
litpar2,Lilac-tailed Parrotlet,aves
refpar1,Red-fronted Parrotlet,aves
bufpar1,Blue-fronted Parrotlet,aves
scspar1,Scarlet-shouldered Parrotlet,aves
brbpar1,Brown-backed Parrotlet,aves
sarpar2,Sapphire-rumped Parrotlet,aves
spwpar2,Spot-winged Parrotlet,aves
gotpar2,Golden-tailed Parrotlet,aves
yeblon1,Yellow-bellied Longbill,aves
slclon1,Slaty-chinned Longbill,aves
benthr,Bendire's Thrasher,aves
grathr1,Gray Thrasher,aves
crithr,Crissal Thrasher,aves
cubthr,Curve-billed Thrasher,aves
cozthr1,Cozumel Thrasher,aves
lecthr,LeConte's Thrasher,aves
lobthr,Long-billed Thrasher,aves
ocethr1,Ocellated Thrasher,aves
calthr,California Thrasher,aves
brnthr,Brown Thrasher,aves
476589,Toad-wife Tree Frog,amphibia
67247,New River Tree Frog,amphibia
67250,Porto Alegre Golden-eyed Tree Frog,amphibia
67251,Amazon Milk Frog,amphibia
1583558,Western Yellow-billed Barbet,aves
yebbar5,Eastern Yellow-billed Barbet,aves
darbar1,D'Arnaud's Barbet,aves
raybar1,Red-and-yellow Barbet,aves
yebbar2,Yellow-breasted Barbet,aves
crebar1,Crested Barbet,aves
43498,Javan Lutung,mammalia
1369307,Indochinese Gray Langur,mammalia
43497,Silvered Leaf Monkey,mammalia
43496,François' Lutung,mammalia
75186,Indochinese Lutung,mammalia
879165,White-headed Lutung,mammalia
1369306,Annamese langur,mammalia
43494,Dusky Leaf Monkey,mammalia
1369303,Selangor Silvered Langur,mammalia
75192,Common Eland,mammalia
42341,Northern Bushbuck,mammalia
42338,Sitatunga,mammalia
42339,Greater Kudu,mammalia
1431867,Southern Bushbuck,mammalia
blytra1,Blyth's Tragopan,aves
cabtra1,Cabot's Tragopan,aves
westra1,Western Tragopan,aves
sattra1,Satyr Tragopan,aves
temtra1,Temminck's Tragopan,aves
stiwre1,Stephens Island Wren,aves
41657,Spectacled Bear,mammalia
pomgrp2,Gray-fronted Green-Pigeon,aves
pitpig1,Pin-tailed Green-Pigeon,aves
pomgrp3,Buru Green-Pigeon,aves
madgrp1,Madagascar Green-Pigeon,aves
pomgrp1,Philippine Green-Pigeon,aves
orbpig1,Orange-breasted Green-Pigeon,aves
afrgrp1,African Green-Pigeon,aves
lagpig1,Large Green-Pigeon,aves
pomgrp4,Andaman Green-Pigeon,aves
thbpig1,Thick-billed Green-Pigeon,aves
flgpig1,Flores Green-Pigeon,aves
whgpig1,Whistling Green-Pigeon,aves
cihpig1,Cinnamon-headed Green-Pigeon,aves
gycpig1,Gray-cheeked Green-Pigeon,aves
madgrp2,Comoro Green-Pigeon,aves
ligpig1,Little Green-Pigeon,aves
gnspig1,Sumatran Green-Pigeon,aves
pegpig1,Pemba Green-Pigeon,aves
pomgrp5,Ashy-headed Green-Pigeon,aves
yefpig1,Yellow-footed Green-Pigeon,aves
pogpig1,Sri Lanka Green-Pigeon,aves
timgrp1,Timor Green-Pigeon,aves
stgpig1,Sao Tome Green-Pigeon,aves
yevpig1,Yellow-vented Green-Pigeon,aves
whbpig1,White-bellied Green-Pigeon,aves
wetpig1,Wedge-tailed Green-Pigeon,aves
sugpig2,Sumba Green-Pigeon,aves
pinpig3,Pink-necked Green-Pigeon,aves
brgpig1,Bruce's Green-Pigeon,aves
tanhen1,Tasmanian Nativehen,aves
btnhen1,Black-tailed Nativehen,aves
whshon1,White-streaked Honeyeater,aves
redlor1,Red Lory,aves
railor2,Marigold Lorikeet,aves
scblor1,Scaly-breasted Lorikeet,aves
muslor1,Musk Lorikeet,aves
blwlor1,Black-winged Lory,aves
olhlor1,Olive-headed Lorikeet,aves
yaglor3,Sula Lorikeet,aves
railor3,Sunset Lorikeet,aves
railor4,Coconut Lorikeet,aves
rablor1,Red-and-blue Lory,aves
irilor1,Iris Lorikeet,aves
minlor1,Mindanao Lorikeet,aves
yaglor2,Yellow-cheeked Lorikeet,aves
railor5,Rainbow Lorikeet,aves
ornlor1,Ornate Lorikeet,aves
blslor1,Blue-streaked Lory,aves
railor6,Biak Lorikeet,aves
pohlor1,Pohnpei Lorikeet,aves
railor7,Red-collared Lorikeet,aves
blelor1,Blue-eared Lory,aves
vinlor1,Violet-necked Lory,aves
railor8,Leaf Lorikeet,aves
refbar2,Red-fronted Barbet,aves
miobar1,Miombo Barbet,aves
habbar1,Hairy-breasted Barbet,aves
spfbar1,Spot-flanked Barbet,aves
piebar1,Pied Barbet,aves
bltbar1,Black-throated Barbet,aves
habbul1,Hairy-backed Bulbul,aves
42809,Short-eared Brush-tailed Possum,mammalia
42807,Mountain Brush-tailed Possum,mammalia
42808,Common Brushtail Possum,mammalia
blgtan1,Black-goggled Tanager,aves
blbpar4,Blue-bellied Parrot,aves
149151,Trigonidium,insecta
whhvul1,White-headed Vulture,aves
153394,Crackling Forest Grasshopper,insecta
gyttat1,Gray-tailed Tattler,aves
spored,Spotted Redshank,aves
lesyel,Lesser Yellowlegs,aves
woosan,Wood Sandpiper,aves
norgre1,Nordmann's Greenshank,aves
wantat1,Wandering Tattler,aves
greyel,Greater Yellowlegs,aves
comgre,Common Greenshank,aves
grnsan,Green Sandpiper,aves
willet1,Willet,aves
solsan,Solitary Sandpiper,aves
marsan,Marsh Sandpiper,aves
comred1,Common Redshank,aves
24436,Yucatán Casque-headed Tree Frog,amphibia
blflau1,Black-faced Laughingthrush,aves
brclau1,Brown-capped Laughingthrush,aves
asslau1,Assam Laughingthrush,aves
elllau1,Elliot's Laughingthrush,aves
chclau2,Chestnut-crowned Laughingthrush,aves
rewlau1,Red-winged Laughingthrush,aves
prhlau1,Prince Henry's Laughingthrush,aves
bhulau1,Bhutan Laughingthrush,aves
strlau1,Streaked Laughingthrush,aves
sielau1,Silver-eared Laughingthrush,aves
retlau1,Red-tailed Laughingthrush,aves
whwlau1,White-whiskered Laughingthrush,aves
gowlau1,Golden-winged Laughingthrush,aves
mallau1,Malayan Laughingthrush,aves
blwlau1,Blue-winged Laughingthrush,aves
scalau1,Scaly Laughingthrush,aves
varlau1,Variegated Laughingthrush,aves
strlau3,Striped Laughingthrush,aves
collau1,Collared Laughingthrush,aves
stream2,Red-billed Streamertail,aves
stream3,Black-billed Streamertail,aves
afcfly1,African Crested Flycatcher,aves
bhcfly1,Blue-headed Crested Flycatcher,aves
houwre,Northern House Wren,aves
houwre3,Cozumel Wren,aves
houwre5,Cobb's Wren,aves
houwre11,Grenada Wren,aves
winwre3,Winter Wren,aves
cinwre1,Kalinago Wren,aves
houwre8,St. Lucia Wren,aves
samwre1,Santa Marta Wren,aves
houwre4,Southern House Wren,aves
houwre10,St. Vincent Wren,aves
ochwre1,Ochraceous Wren,aves
pacwre1,Pacific Wren,aves
rubwre2,Rufous-browed Wren,aves
tepwre1,Tepui Wren,aves
socwre2,Socorro Wren,aves
mouwre1,Mountain Wren,aves
clawre1,Clarion Wren,aves
winwre4,Eurasian Wren,aves
eletro1,Coppery-tailed Trogon,aves
baitro1,Baird's Trogon,aves
gartro1,Gartered Violaceous Trogon,aves
whttro1,White-tailed Trogon,aves
bkttro4,Atlantic Black-throated Trogon,aves
cittro1,Citreoline Trogon,aves
lattro1,Lattice-tailed Trogon,aves
coltro1,Collared Trogon,aves
buttro1,Blue-tailed Trogon,aves
bkttro5,Choco Black-throated Trogon,aves
blctro1,Blue-crowned Trogon,aves
eletro2,Elegant Trogon,aves
slttro1,Slaty-tailed Trogon,aves
blhtro1,Black-headed Trogon,aves
blttro1,Black-tailed Trogon,aves
bkttro2,Ecuadorian Trogon,aves
moutro1,Mountain Trogon,aves
mastro1,Masked Trogon,aves
viotro3,Amazonian Violaceous Trogon,aves
bkttro6,Amazonian Black-throated Trogon,aves
surtro1,Surucua Trogon,aves
bkttro7,Graceful Black-throated Trogon,aves
viotro2,Guianan Violaceous Trogon,aves
gnbtro1,Green-backed Trogon,aves
1649438,Trombonia linearis,insecta
1649439,Trombonia pseudolinearis,insecta
chnpar1,Chestnut-necklaced Partridge,aves
scbpar1,Scaly-breasted Partridge,aves
chnpar3,Sabah Partridge,aves
tbgpig2,Thick-billed Ground-Pigeon,aves
358234,Green Tree Cricket,insecta
tacgre4,Rufous-fronted Greenlet,aves
tacgre5,Guianan Greenlet,aves
tacgre2,Ochre-crowned Greenlet,aves
tacgre3,Para Greenlet,aves
46296,Northern Treeshrew,mammalia
46283,Common Treeshrew,mammalia
46294,Horsfield's Treeshrew,mammalia
46285,Mountain Treeshrew,mammalia
46293,Nicobar Treeshrew,mammalia
46295,Large Treeshrew,mammalia
wfcdov1,White-faced Cuckoo-Dove,aves
slacud1,Slaty Cuckoo-Dove,aves
sulcud2,Sula Cuckoo-Dove,aves
732712,Turanogryllus eous,insecta
btwbab1,Black-throated Wren-Babbler,aves
lawbab1,Large Wren-Babbler,aves
mawbab1,Marbled Wren-Babbler,aves
capbab1,Capuchin Babbler,aves
sopbab1,Southern Pied-Babbler,aves
chmbab1,Chapin's Mountain-Babbler,aves
wtmbab1,White-throated Mountain-Babbler,aves
bacbab1,Bare-cheeked Babbler,aves
harbab1,Hartlaub's Babbler,aves
hipbab1,Hinde's Pied-Babbler,aves
norpib1,Northern Pied-Babbler,aves
armbab1,Arrow-marked Babbler,aves
crebab1,Cretzschmar's Babbler,aves
whrbab2,White-rumped Babbler,aves
bkfbab1,Black-faced Babbler,aves
spibab1,Spiny Babbler,aves
brobab1,Brown Babbler,aves
blabab2,Blackcap Babbler,aves
rcmbab1,Red-collared Mountain-Babbler,aves
bklbab1,Black-lored Babbler,aves
scabab2,Scaly Babbler,aves
dusbab2,Dusky Babbler,aves
abythr1,Abyssinian Thrush,aves
whnrob1,White-necked Thrush,aves
whcbla1,White-collared Blackbird,aves
crbthr1,Creamy-bellied Thrush,aves
relthr3,Eastern Red-legged Thrush,aves
bkbthr3,Campina Thrush,aves
whtthr1,White-throated Thrush,aves
datthr1,Black-throated Thrush,aves
whcthr1,White-chinned Thrush,aves
comthr1,Comoro Thrush,aves
islthr48,Bougainville Island-Thrush,aves
gywbla1,Gray-winged Blackbird,aves
japthr1,Japanese Thrush,aves
izuthr1,Izu Thrush,aves
chithr1,Chiguanco Thrush,aves
brhthr1,Brown-headed Thrush,aves
whtthr2,Dagua Thrush,aves
molist1,Moluccan Island-Thrush,aves
blbthr2,Black-breasted Thrush,aves
trithr1,Tristan Thrush,aves
islthr9,Christmas Island-Thrush,aves
dusthr2,Dusky Thrush,aves
austhr1,Austral Thrush,aves
gysthr1,Gray-sided Thrush,aves
yelthr1,Yellow-legged Thrush,aves
chbthr2,Chestnut-bellied Thrush,aves
cocthr1,Cocoa Thrush,aves
grethr1,Great Thrush,aves
clcrob,Clay-colored Thrush,aves
unithr1,Unicolored Thrush,aves
hauthr1,Hauxwell's Thrush,aves
bisist1,Bismarck Island-Thrush,aves
taithr1,Taita Thrush,aves
gybthr1,Gray-backed Thrush,aves
blbthr1,Black-billed Thrush,aves
redwin,Redwing,aves
blarob1,Black Thrush,aves
whethr1,White-eyed Thrush,aves
sunist1,Sundaic Island-Thrush,aves
whbthr2,White-backed Thrush,aves
solist1,Solomons Island-Thrush,aves
lawthr1,Lawrence's Thrush,aves
pabthr1,Pale-breasted Thrush,aves
paethr1,Pale-eyed Thrush,aves
forthr1,Forest Thrush,aves
kurthr1,Kurrichane Thrush,aves
grothr1,Groundscraper Thrush,aves
somthr1,Somali Thrush,aves
ecuthr1,Ecuadorian Thrush,aves
chibla1,Chinese Blackbird,aves
marthr2,Marañon Thrush,aves
tibbla1,Tibetan Blackbird,aves
yemthr1,Yemen Thrush,aves
eurbla,Eurasian Blackbird,aves
amerob,American Robin,aves
islthr22,Mindoro Island-Thrush,aves
chithr2,Chinese Thrush,aves
bkbthr4,Pantepui Thrush,aves
dusthr1,Naumann's Thrush,aves
soorob1,Sooty Thrush,aves
slathr2,Andean Slaty Thrush,aves
minist1,Mindanao Island-Thrush,aves
islthr24,Taiwan Thrush,aves
baerob1,Spectacled Thrush,aves
eyethr,Eyebrowed Thrush,aves
pavthr1,Pale-vented Thrush,aves
satthr1,Sao Tome Thrush,aves
olithr2,Olive Thrush,aves
blhthr1,Black-hooded Thrush,aves
palthr1,Pale Thrush,aves
papist1,Papuan Island-Thrush,aves
afrthr1,African Thrush,aves
sonthr1,Song Thrush,aves
fieldf,Fieldfare,aves
mourob1,Mountain Thrush,aves
relthr1,Western Red-legged Thrush,aves
norist1,Tasman Sea Island-Thrush,aves
islthr28,White-headed Island-Thrush,aves
grcthr1,Grand Cayman Thrush,aves
plbthr2,Plumbeous-backed Thrush,aves
usathr1,Usambara Thrush,aves
chethr1,Chestnut Thrush,aves
fijist1,Fiji Island-Thrush,aves
retthr1,Red-throated Thrush,aves
rucrob1,Rufous-collared Robin,aves
rubthr1,Rufous-bellied Thrush,aves
rubrob,Rufous-backed Robin,aves
islthr30,Samoan Island-Thrush,aves
hauthr3,Varzea Thrush,aves
walist1,Wallacean Island-Thrush,aves
glbthr1,Glossy-black Thrush,aves
grothr2,Ethiopian Thrush,aves
eurbla2,Indian Blackbird,aves
karthr1,Karoo Thrush,aves
slathr3,Blacksmith Thrush,aves
lasthr1,La Selle Thrush,aves
abethr1,African Bare-eyed Thrush,aves
islthr36,Luzon Island-Thrush,aves
rinouz1,Ring Ouzel,aves
sulthr1,Sulawesi Thrush,aves
ticthr1,Tickell's Thrush,aves
vanist1,Vanikoro Island-Thrush,aves
misthr1,Mistle Thrush,aves
islthr40,New Caledonian Island-Thrush,aves
prithr1,Principe Thrush,aves
soipio1,South Island Piopio,aves
noipio1,North Island Piopio,aves
chbbut2,Chestnut-backed Buttonquail,aves
sumbut1,Sumba Buttonquail,aves
hotbut1,Fynbos Buttonquail,aves
rebbut2,Red-backed Buttonquail,aves
blbbut2,Black-breasted Buttonquail,aves
hotbut3,Black-rumped Buttonquail,aves
madbut1,Madagascar Buttonquail,aves
paibut1,New Caledonian Buttonquail,aves
spobut2,Spotted Buttonquail,aves
bubbut1,Buff-breasted Buttonquail,aves
recbut1,Red-chested Buttonquail,aves
barbut1,Barred Buttonquail,aves
smabut2,Small Buttonquail,aves
yelbut1,Yellow-legged Buttonquail,aves
paibut,Painted Buttonquail,aves
litbut1,Little Buttonquail,aves
luzbut1,Luzon Buttonquail,aves
1562178,Tamanend's Bottlenose Dolphin,mammalia
41482,Common Bottlenose Dolphin,mammalia
bbwdov1,Black-billed Wood-Dove,aves
bswdov1,Blue-spotted Wood-Dove,aves
bhwdov1,Blue-headed Wood-Dove,aves
eswdov1,Emerald-spotted Wood-Dove,aves
tamdov1,Tambourine Dove,aves
misrob1,Miombo Scrub-Robin,aves
kasrob2,Karoo Scrub-Robin,aves
fosrob1,Forest Scrub-Robin,aves
besrob1,Bearded Scrub-Robin,aves
brsrob1,Brown Scrub-Robin,aves
tylvan1,Tylas Vanga,aves
1192974,Indomalayan Lesser Bamboo Bat,mammalia
740388,Red-bellied cicada,insecta
1649315,Tympanoterpes merganota,insecta
grpchi,Greater Prairie-Chicken,aves
lepchi,Lesser Prairie-Chicken,aves
shtgro,Sharp-tailed Grouse,aves
dwtman1,Dwarf Tyrant-Manakin,aves
titman1,Tiny Tyrant-Manakin,aves
ashtyr1,Ashy-headed Tyrannulet,aves
blctyr1,Black-capped Tyrannulet,aves
tartyr1,Tawny-rumped Tyrannulet,aves
sulfly1,Sulphury Flycatcher,aves
yectyr1,Yellow-crowned Tyrannulet,aves
whtkin1,White-throated Kingbird,aves
logkin,Loggerhead Kingbird,aves
coukin,Couch's Kingbird,aves
thbkin,Thick-billed Kingbird,aves
giakin1,Giant Kingbird,aves
grykin,Gray Kingbird,aves
sctfly,Scissor-tailed Flycatcher,aves
trokin,Tropical Kingbird,aves
sntkin1,Snowy-throated Kingbird,aves
fotfly,Fork-tailed Flycatcher,aves
easkin,Eastern Kingbird,aves
weskin,Western Kingbird,aves
caskin,Cassin's Kingbird,aves
brnowl,American Barn Owl,aves
nebmao1,Golden Masked-Owl,aves
afgowl1,African Grass-Owl,aves
barowl5,Andaman Masked-Owl,aves
1578502,American Barn Owl,aves
asfowl1,Ashy-faced Owl,aves
minowl1,Minahasa Masked-Owl,aves
370399,Eastern Barn Owl,aves
ausgro1,Australasian Grass-Owl,aves
talowl1,Taliabu Masked-Owl,aves
aumowl1,Australian Masked-Owl,aves
cobowl1,Itombwe Owl,aves
sulowl1,Sulawesi Masked-Owl,aves
marowl1,Red Owl,aves
sooowl1,Sooty Owl,aves
476559,White-bellied pug-snout frog,amphibia
25278,Dusky Toadlet,amphibia
25281,Smooth Toadlet,amphibia
whtear1,White-throated Earthcreeper,aves
sctear1,Scale-throated Earthcreeper,aves
pafear1,Patagonian Forest Earthcreeper,aves
bubear2,Buff-breasted Earthcreeper,aves
sthhoo1,St. Helena Hoopoe,aves
hoopoe,Common Hoopoe,aves
madhoo1,Madagascar Hoopoe,aves
bubcor1,Southern Cordonbleu,aves
reccor,Red-cheeked Cordonbleu,aves
blccor1,Blue-capped Cordonbleu,aves
andeme1,Andean Emerald,aves
ltgrol1,Long-tailed Ground-Roller,aves
commur,Common Murre,aves
thbmur,Thick-billed Murre,aves
pelcor,Pelagic Cormorant,aves
bracor,Brandt's Cormorant,aves
palcor1,Pallas's Cormorant,aves
refcor,Red-faced Cormorant,aves
whthil2,Rufous-gaped Hillstar,aves
whthil3,Green-backed Hillstar,aves
formag1,Taiwan Blue-Magpie,aves
rbbmag,Red-billed Blue-Magpie,aves
gobmag1,Yellow-billed Blue-Magpie,aves
ceymag1,Sri Lanka Blue-Magpie,aves
whwmag1,White-winged Magpie,aves
179994,Uinta Ground Squirrel,mammalia
179995,Belding's Ground Squirrel,mammalia
179996,Idaho Ground Squirrel,mammalia
179998,Columbian Ground Squirrel,mammalia
179999,Wyoming Ground Squirrel,mammalia
180001,Arctic Ground Squirrel,mammalia
180002,Richardson's Ground Squirrel,mammalia
180004,Long-tailed Ground Squirrel,mammalia
refmou1,Red-faced Mousebird,aves
blnmou1,Blue-naped Mousebird,aves
przros1,Przevalski's Pinktail,aves
42076,Gray Fox,mammalia
42077,Island Fox,mammalia
41152,Tent-making Bats,mammalia
lotkoe1,Long-tailed Koel,aves
paphao1,Papuan Owl,aves
grnlon1,Green Longtail,aves
magshr1,Magpie Shrike,aves
541105,Rough Saddle Bush-cricket,insecta
agitit1,Agile Tit-Tyrant,aves
unstit1,Unstreaked Tit-Tyrant,aves
45361,White-tailed Giant Rat,mammalia
ltgdov1,Long-tailed Ground Dove,aves
lytnig1,Lyre-tailed Nightjar,aves
swtnig1,Swallow-tailed Nightjar,aves
whbwre1,White-bellied Wren,aves
asistu1,Asian Stubtail,aves
timstu1,Timor Stubtail,aves
borstu1,Bornean Stubtail,aves
pubwhi1,Purple-bibbed Whitetip,aves
ruvwhi1,Rufous-vented Whitetip,aves
bbbtan1,Black-backed Bush Tanager,aves
lothaw1,Long-tailed Hawk,aves
41638,American Black Bear,mammalia
41641,Brown Bear,mammalia
925977,Indian Grey Mongoose,mammalia
925975,Indian Brown Mongoose,mammalia
925966,Crab-eating Mongoose,mammalia
923601,Vagitanus terminalis,insecta
whhlap1,White-crowned Lapwing,aves
blaplo1,Blacksmith Lapwing,aves
soulap1,Southern Lapwing,aves
gyhlap1,Gray-headed Lapwing,aves
crolap1,Crowned Lapwing,aves
lotlap1,Long-toed Lapwing,aves
rivlap1,River Lapwing,aves
soclap1,Sociable Lapwing,aves
rewlap1,Red-wattled Lapwing,aves
whtlap1,White-tailed Lapwing,aves
senlap1,Senegal Lapwing,aves
sunlap1,Javan Lapwing,aves
yewlap2,Yellow-wattled Lapwing,aves
spblap1,Spot-breasted Lapwing,aves
blwlap1,Black-winged Lapwing,aves
maslap1,Masked Lapwing,aves
andlap1,Andean Lapwing,aves
watlap1,Wattled Lapwing,aves
spwlap1,Spur-winged Lapwing,aves
brclap1,Brown-chested Lapwing,aves
blhlap1,Black-headed Lapwing,aves
banlap1,Banded Lapwing,aves
norlap,Northern Lapwing,aves
hobvan1,Hook-billed Vanga,aves
1431041,Rüppell's pipistrelle,mammalia
75221,Red Ruffed Lemur,mammalia
43615,Black-and-white Ruffed Lemur,mammalia
negjuf1,Negros Jungle Flycatcher,aves
minjuf1,Mindanao Jungle Flycatcher,aves
eyjfly1,Eyebrowed Jungle Flycatcher,aves
rufjuf1,Rusty-flanked Jungle Flycatcher,aves
701297,Velarifictorus aspersus,insecta
146737,Japanese Burrowing Cricket,insecta
bronig1,Brown Nightjar,aves
reswoo1,Red-stained Woodpecker,aves
scbwoo3,Scarlet-backed Woodpecker,aves
gocwoo2,Golden-collared Woodpecker,aves
chowoo1,Choco Woodpecker,aves
yevwoo1,Yellow-vented Woodpecker,aves
dofwoo1,Dot-fronted Woodpecker,aves
rerwoo1,Red-rumped Woodpecker,aves
strwoo6,Striped Woodpecker,aves
yeewoo1,Yellow-eared Woodpecker,aves
chewoo3,Checkered Woodpecker,aves
babwoo2,Bar-bellied Woodpecker,aves
litwoo2,Little Woodpecker,aves
blcwoo3,Blood-colored Woodpecker,aves
whswoo2,White-spotted Woodpecker,aves
bacwar,Bachman's Warbler,aves
gowwar,Golden-winged Warbler,aves
buwwar,Blue-winged Warbler,aves
afrpic1,African Piculet,aves
75224,Large Forest Bat,mammalia
75226,Finlayson's Cave Bat,mammalia
75227,Eastern Forest Bat,mammalia
75228,Southern Forest Bat,mammalia
75229,Eastern Cave Bat,mammalia
75230,Little Forest Bat,mammalia
40446,Particoloured Bat,mammalia
camind1,Cameroon Indigobird,aves
vilind,Village Indigobird,aves
greind1,Green Indigobird,aves
sttwhy1,Straw-tailed Whydah,aves
varind1,Dusky Indigobird,aves
stbwhy1,Steel-blue Whydah,aves
ltpwhy1,Exclamatory Paradise-Whydah,aves
bakind1,Barka Indigobird,aves
pitwhy,Pin-tailed Whydah,aves
jopind1,Jos Plateau Indigobird,aves
quaind1,Quailfinch Indigobird,aves
btpwhy1,Broad-tailed Paradise-Whydah,aves
nopwhy1,Sahel Paradise-Whydah,aves
eapwhy1,Eastern Paradise-Whydah,aves
purind1,Purple Indigobird,aves
jamind1,Jambandu Indigobird,aves
shtwhy1,Shaft-tailed Whydah,aves
topwhy1,Togo Paradise-Whydah,aves
pawind1,Wilson's Indigobird,aves
retlor1,Red-throated Lorikeet,aves
blclor2,Blue-crowned Lorikeet,aves
neclor1,New Caledonian Lorikeet,aves
kuhlor1,Kuhl's Lorikeet,aves
duclor1,Duchess Lorikeet,aves
meelor1,Meek's Lorikeet,aves
pallor1,Palm Lorikeet,aves
blulor1,Blue Lorikeet,aves
reclor1,Red-chinned Lorikeet,aves
collor1,Collared Lory,aves
stelor1,Stephen's Lorikeet,aves
ultlor1,Ultramarine Lorikeet,aves
bkwvir,Black-whiskered Vireo,aves
bkcvir1,Black-capped Vireo,aves
cozvir1,Cozumel Vireo,aves
belvir,Bell's Vireo,aves
slavir1,Slaty Vireo,aves
stavir1,San Andres Vireo,aves
yewvir1,Yellow-winged Vireo,aves
casvir,Cassin's Vireo,aves
chivir1,Chivi Vireo,aves
thbvir,Thick-billed Vireo,aves
yetvir,Yellow-throated Vireo,aves
yegvir,Yellow-green Vireo,aves
warvir,Warbling Vireo,aves
norvir1,Noronha Vireo,aves
whevir,White-eyed Vireo,aves
cubvir1,Cuban Vireo,aves
hutvir,Hutton's Vireo,aves
golvir1,Golden Vireo,aves
purvir1,Puerto Rican Vireo,aves
brcvir1,Brown-capped Vireo,aves
yucvir,Yucatan Vireo,aves
chovir1,Choco Vireo,aves
jamvir1,Jamaican Vireo,aves
flbvir1,Flat-billed Vireo,aves
dwavir1,Dwarf Vireo,aves
reevir1,Red-eyed Vireo,aves
blmvir1,Blue Mountain Vireo,aves
manvir1,Mangrove Vireo,aves
phivir,Philadelphia Vireo,aves
plsvir,Plumbeous Vireo,aves
tepgre1,Tepui Vireo,aves
buhvir,Blue-headed Vireo,aves
1652206,Western Warbling Vireo,aves
gryvir,Gray Vireo,aves
ybsvir1,Yellow-browed Shrike-Vireo,aves
scsvir1,Slaty-capped Shrike-Vireo,aves
cssvir1,Chestnut-sided Shrike-Vireo,aves
grsvir1,Green Shrike-Vireo,aves
greama,Greater Amakihi,aves
135147,Lages Glass Frog,amphibia
blbgra1,Blue-black Grassquit,aves
43009,Bare-nosed Wombat,mammalia
bismel1,Bismarck Honeyeater,aves
42055,Cape Fox,mammalia
233598,Arctic Fox,mammalia
42070,Kit Fox,mammalia
42057,Rüppell's Fox,mammalia
42069,Red Fox,mammalia
andcon1,Andean Condor,aves
orttan1,Orange-throated Tanager,aves
scbant3,Common Scale-backed Antbird,aves
scbant8,Xingu Scale-backed Antbird,aves
yehbla,Yellow-headed Blackbird,aves
apptet1,Appert's Tetraka,aves
gyctet1,Gray-crowned Tetraka,aves
spetet1,Spectacled Tetraka,aves
sacbla2,Saffron-cowled Blackbird,aves
tabhon1,Tawny-breasted Honeyeater,aves
machon2,Macleay's Honeyeater,aves
spohon3,Spotted Honeyeater,aves
sabgul,Sabine's Gull,aves
dobgra1,Double-banded Graytail,aves
equgra1,Equatorial Graytail,aves
soiwre1,South Island Wren,aves
buswre1,Bush Wren,aves
anccha1,Angola Cave-Chat,aves
tildac2,Tit-like Dacnis,aves
tildac3,Streaked Dacnis,aves
lowowl1,Long-whiskered Owlet,aves
460838,Japanese Pine Cricket,insecta
whwwar1,White-winged Warbler,aves
udzpar1,Udzungwa Partridge,aves
blaman1,Black Manakin,aves
oliman2,Olive Manakin,aves
vadvan1,Van Dam's Vanga,aves
polvan1,Pollen's Vanga,aves
lafvan1,Lafresnaye's Vanga,aves
plaxen3,Amazonian Plain-Xenops,aves
plaxen2,Northern Plain-Xenops,aves
plaxen4,Atlantic Plain-Xenops,aves
strxen1,Streaked Xenops,aves
slbxen1,Slender-billed Xenops,aves
whnxen1,White-naped Xenopsaris,aves
spfant1,Spiny-faced Antshrike,aves
slbfin3,Slender-billed Finch,aves
simspa1,Sierra Madre Sparrow,aves
belfly1,Belted Flycatcher,aves
pilfly1,Pileated Flycatcher,aves
tersan,Terek Sandpiper,aves
1126478,Xerophyllopteryx martinicensis,insecta
179992,Spotted Ground Squirrel,mammalia
179993,Round-tailed Ground Squirrel,mammalia
cugwoo1,Cuban Green Woodpecker,aves
whtwoo1,White-throated Woodcreeper,aves
mouwoo1,Moustached Woodcreeper,aves
grrwoo1,Great Rufous Woodcreeper,aves
stbwoo1,Strong-billed Woodcreeper,aves
whwcot1,White-winged Cotinga,aves
whtcot1,White-tailed Cotinga,aves
pomcot1,Pompadour Cotinga,aves
leswoo4,Ceara Woodcreeper,aves
elewoo1,Elegant Woodcreeper,aves
spowoo1,Spotted Woodcreeper,aves
ivbwoo1,Ivory-billed Woodcreeper,aves
leswoo2,Lesser Woodcreeper,aves
butwoo1,Buff-throated Woodcreeper,aves
blswoo1,Black-striped Woodcreeper,aves
strwoo2,Striped Woodcreeper,aves
ocewoo1,Ocellated Woodcreeper,aves
chrwoo1,Chestnut-rumped Woodcreeper,aves
spiwoo1,Spix's Woodcreeper,aves
cocwoo1,Cocoa Woodcreeper,aves
olbwoo1,Olive-backed Woodcreeper,aves
whimon1,White Monjita,aves
whrmon2,White-rumped Monjita,aves
51110,Eastern Carpenter Bee,insecta
775325,Australian Rhinoceros Beetle,insecta
740644,Ezo Spring Cicada,insecta
878514,Yezoterpnosia obscura,insecta
886337,Spring Cicada,insecta
628951,Adelaide Firetail,insecta
1394448,Southern Ticking Ambertail,insecta
1636853,Ngandaamga Ambertail,insecta
473975,Silver Princess,insecta
1394449,North Coast Ambertail,insecta
473983,Cumberland Ambertail,insecta
1609312,Sydney Ticking Ambertail,insecta
1394450,Delicate Ambertail,insecta
488487,Black Firetail,insecta
787001,Varied Ambertail,insecta
603455,Sydney treetop ticker,insecta
1394451,Fiery Ambertail,insecta
1123461,Mt Lofty Firetail,insecta
1636854,Armidale Ambertail,insecta
950205,Red Ringer,insecta
473977,Zipping Ambertail,insecta
1068194,Clicking Ambertail,insecta
950203,Wavering Firetail,insecta
950198,Brown Firetail,insecta
whnyuh1,White-naped Yuhina,aves
taiyuh1,Taiwan Yuhina,aves
whiyuh1,Whiskered Yuhina,aves
sttyuh1,Stripe-throated Yuhina,aves
buryuh1,Burmese Yuhina,aves
blcyuh1,Black-chinned Yuhina,aves
ruvyuh1,Rufous-vented Yuhina,aves
gycwoo1,Gray-capped Pygmy Woodpecker,aves
pygwoo1,Japanese Pygmy Woodpecker,aves
phiwoo1,Philippine Pygmy Woodpecker,aves
bncwoo2,Sunda Pygmy Woodpecker,aves
bncwoo3,Brown-capped Pygmy Woodpecker,aves
phiwoo3,Sulu Pygmy Woodpecker,aves
sulwoo2,Sulawesi Pygmy Woodpecker,aves
41740,California Sea Lion,mammalia
41738,Galápagos Sea Lion,mammalia
337316,Emerald Cicada,insecta
806889,Green shield cicada,insecta
rebmal2,Red-billed Malkoha,aves
whtblc1,Baudin's Black-Cockatoo,aves
ytbcoc1,Yellow-tailed Black-Cockatoo,aves
slbblc1,Carnaby's Black-Cockatoo,aves
brocra1,Brown Crake,aves
sthrai1,St. Helena Crake,aves
heicra1,Henderson Island Crake,aves
bltcra1,Black-tailed Crake,aves
blacra1,Black Crake,aves
rubcra1,Ruddy-breasted Crake,aves
koscra1,Kosrae Crake,aves
milrai1,Miller's Rail,aves
sakrai1,Sakalava Rail,aves
layrai,Laysan Rail,aves
litcra1,Little Crake,aves
babcra1,Band-bellied Crake,aves
baicra1,Baillon's Crake,aves
hawrai,Hawaiian Rail,aves
spocra2,Spotless Crake,aves
whccot1,White-cheeked Cotinga,aves
stbcro1,Ethiopian Bushcrow,aves
zigher1,Zigzag Heron,aves
wrenth1,Wrenthrush,aves
whwdov,White-winged Dove,aves
eardov1,Eared Dove,aves
zendov,Zenaida Dove,aves
galdov1,Galapagos Dove,aves
socdov1,Socorro Dove,aves
moudov,Mourning Dove,aves
wepdov1,West Peruvian Dove,aves
wfqdov1,White-faced Quail-Dove,aves
tuqdov1,Tuxtla Quail-Dove,aves
chqdov1,Chiriqui Quail-Dove,aves
bfqdov1,Buff-fronted Quail-Dove,aves
wtqdov1,White-throated Quail-Dove,aves
rcqdov1,Russet-crowned Quail-Dove,aves
pbqdov1,Purplish-backed Quail-Dove,aves
liqdov1,Lined Quail-Dove,aves
1145877,Amami Green Tree Frog,amphibia
923279,Farmland Green Flying Frog,amphibia
923294,Moltrecht's Green Tree Frog,amphibia
923298,Emerald Green Tree Frog,amphibia
923353,Schlegel's Green Tree Frog,amphibia
923300,Taipei Green Tree Frog,amphibia
923354,Okinawa Green Tree Frog,amphibia
guityr1,Guianan Tyrannulet,aves
chotyr1,Choco Tyrannulet,aves
boltyr1,Bolivian Tyrannulet,aves
chityr1,Chico's Tyrannulet,aves
goftyr1,Golden-faced Tyrannulet,aves
rebtyr2,Red-billed Tyrannulet,aves
slftyr1,Slender-footed Tyrannulet,aves
paltyr4,Spectacled Tyrannulet,aves
paltyr3,Mistletoe Tyrannulet,aves
paltyr5,Venezuelan Tyrannulet,aves
paltyr2,Guatemalan Tyrannulet,aves
mistyr1,Mishana Tyrannulet,aves
pertyr1,Peruvian Tyrannulet,aves
forbit1,Forest Bittern,aves
rucdot1,Rufous-chested Dotterel,aves
whtspa,White-throated Sparrow,aves
gocspa,Golden-crowned Sparrow,aves
rucspa1,Rufous-collared Sparrow,aves
whcspa,White-crowned Sparrow,aves
harspa,Harris's Sparrow,aves
malspi1,Madagascar Spinetail,aves
whrnee1,White-rumped Spinetail,aves
satspi1,Sao Tome Spinetail,aves
sunthr1,Sunda Thrush,aves
bouthr1,Bougainville Thrush,aves
scathr2,White's Thrush,aves
scathr8,Scaly Thrush,aves
lotthr1,Long-tailed Thrush,aves
evethr1,Everett's Thrush,aves
sicthr1,Sichuan Thrush,aves
rutthr1,Russet-tailed Thrush,aves
geomal1,Geomalia,aves
scathr5,Sri Lanka Thrush,aves
oltthr1,Bassian Thrush,aves
fabthr1,Fawn-breasted Thrush,aves
scathr6,Amami Thrush,aves
sacthr2,Makira Thrush,aves
dasthr1,Dark-sided Thrush,aves
alpthr1,Alpine Thrush,aves
lobthr1,Long-billed Thrush,aves
scathr4,Nilgiri Thrush,aves
himthr1,Himalayan Thrush,aves
nebthr1,New Britain Thrush,aves
bonthr2,Bonin Thrush,aves
sacthr3,Guadalcanal Thrush,aves
wbweye1,Abyssinian White-eye,aves
wcweye1,White-chested White-eye,aves
aldwhe1,Aldabra White-eye,aves
afywhe4,Southern Yellow White-eye,aves
bkrwhe1,Black-ringed White-eye,aves
bkcwhe1,Black-capped White-eye,aves
crtwhe1,Cream-throated White-eye,aves
bcweye2,Black-crowned White-eye,aves
humwhe1,Hume's White-eye,aves
maswhe2,Reunion Gray White-eye,aves
fepspe1,Bioko Speirops,aves
burwhe1,Buru White-eye,aves
ceywhe1,Sri Lanka White-eye,aves
yebwhe1,Lemon-bellied White-eye,aves
mauwhe1,Mauritius White-eye,aves
koswhe1,Kosrae White-eye,aves
asbwhe1,Ashy-bellied White-eye,aves
sulwhe1,Sulawesi White-eye,aves
brweye1,Bridled White-eye,aves
crtwhe2,Morotai White-eye,aves
mouble1,Mountain Black-eye,aves
cfweye1,Chestnut-flanked White-eye,aves
brrwhe8,Kilimanjaro White-eye,aves
evweye1,Everett's White-eye,aves
laweye1,Fiji White-eye,aves
satwhe2,Sao Tome White-eye,aves
satwhe1,Principe White-eye,aves
duweye1,Dusky White-eye,aves
yfweye1,Yellow-fronted White-eye,aves
whbwhe3,Pale White-eye,aves
lebwhe2,Wakatobi White-eye,aves
jaweye2,Javan White-eye,aves
capwhe3,Capped White-eye,aves
vanwhe1,Vanikoro White-eye,aves
grkwhe1,Kai Besar White-eye,aves
loweye1,Louisiade White-eye,aves
anweye1,Annobon White-eye,aves
gytwhe2,Bougainville White-eye,aves
plweye1,Plain White-eye,aves
bhweye1,Black-headed White-eye,aves
llweye1,Large Lifou White-eye,aves
warwhe1,Warbling White-eye,aves
kafwhe1,Kafa White-eye,aves
noywhe2,Angola White-eye,aves
brrwhe3,Kikuyu White-eye,aves
kirwhe1,Kirk's White-eye,aves
ambwhe1,Ambon White-eye,aves
soiwhe2,Solomons White-eye,aves
saweye2,Sanford's White-eye,aves
silver3,Silvereye,aves
prispe1,Principe Speirops,aves
blcspe1,Black-capped Speirops,aves
spweye2,Splendid White-eye,aves
ayweye3,Australian Yellow White-eye,aves
madwhe1,Malagasy White-eye,aves
maswhe3,Mauritius Gray White-eye,aves
maywhe1,Mayotte White-eye,aves
brrwhe9,Mbulu White-eye,aves
wtweye1,Tagula White-eye,aves
camspe1,Cameroon Speirops,aves
sanwhe2,Sangkar White-eye,aves
merwhe1,Meratus White-eye,aves
ytweye1,Yellow-throated White-eye,aves
loweye2,Lowland White-eye,aves
bfweye1,Black-fronted White-eye,aves
slweye1,Small Lifou White-eye,aves
seywhe1,Seychelles White-eye,aves
coweye1,Comoro White-eye,aves
kulwhe1,Kolombangara White-eye,aves
biweye1,Biak White-eye,aves
ciweye2,Christmas Island White-eye,aves
sanwhe1,Sangihe White-eye,aves
yelwhe1,Yellowish White-eye,aves
ngweye1,New Guinea White-eye,aves
gytwhe4,Guadalcanal White-eye,aves
yapwhe1,Yap White-eye,aves
reuwhe1,Reunion White-eye,aves
capwhe6,Orange River White-eye,aves
indwhe1,Indian White-eye,aves
wawwhe1,Wangi-wangi White-eye,aves
brrwhe6,Ethiopian white-eye,aves
pohwhe1,Pohnpei White-eye,aves
gytwhe5,Makira White-eye,aves
reweye1,Rennell White-eye,aves
rotwhe1,Rota White-eye,aves
saweye1,Samoan White-eye,aves
sacwhe1,Santa Cruz White-eye,aves
marwhe1,Marianne White-eye,aves
ciweye1,Caroline Islands White-eye,aves
ayweye1,Northern Yellow White-eye,aves
brrwhe4,Taita White-eye,aves
swiwhe1,Swinhoe's White-eye,aves
abywhe1,Socotra White-eye,aves
togwhe1,Togian White-eye,aves
gaweye1,Ranongga White-eye,aves
serwhe1,Seram White-eye,aves
afywhe1,Forest White-eye,aves
robwhe1,Robust White-eye,aves
maweye2,Malaita White-eye,aves
afywhe3,Green White-eye,aves
beweye1,Bare-eyed White-eye,aves
sbweye1,Slender-billed White-eye,aves
soiwhe3,Dark-eyed White-eye,aves
likwhe1,Kai Kecil White-eye,aves
peweye1,Pemba White-eye,aves
baweye2,Banded White-eye,aves
capwhe2,Cape White-eye,aves
brrwhe10,South Pare White-eye,aves
gnbwhe1,Green-backed White-eye,aves
pasbab1,Palawan Striped-Babbler,aves
pasbab2,Panay Striped-Babbler,aves
nesbab1,Negros Striped-Babbler,aves
lusbab1,Luzon Striped-Babbler,aves
chfbab1,Chestnut-faced Babbler,aves
